Date,Route,Truck_ID,Distance,Fuel_Cost,Status,Driver_Rating,Revenue_EUR,Maintenance_Cost,Weather_Condition,Delay_Penalty,Vehicle_Health_Score_pct
2025-11-24,Warsaw to Berlin,TRK_0008,1028.3,440.56,Delayed,4.4,1281.58,77.0,Clear,85.07,41.0
2025-09-16,Warsaw to Berlin,TRK_0039,1010.1,537.0,On-Time,3.6,1375.6,106.28,Rain,0.0,76.0
2025-06-24,Prague to Vienna,TRK_0018,364.3,173.79,On-Time,3.4,460.05,42.77,Clear,0.0,78.3
2025-10-02,Zurich to Munich,TRK_0008,942.4,495.12,On-Time,4.7,1460.88,88.98,Clear,0.0,73.3
2026-01-31,Berlin to Prague,TRK_0019,480.5,247.82,On-Time,4.6,597.61,52.3,Snow,0.0,76.2
2025-12-16,Berlin to Prague,TRK_0042,469.1,221.71,Delayed,3.4,772.97,82.2,Rain,196.38,86.5
2026-02-02,Vienna to Budapest,TRK_0004,1144.7,585.37,Delayed,4.8,1719.43,90.38,Rain,191.42,53.9
2025-11-26,Prague to Vienna,TRK_0030,366.2,170.73,On-Time,4.0,574.88,56.94,Rain,0.0,97.8
2025-03-12,Berlin to Hamburg,TRK_0033,471.9,191.56,On-Time,4.5,526.56,21.67,Fog,0.0,68.5
2025-08-28,Budapest to Bucharest,TRK_0034,660.7,315.5,On-Time,4.2,914.34,43.02,Snow,0.0,33.1
2025-08-11,Berlin to Hamburg,TRK_0011,467.6,249.76,On-Time,4.4,714.31,26.17,Snow,0.0,86.4
2025-09-17,Vienna to Budapest,TRK_0039,1070.5,557.38,On-Time,3.8,1226.65,49.04,Clear,0.0,33.2
2025-07-05,Vienna to Budapest,TRK_0020,1060.0,609.55,Delayed,3.7,1395.86,94.86,Rain,101.83,59.7
2025-10-09,Budapest to Bucharest,TRK_0011,632.7,344.66,On-Time,4.4,1067.35,89.86,Fog,0.0,97.6
2025-11-29,Berlin to Hamburg,TRK_0024,511.7,235.09,Delayed,2.6,686.49,76.79,Clear,92.07,71.1
2025-04-28,Zurich to Munich,TRK_0005,909.3,428.41,On-Time,3.7,1242.82,90.95,Fog,0.0,42.7
2025-08-31,Vienna to Budapest,TRK_0027,1064.0,522.68,On-Time,4.7,1186.7,83.61,Clear,0.0,29.4
2026-01-08,Lyon to Milan,TRK_0022,940.8,407.69,On-Time,3.6,1044.55,41.23,Clear,0.0,57.3
2025-10-09,Warsaw to Berlin,TRK_0007,1019.3,455.0,Delayed,4.4,1140.82,57.67,Fog,116.34,54.3
2025-01-31,Krakow to Bratislava,TRK_0011,549.2,283.21,On-Time,3.2,879.53,91.7,Fog,0.0,36.3
2025-06-01,Warsaw to Berlin,TRK_0014,1011.9,522.63,Delayed,4.0,1491.43,104.54,Rain,89.67,62.1
2025-04-06,Amsterdam to Brussels,TRK_0005,434.4,224.88,On-Time,3.9,663.98,19.17,Clear,0.0,55.6
2025-10-26,Hamburg to Amsterdam,TRK_0037,1083.7,517.44,On-Time,3.2,1226.41,82.78,Fog,0.0,48.1
2026-01-20,Warsaw to Berlin,TRK_0005,999.8,594.29,Delayed,3.0,1512.33,112.99,Clear,229.48,52.0
2025-03-22,Milan to Zurich,TRK_0029,440.9,225.1,On-Time,3.8,690.66,73.23,Clear,0.0,93.5
2025-03-10,Berlin to Prague,TRK_0017,482.1,231.52,On-Time,3.0,612.54,87.19,Snow,0.0,61.9
2025-05-09,Berlin to Prague,TRK_0004,470.2,224.64,On-Time,2.8,780.34,31.97,Fog,0.0,65.3
2025-08-07,Warsaw to Berlin,TRK_0036,965.0,536.9,Delayed,2.6,1438.88,73.02,Fog,101.67,47.5
2026-02-12,Zurich to Munich,TRK_0003,940.4,493.16,On-Time,3.9,1645.74,117.25,Rain,0.0,92.6
2025-05-02,Lyon to Milan,TRK_0011,936.2,450.24,On-Time,3.3,1535.35,99.23,Rain,0.0,44.5
2026-02-08,Berlin to Prague,TRK_0045,458.5,199.78,On-Time,4.8,530.33,101.16,Rain,0.0,41.3
2025-12-04,Krakow to Bratislava,TRK_0013,568.1,326.93,On-Time,4.1,889.11,118.02,Snow,0.0,93.6
2025-03-01,Prague to Vienna,TRK_0017,378.0,186.12,On-Time,3.4,599.75,60.82,Clear,0.0,53.1
2025-10-23,Budapest to Bucharest,TRK_0013,602.3,291.01,On-Time,4.2,995.94,92.39,Rain,0.0,51.6
2025-02-05,Zurich to Munich,TRK_0043,937.8,468.51,On-Time,3.3,1219.1,57.88,Fog,0.0,75.9
2025-10-11,Vienna to Budapest,TRK_0009,1100.2,609.98,On-Time,4.0,1580.6,72.53,Clear,0.0,47.2
2025-04-18,Lyon to Milan,TRK_0028,915.3,459.13,On-Time,3.0,1292.52,109.62,Rain,0.0,73.1
2025-05-26,Brussels to Paris,TRK_0033,1055.9,527.27,On-Time,4.2,1313.97,35.91,Clear,0.0,28.4
2025-09-01,Milan to Zurich,TRK_0040,450.8,234.21,On-Time,4.3,632.17,56.96,Rain,0.0,72.9
2025-01-03,Milan to Zurich,TRK_0049,450.9,197.99,Delayed,4.9,568.89,20.27,Rain,235.97,33.9
2025-03-10,Brussels to Paris,TRK_0030,1045.2,498.72,On-Time,3.6,1625.58,108.66,Fog,0.0,85.6
2025-10-08,Zurich to Munich,TRK_0029,921.5,481.37,On-Time,4.6,1232.55,96.66,Fog,0.0,70.8
2025-05-21,Berlin to Prague,TRK_0029,473.9,210.81,On-Time,2.7,505.12,55.22,Rain,0.0,76.6
2025-02-02,Krakow to Bratislava,TRK_0027,568.2,252.0,On-Time,3.5,806.59,114.34,Clear,0.0,87.5
2026-01-27,Krakow to Bratislava,TRK_0037,576.7,297.22,On-Time,4.7,976.8,71.51,Rain,0.0,60.6
2025-05-20,Berlin to Hamburg,TRK_0028,468.8,228.2,On-Time,2.9,640.7,28.4,Clear,0.0,91.2
2025-10-31,Brussels to Paris,TRK_0037,992.7,464.8,On-Time,2.6,1251.63,37.22,Snow,0.0,49.6
2025-07-14,Lyon to Milan,TRK_0018,949.0,484.78,On-Time,4.4,1099.34,114.95,Rain,0.0,72.5
2026-02-04,Warsaw to Berlin,TRK_0042,1029.5,520.7,Delayed,2.9,1230.98,85.29,Rain,159.06,43.7
2025-07-08,Amsterdam to Brussels,TRK_0011,458.9,218.77,On-Time,4.9,512.04,17.7,Snow,0.0,67.0
2025-07-12,Paris to Lyon,TRK_0026,1074.6,569.67,On-Time,4.2,1476.62,86.85,Clear,0.0,83.1
2025-10-17,Warsaw to Krakow,TRK_0003,602.0,279.07,On-Time,2.5,766.35,66.47,Fog,0.0,95.1
2025-11-22,Paris to Lyon,TRK_0030,1069.6,486.69,On-Time,4.0,1652.56,96.34,Fog,0.0,56.8
2026-01-10,Budapest to Bucharest,TRK_0038,619.8,309.52,On-Time,3.6,982.92,74.83,Fog,0.0,49.6
2025-09-11,Prague to Vienna,TRK_0021,374.5,168.67,On-Time,4.0,564.06,73.36,Rain,0.0,31.2
2026-01-04,Berlin to Hamburg,TRK_0027,494.7,226.55,On-Time,3.6,503.49,45.89,Fog,0.0,75.5
2025-06-06,Amsterdam to Brussels,TRK_0043,448.1,214.69,On-Time,3.9,570.51,62.64,Snow,0.0,43.4
2025-03-03,Vienna to Budapest,TRK_0047,1088.5,609.03,On-Time,3.0,1924.65,44.03,Snow,0.0,96.6
2025-04-10,Vienna to Budapest,TRK_0019,1093.6,531.04,Delayed,2.6,1205.93,45.67,Rain,188.44,80.0
2025-02-22,Amsterdam to Brussels,TRK_0001,444.2,209.2,On-Time,3.1,694.59,26.98,Clear,0.0,54.3
2025-02-07,Brussels to Paris,TRK_0037,1061.4,506.91,On-Time,2.7,1278.76,73.6,Fog,0.0,69.3
2026-02-09,Vienna to Budapest,TRK_0040,1139.6,584.44,On-Time,4.0,1611.58,74.71,Clear,0.0,69.5
2026-01-14,Lyon to Milan,TRK_0007,881.5,415.26,Delayed,2.9,954.09,15.28,Fog,197.19,59.3
2025-01-17,Budapest to Bucharest,TRK_0015,644.1,325.74,On-Time,4.8,1050.24,80.63,Rain,0.0,56.0
2025-10-06,Brussels to Paris,TRK_0015,1005.4,433.1,Delayed,4.5,1287.85,101.55,Snow,154.66,59.2
2025-06-05,Krakow to Bratislava,TRK_0045,603.6,294.38,Delayed,2.6,812.97,48.84,Snow,84.4,41.7
2025-12-12,Amsterdam to Brussels,TRK_0037,474.5,265.98,On-Time,2.6,846.65,64.4,Fog,0.0,91.9
2025-04-03,Krakow to Bratislava,TRK_0038,585.8,262.9,On-Time,3.3,807.41,105.06,Snow,0.0,55.1
2025-09-11,Brussels to Paris,TRK_0019,1088.4,573.95,On-Time,3.3,1503.9,116.87,Fog,0.0,88.1
2026-02-27,Brussels to Paris,TRK_0001,1080.5,477.96,On-Time,4.1,1361.25,61.41,Clear,0.0,39.9
2025-10-09,Zurich to Munich,TRK_0009,933.8,493.05,Delayed,4.1,1597.04,89.53,Snow,173.64,65.3
2025-02-17,Milan to Zurich,TRK_0015,457.1,204.88,On-Time,3.7,641.6,68.43,Snow,0.0,55.3
2025-09-05,Vienna to Budapest,TRK_0031,1104.2,466.82,On-Time,4.4,1109.85,22.33,Fog,0.0,49.8
2026-02-08,Budapest to Bucharest,TRK_0033,651.2,290.81,On-Time,5.0,824.89,30.6,Fog,0.0,50.2
2025-10-10,Hamburg to Amsterdam,TRK_0049,1090.4,625.35,On-Time,3.1,1687.11,104.88,Fog,0.0,28.2
2026-01-17,Paris to Lyon,TRK_0031,1153.8,600.32,On-Time,4.1,1439.41,116.31,Rain,0.0,61.7
2025-10-30,Milan to Zurich,TRK_0022,421.5,204.41,On-Time,2.5,488.01,106.45,Rain,0.0,30.5
2026-02-05,Warsaw to Krakow,TRK_0017,607.4,266.27,On-Time,4.2,770.51,115.18,Fog,0.0,88.7
2025-01-19,Berlin to Prague,TRK_0040,451.7,220.13,On-Time,2.7,764.26,94.84,Clear,0.0,57.4
2025-12-22,Zurich to Munich,TRK_0020,909.1,389.9,On-Time,3.6,981.56,58.27,Rain,0.0,37.4
2025-02-10,Milan to Zurich,TRK_0040,433.8,220.32,On-Time,3.1,667.41,63.25,Clear,0.0,90.6
2025-08-27,Brussels to Paris,TRK_0019,1046.9,502.62,On-Time,3.2,1734.36,87.48,Fog,0.0,86.7
2025-04-12,Milan to Zurich,TRK_0025,438.3,204.31,On-Time,5.0,527.9,117.68,Fog,0.0,45.0
2025-10-17,Lyon to Milan,TRK_0044,930.2,417.07,On-Time,4.8,1072.73,98.88,Snow,0.0,41.0
2025-04-08,Budapest to Bucharest,TRK_0040,642.2,339.08,On-Time,4.1,1144.2,82.87,Snow,0.0,82.6
2025-01-18,Warsaw to Krakow,TRK_0038,613.9,261.63,On-Time,2.9,620.54,71.64,Snow,0.0,63.8
2025-05-20,Budapest to Bucharest,TRK_0011,657.1,384.39,On-Time,4.7,1247.54,64.17,Clear,0.0,35.3
2025-04-26,Paris to Lyon,TRK_0044,1127.3,573.85,On-Time,2.7,1556.82,42.77,Clear,0.0,58.2
2025-12-11,Brussels to Paris,TRK_0048,1017.2,496.48,On-Time,4.2,1396.56,80.05,Snow,0.0,91.8
2025-04-24,Berlin to Prague,TRK_0042,470.3,236.67,On-Time,2.8,534.63,18.91,Fog,0.0,33.5
2025-05-01,Prague to Vienna,TRK_0035,370.8,191.15,On-Time,3.9,566.48,91.29,Fog,0.0,72.8
2025-09-08,Krakow to Bratislava,TRK_0040,603.4,290.51,On-Time,3.6,728.29,53.08,Snow,0.0,64.7
2025-11-27,Warsaw to Berlin,TRK_0023,993.8,418.74,On-Time,3.6,1282.01,82.38,Clear,0.0,28.7
2025-06-20,Prague to Vienna,TRK_0016,385.8,187.26,On-Time,4.0,609.9,39.46,Rain,0.0,82.6
2025-11-02,Budapest to Bucharest,TRK_0001,653.6,272.87,On-Time,2.9,834.81,17.71,Clear,0.0,51.2
2026-02-08,Amsterdam to Brussels,TRK_0016,446.0,184.5,On-Time,3.8,584.75,65.01,Snow,0.0,62.5
2025-02-25,Hamburg to Amsterdam,TRK_0029,1073.3,561.08,On-Time,4.1,1454.39,82.55,Clear,0.0,29.4
2025-09-03,Krakow to Bratislava,TRK_0026,588.8,309.61,Delayed,2.7,925.98,21.9,Snow,186.13,67.7
2025-12-31,Krakow to Bratislava,TRK_0021,606.6,295.51,On-Time,2.7,919.72,104.54,Rain,0.0,56.4
2025-04-27,Warsaw to Krakow,TRK_0027,619.6,308.85,On-Time,3.3,781.81,115.13,Fog,0.0,29.9
2025-02-13,Krakow to Bratislava,TRK_0006,554.7,302.41,On-Time,4.0,886.08,49.61,Clear,0.0,55.0
2025-12-07,Krakow to Bratislava,TRK_0049,599.3,334.81,On-Time,3.4,988.12,37.34,Fog,0.0,41.4
2025-02-25,Milan to Zurich,TRK_0023,441.5,188.67,On-Time,3.6,552.66,95.58,Clear,0.0,69.5
2025-12-03,Budapest to Bucharest,TRK_0045,601.3,292.95,On-Time,3.4,713.58,30.04,Fog,0.0,30.1
2026-01-15,Warsaw to Berlin,TRK_0041,963.0,462.03,On-Time,2.9,1203.65,49.06,Clear,0.0,89.5
2025-03-21,Lyon to Milan,TRK_0011,918.7,445.35,On-Time,3.7,1235.69,43.68,Clear,0.0,50.2
2025-02-26,Brussels to Paris,TRK_0019,1060.6,533.0,Delayed,3.5,1587.87,15.81,Snow,240.71,81.0
2026-01-27,Budapest to Bucharest,TRK_0017,620.2,282.58,Delayed,3.5,880.17,67.53,Snow,92.25,87.9
2025-01-22,Warsaw to Berlin,TRK_0028,1000.0,426.44,On-Time,3.5,1293.04,45.4,Fog,0.0,26.5
2025-06-16,Lyon to Milan,TRK_0011,948.6,475.89,On-Time,3.6,1112.45,60.75,Fog,0.0,63.2
2025-07-22,Paris to Lyon,TRK_0020,1090.2,479.62,On-Time,2.8,1373.12,110.12,Snow,0.0,50.6
2026-02-24,Milan to Zurich,TRK_0042,423.5,179.62,Delayed,2.9,572.43,22.91,Fog,158.87,66.2
2025-10-24,Brussels to Paris,TRK_0029,1086.2,552.02,On-Time,4.7,1664.55,30.85,Clear,0.0,59.2
2025-11-20,Lyon to Milan,TRK_0020,887.5,391.14,On-Time,3.6,889.44,102.33,Clear,0.0,72.1
2025-02-16,Amsterdam to Brussels,TRK_0040,454.3,222.29,On-Time,4.7,619.0,100.03,Rain,0.0,48.5
2025-09-01,Prague to Vienna,TRK_0033,392.2,200.78,On-Time,5.0,463.73,82.84,Clear,0.0,43.1
2025-08-13,Hamburg to Amsterdam,TRK_0029,1106.5,486.99,On-Time,3.5,1285.59,77.78,Snow,0.0,29.8
2025-02-18,Brussels to Paris,TRK_0036,1030.2,507.61,On-Time,4.0,1215.97,23.56,Rain,0.0,91.9
2025-06-08,Paris to Lyon,TRK_0042,1126.0,524.83,Delayed,3.9,1593.67,49.49,Rain,193.92,85.5
2026-01-14,Zurich to Munich,TRK_0044,956.5,475.02,On-Time,3.4,1156.36,37.49,Fog,0.0,39.0
2025-03-12,Berlin to Prague,TRK_0010,454.5,236.47,On-Time,4.3,682.1,84.5,Rain,0.0,68.6
2025-03-20,Prague to Vienna,TRK_0011,387.4,212.54,Delayed,3.6,581.11,86.02,Rain,244.83,69.6
2026-01-21,Lyon to Milan,TRK_0048,903.4,428.03,On-Time,3.7,1406.36,53.62,Fog,0.0,58.7
2025-05-25,Krakow to Bratislava,TRK_0050,578.2,259.07,On-Time,4.0,863.97,20.48,Fog,0.0,88.8
2025-10-11,Paris to Lyon,TRK_0007,1146.3,578.26,On-Time,3.2,1952.73,30.47,Fog,0.0,31.7
2025-04-24,Zurich to Munich,TRK_0029,939.7,375.05,On-Time,3.1,1310.01,54.37,Clear,0.0,48.3
2025-02-20,Brussels to Paris,TRK_0046,1024.8,419.81,On-Time,3.7,1377.16,94.68,Fog,0.0,57.7
2025-01-03,Warsaw to Berlin,TRK_0006,979.5,518.69,On-Time,3.8,1216.09,45.25,Snow,0.0,33.9
2025-05-03,Brussels to Paris,TRK_0027,1072.6,479.64,On-Time,4.0,1065.46,69.11,Rain,0.0,77.5
2025-05-30,Warsaw to Berlin,TRK_0028,1015.5,459.69,On-Time,2.7,1593.77,22.11,Clear,0.0,53.5
2025-08-29,Brussels to Paris,TRK_0003,1030.2,512.23,On-Time,2.7,1287.47,84.0,Clear,0.0,81.3
2026-01-12,Warsaw to Krakow,TRK_0049,578.0,264.42,On-Time,4.6,817.08,117.99,Fog,0.0,71.1
2026-02-20,Berlin to Prague,TRK_0009,474.0,231.46,On-Time,4.5,775.74,48.14,Snow,0.0,62.6
2026-02-22,Berlin to Hamburg,TRK_0035,479.9,232.7,On-Time,4.5,773.85,49.85,Clear,0.0,83.4
2025-08-12,Paris to Lyon,TRK_0026,1101.3,573.8,On-Time,4.2,1536.38,98.72,Snow,0.0,83.5
2026-01-08,Berlin to Prague,TRK_0028,460.8,234.29,On-Time,2.8,615.31,46.04,Fog,0.0,69.0
2025-08-07,Paris to Lyon,TRK_0011,1101.8,554.97,On-Time,4.0,1534.73,82.14,Clear,0.0,30.5
2025-11-23,Warsaw to Krakow,TRK_0026,600.8,289.25,Delayed,4.6,891.33,61.01,Rain,91.43,81.8
2025-07-07,Krakow to Bratislava,TRK_0024,604.0,246.53,On-Time,3.4,684.64,23.07,Rain,0.0,63.7
2025-07-23,Brussels to Paris,TRK_0021,1018.9,498.07,On-Time,3.8,1687.26,27.36,Snow,0.0,76.4
2025-04-20,Budapest to Bucharest,TRK_0040,643.2,328.6,Delayed,2.7,796.68,89.9,Clear,217.79,95.6
2025-06-13,Warsaw to Krakow,TRK_0043,612.6,290.15,On-Time,2.9,905.97,88.52,Rain,0.0,82.9
2025-09-18,Berlin to Prague,TRK_0015,486.5,240.06,On-Time,3.4,706.73,64.08,Rain,0.0,69.7
2025-02-14,Budapest to Bucharest,TRK_0005,624.6,318.34,On-Time,3.5,938.27,28.16,Snow,0.0,71.9
2025-08-19,Brussels to Paris,TRK_0030,1043.8,497.32,On-Time,4.0,1590.49,28.55,Clear,0.0,85.7
2025-09-23,Budapest to Bucharest,TRK_0010,609.8,297.59,On-Time,4.9,1000.92,103.82,Snow,0.0,39.3
2025-10-10,Prague to Vienna,TRK_0018,379.7,175.14,On-Time,4.0,517.51,32.98,Snow,0.0,86.5
2025-10-16,Milan to Zurich,TRK_0003,455.0,218.97,On-Time,3.2,541.74,75.07,Clear,0.0,61.4
2025-11-18,Budapest to Bucharest,TRK_0035,640.0,283.99,On-Time,3.5,792.22,87.3,Rain,0.0,57.1
2025-09-05,Vienna to Budapest,TRK_0030,1091.3,524.96,On-Time,5.0,1390.61,56.87,Snow,0.0,62.6
2025-02-24,Vienna to Budapest,TRK_0021,1105.3,486.81,Delayed,3.2,1314.09,79.61,Rain,243.66,90.9
2026-02-21,Zurich to Munich,TRK_0021,961.4,472.78,On-Time,3.8,1346.66,47.4,Clear,0.0,31.6
2025-07-21,Berlin to Hamburg,TRK_0033,515.0,228.83,Delayed,3.7,765.9,83.7,Fog,128.58,25.6
2025-02-25,Prague to Vienna,TRK_0028,389.3,209.88,On-Time,3.5,617.33,35.44,Snow,0.0,30.4
2025-09-16,Lyon to Milan,TRK_0029,912.5,489.13,On-Time,2.8,1137.56,54.19,Snow,0.0,65.7
2025-07-07,Prague to Vienna,TRK_0049,363.7,177.94,Delayed,2.8,468.51,64.74,Fog,105.32,90.2
2025-03-13,Zurich to Munich,TRK_0021,964.8,477.11,On-Time,3.2,1258.28,101.97,Fog,0.0,76.7
2025-06-03,Milan to Zurich,TRK_0031,417.8,181.51,On-Time,3.3,611.4,106.57,Clear,0.0,68.6
2025-05-16,Lyon to Milan,TRK_0042,950.9,447.46,Delayed,3.7,1289.36,90.72,Fog,105.12,74.7
2025-01-17,Paris to Lyon,TRK_0037,1064.8,447.57,Delayed,4.2,1223.43,96.37,Fog,228.38,78.7
2025-02-01,Prague to Vienna,TRK_0046,375.7,203.84,On-Time,3.4,701.96,63.26,Snow,0.0,64.9
2025-12-13,Milan to Zurich,TRK_0050,448.7,234.51,On-Time,3.0,591.08,73.6,Rain,0.0,93.7
2025-06-02,Budapest to Bucharest,TRK_0050,643.9,326.98,On-Time,3.9,1116.58,90.77,Snow,0.0,33.9
2025-12-13,Krakow to Bratislava,TRK_0035,600.9,277.93,On-Time,2.9,626.65,115.31,Clear,0.0,50.3
2025-08-15,Budapest to Bucharest,TRK_0042,646.6,314.4,On-Time,3.9,802.7,26.47,Rain,0.0,42.7
2025-12-09,Vienna to Budapest,TRK_0034,1124.3,486.05,On-Time,2.8,1556.33,15.54,Rain,0.0,54.7
2025-09-01,Brussels to Paris,TRK_0031,1010.7,525.51,On-Time,4.8,1217.24,75.28,Clear,0.0,91.7
2025-03-31,Zurich to Munich,TRK_0027,986.2,480.57,On-Time,4.5,1173.65,93.65,Snow,0.0,89.0
2025-01-05,Amsterdam to Brussels,TRK_0020,458.7,237.45,On-Time,4.1,684.24,108.37,Rain,0.0,87.1
2025-08-28,Vienna to Budapest,TRK_0018,1143.2,561.19,On-Time,4.3,1244.89,50.4,Snow,0.0,66.4
2026-01-23,Prague to Vienna,TRK_0013,379.2,187.36,On-Time,3.3,509.82,25.02,Rain,0.0,59.9
2025-05-08,Budapest to Bucharest,TRK_0001,623.7,287.35,On-Time,4.0,846.17,42.46,Snow,0.0,75.6
2025-02-01,Berlin to Prague,TRK_0043,462.4,216.21,On-Time,4.7,692.04,87.48,Snow,0.0,51.8
2025-04-24,Prague to Vienna,TRK_0015,374.2,197.99,On-Time,4.3,670.52,94.52,Rain,0.0,80.6
2025-12-15,Amsterdam to Brussels,TRK_0049,470.9,206.4,On-Time,2.7,605.46,21.48,Rain,0.0,66.8
2025-03-18,Warsaw to Krakow,TRK_0011,621.3,309.88,On-Time,3.7,1043.85,61.78,Clear,0.0,58.1
2025-09-20,Berlin to Hamburg,TRK_0027,495.1,253.08,On-Time,2.6,640.49,15.32,Rain,0.0,67.2
2025-01-24,Warsaw to Krakow,TRK_0028,612.0,275.88,On-Time,5.0,776.24,45.14,Rain,0.0,81.1
2026-01-28,Paris to Lyon,TRK_0042,1124.2,590.61,On-Time,4.7,1995.55,54.44,Rain,0.0,72.7
2025-06-28,Prague to Vienna,TRK_0008,393.5,174.03,On-Time,4.6,553.94,117.74,Fog,0.0,74.2
2025-10-06,Hamburg to Amsterdam,TRK_0028,1090.7,496.73,Delayed,3.0,1657.97,95.38,Clear,217.61,55.6
2026-01-28,Vienna to Budapest,TRK_0002,1076.4,435.7,On-Time,4.3,986.11,92.76,Fog,0.0,57.0
2025-10-04,Lyon to Milan,TRK_0014,941.0,414.47,On-Time,4.5,1305.98,48.48,Snow,0.0,42.3
2025-03-15,Hamburg to Amsterdam,TRK_0043,1073.2,458.21,On-Time,4.7,1551.06,80.73,Fog,0.0,65.6
2025-01-25,Brussels to Paris,TRK_0023,1059.9,531.05,On-Time,2.9,1428.2,94.21,Fog,0.0,42.6
2025-04-26,Milan to Zurich,TRK_0020,448.1,252.41,On-Time,4.9,738.17,29.08,Rain,0.0,43.6
2025-06-19,Berlin to Prague,TRK_0042,483.6,234.27,On-Time,3.0,597.15,85.74,Clear,0.0,88.8
2025-04-07,Amsterdam to Brussels,TRK_0049,464.2,228.69,On-Time,3.3,787.64,16.61,Rain,0.0,95.2
2025-03-02,Lyon to Milan,TRK_0048,906.1,425.53,On-Time,4.8,1241.57,96.43,Fog,0.0,59.0
2025-11-29,Budapest to Bucharest,TRK_0023,616.0,301.46,Delayed,5.0,847.2,103.17,Rain,143.02,55.2
2025-10-16,Paris to Lyon,TRK_0015,1068.8,535.68,On-Time,3.5,1284.63,49.64,Fog,0.0,66.6
2025-05-06,Hamburg to Amsterdam,TRK_0032,1121.1,543.1,On-Time,4.9,1647.88,66.51,Rain,0.0,78.5
2025-06-30,Prague to Vienna,TRK_0011,383.3,201.72,On-Time,4.1,459.19,18.55,Clear,0.0,94.0
2025-12-09,Lyon to Milan,TRK_0004,863.2,397.31,Delayed,2.9,987.05,62.88,Clear,185.03,73.7
2025-11-12,Brussels to Paris,TRK_0031,1040.7,456.93,Delayed,3.8,1168.44,117.64,Clear,165.38,75.9
2025-08-09,Berlin to Prague,TRK_0012,483.4,225.4,On-Time,3.1,599.74,98.47,Clear,0.0,52.2
2025-07-27,Amsterdam to Brussels,TRK_0030,442.3,216.69,On-Time,2.7,756.07,83.24,Clear,0.0,31.8
2025-07-14,Hamburg to Amsterdam,TRK_0025,1101.4,575.85,Delayed,4.6,1749.65,49.78,Clear,232.11,92.1
2025-04-28,Zurich to Munich,TRK_0014,989.1,522.03,Delayed,2.7,1776.6,109.43,Clear,110.49,87.1
2025-01-09,Amsterdam to Brussels,TRK_0014,437.8,243.21,On-Time,3.2,713.37,74.5,Fog,0.0,74.4
2025-10-04,Krakow to Bratislava,TRK_0022,592.8,291.45,On-Time,3.8,1010.35,20.64,Fog,0.0,41.9
2025-02-08,Amsterdam to Brussels,TRK_0022,466.2,245.62,On-Time,2.6,627.64,119.22,Fog,0.0,41.7
2025-10-11,Krakow to Bratislava,TRK_0025,559.8,272.07,On-Time,3.2,685.72,22.72,Snow,0.0,36.3
2025-12-31,Prague to Vienna,TRK_0041,384.0,166.15,Delayed,3.3,443.27,43.33,Rain,94.84,56.5
2025-10-13,Hamburg to Amsterdam,TRK_0036,1093.8,464.32,Delayed,4.0,1217.34,55.45,Snow,150.35,81.9
2026-01-07,Zurich to Munich,TRK_0036,1001.0,462.68,On-Time,2.9,1179.65,43.18,Rain,0.0,29.6
2025-08-11,Krakow to Bratislava,TRK_0018,566.4,286.02,On-Time,4.3,813.6,79.75,Fog,0.0,32.8
2025-06-05,Krakow to Bratislava,TRK_0001,568.3,301.65,On-Time,3.3,983.41,105.25,Rain,0.0,46.9
2025-11-05,Vienna to Budapest,TRK_0045,1106.7,491.76,On-Time,4.3,1486.48,116.62,Rain,0.0,48.8
2025-05-24,Warsaw to Krakow,TRK_0026,576.8,290.72,On-Time,4.2,847.49,115.07,Fog,0.0,93.8
2025-04-18,Lyon to Milan,TRK_0029,889.1,480.65,On-Time,3.5,1369.42,81.5,Rain,0.0,43.4
2025-03-20,Krakow to Bratislava,TRK_0046,594.7,287.84,On-Time,3.5,822.82,111.64,Fog,0.0,64.7
2026-02-09,Paris to Lyon,TRK_0024,1151.8,582.14,Delayed,4.4,1778.37,52.28,Clear,175.75,72.1
2025-11-28,Lyon to Milan,TRK_0026,892.7,429.12,Delayed,3.1,1360.7,73.59,Rain,155.78,53.6
2026-01-31,Amsterdam to Brussels,TRK_0044,462.6,228.4,On-Time,3.2,775.81,24.01,Rain,0.0,50.4
2025-06-25,Lyon to Milan,TRK_0030,881.4,426.73,On-Time,4.2,1115.72,46.53,Clear,0.0,26.6
2025-06-25,Berlin to Prague,TRK_0042,472.2,233.34,On-Time,2.9,561.92,73.78,Fog,0.0,41.9
2025-07-27,Prague to Vienna,TRK_0041,363.2,179.82,On-Time,4.7,500.7,60.1,Clear,0.0,76.4
2025-04-16,Lyon to Milan,TRK_0018,926.5,489.34,On-Time,3.8,1309.24,35.69,Clear,0.0,44.2
2025-09-08,Brussels to Paris,TRK_0034,1022.6,476.8,Delayed,3.4,1332.76,33.12,Snow,236.18,68.1
2025-12-11,Warsaw to Krakow,TRK_0009,577.1,253.04,On-Time,3.8,694.27,29.48,Fog,0.0,55.9
2025-09-07,Hamburg to Amsterdam,TRK_0041,1125.4,622.09,On-Time,3.7,1482.06,48.03,Fog,0.0,70.2
2025-07-03,Berlin to Hamburg,TRK_0001,474.1,269.93,On-Time,3.7,834.11,58.64,Fog,0.0,60.7
2025-02-12,Warsaw to Berlin,TRK_0037,1033.7,430.55,On-Time,3.2,1384.2,74.39,Fog,0.0,65.1
2025-02-27,Berlin to Prague,TRK_0037,453.2,244.62,On-Time,4.4,779.85,61.34,Rain,0.0,97.3
2025-02-22,Milan to Zurich,TRK_0048,445.7,220.3,Delayed,3.2,731.59,24.13,Clear,211.86,42.3
2026-02-20,Amsterdam to Brussels,TRK_0048,462.6,249.19,On-Time,4.0,802.47,100.42,Clear,0.0,66.6
2025-09-30,Amsterdam to Brussels,TRK_0018,455.8,222.27,On-Time,3.2,736.92,118.48,Clear,0.0,34.9
2026-01-20,Zurich to Munich,TRK_0027,912.0,436.02,On-Time,2.8,1042.14,48.82,Rain,0.0,80.6
2025-12-13,Berlin to Hamburg,TRK_0026,474.4,244.34,On-Time,2.7,789.95,95.73,Fog,0.0,62.6
2025-05-23,Zurich to Munich,TRK_0045,990.0,477.39,On-Time,4.7,1576.02,24.78,Fog,0.0,71.3
2025-12-24,Milan to Zurich,TRK_0023,419.8,195.26,On-Time,3.0,497.74,101.98,Snow,0.0,65.0
2025-03-08,Milan to Zurich,TRK_0037,438.4,213.92,Delayed,2.7,688.62,63.26,Clear,238.0,36.5
2025-08-22,Krakow to Bratislava,TRK_0001,560.8,264.96,On-Time,2.9,904.19,43.77,Snow,0.0,43.3
2025-07-10,Zurich to Munich,TRK_0043,968.2,435.99,On-Time,4.4,1202.46,24.58,Clear,0.0,25.1
2025-09-02,Prague to Vienna,TRK_0005,378.5,183.63,Delayed,3.4,432.77,105.34,Rain,161.21,41.7
2025-02-15,Lyon to Milan,TRK_0047,871.9,438.14,Delayed,4.4,1392.89,28.98,Rain,91.63,66.1
2025-11-09,Prague to Vienna,TRK_0042,372.8,195.75,Delayed,3.5,605.36,105.3,Clear,232.42,35.2
2025-03-05,Paris to Lyon,TRK_0038,1095.2,568.6,Delayed,3.2,1313.19,73.11,Snow,212.42,75.4
2025-12-04,Vienna to Budapest,TRK_0020,1111.0,569.67,On-Time,2.6,1918.24,115.24,Fog,0.0,53.2
2025-05-04,Brussels to Paris,TRK_0032,1051.8,564.55,On-Time,4.8,1338.87,105.39,Fog,0.0,51.7
2025-12-16,Lyon to Milan,TRK_0012,905.4,449.45,On-Time,2.5,1114.85,111.87,Fog,0.0,62.0
2025-11-18,Hamburg to Amsterdam,TRK_0046,1133.5,533.74,On-Time,3.8,1280.17,23.78,Clear,0.0,62.3
2025-04-15,Hamburg to Amsterdam,TRK_0010,1084.9,567.38,On-Time,4.1,1477.02,60.94,Rain,0.0,29.2
2025-02-14,Berlin to Prague,TRK_0028,461.8,222.4,On-Time,4.4,523.81,89.33,Clear,0.0,37.0
2025-06-27,Hamburg to Amsterdam,TRK_0034,1135.2,543.97,Delayed,4.5,1386.79,108.07,Clear,136.95,56.3
2025-09-26,Budapest to Bucharest,TRK_0005,644.4,293.79,On-Time,3.4,837.15,74.52,Snow,0.0,36.5
2026-01-31,Zurich to Munich,TRK_0007,961.1,466.6,On-Time,2.6,1549.96,40.68,Fog,0.0,51.6
2025-03-18,Zurich to Munich,TRK_0012,997.9,462.55,On-Time,4.1,1152.61,41.07,Snow,0.0,44.8
2025-02-09,Warsaw to Krakow,TRK_0037,577.2,267.33,On-Time,3.8,604.09,57.1,Fog,0.0,88.2
2026-02-01,Warsaw to Krakow,TRK_0020,575.2,271.09,On-Time,4.5,857.04,40.47,Snow,0.0,68.2
2025-09-10,Lyon to Milan,TRK_0050,880.3,491.65,On-Time,2.5,1343.7,39.46,Snow,0.0,71.4
2025-12-22,Warsaw to Krakow,TRK_0001,570.1,307.54,On-Time,2.8,888.41,40.01,Fog,0.0,95.2
2025-03-14,Budapest to Bucharest,TRK_0046,605.3,348.06,On-Time,4.3,934.28,117.33,Clear,0.0,67.4
2025-09-16,Brussels to Paris,TRK_0009,1075.3,481.65,On-Time,4.9,1207.88,42.4,Snow,0.0,92.6
2025-07-21,Milan to Zurich,TRK_0045,449.3,201.21,Delayed,3.0,646.67,76.39,Rain,97.96,57.8
2025-06-10,Berlin to Prague,TRK_0027,465.7,236.66,On-Time,3.2,557.54,31.55,Snow,0.0,85.3
2025-12-23,Warsaw to Berlin,TRK_0039,975.4,478.99,On-Time,4.9,1300.51,20.14,Snow,0.0,44.0
2025-03-31,Krakow to Bratislava,TRK_0002,598.5,298.72,Delayed,2.8,965.45,27.75,Clear,221.16,96.7
2025-03-08,Milan to Zurich,TRK_0013,434.6,239.69,Delayed,4.0,813.19,22.87,Clear,113.62,72.2
2026-02-19,Berlin to Prague,TRK_0009,482.8,244.73,Delayed,3.7,591.85,75.26,Fog,164.34,52.9
2025-08-07,Warsaw to Krakow,TRK_0012,582.9,253.53,On-Time,2.6,761.84,40.81,Snow,0.0,61.4
2025-10-09,Warsaw to Berlin,TRK_0031,962.6,450.62,On-Time,4.5,1137.32,119.38,Clear,0.0,97.2
2026-02-05,Warsaw to Krakow,TRK_0046,598.8,301.27,On-Time,3.3,768.71,17.74,Rain,0.0,27.1
2026-02-20,Budapest to Bucharest,TRK_0050,603.1,328.49,On-Time,5.0,1138.6,25.51,Rain,0.0,44.5
2026-02-22,Warsaw to Berlin,TRK_0048,1030.5,561.31,On-Time,3.5,1917.3,119.11,Rain,0.0,37.9
2025-10-31,Lyon to Milan,TRK_0021,929.6,447.42,On-Time,3.4,1314.5,29.92,Rain,0.0,86.1
2026-02-19,Hamburg to Amsterdam,TRK_0032,1082.9,485.76,On-Time,3.0,1401.12,15.07,Rain,0.0,83.9
2025-06-24,Prague to Vienna,TRK_0046,390.7,198.34,Delayed,4.0,672.85,96.31,Snow,243.29,52.3
2025-12-06,Amsterdam to Brussels,TRK_0026,435.9,189.14,Delayed,4.9,610.81,115.87,Snow,109.61,95.7
2025-12-22,Lyon to Milan,TRK_0040,895.0,480.63,On-Time,4.3,1241.41,33.66,Clear,0.0,94.3
2025-10-21,Milan to Zurich,TRK_0026,460.7,225.73,On-Time,4.8,780.53,38.19,Clear,0.0,93.4
2025-03-14,Paris to Lyon,TRK_0022,1061.2,483.01,On-Time,4.9,1578.55,85.35,Snow,0.0,57.6
2025-05-16,Vienna to Budapest,TRK_0014,1130.4,563.22,On-Time,2.6,1559.94,59.06,Rain,0.0,89.6
2025-09-10,Warsaw to Krakow,TRK_0025,602.8,267.18,On-Time,4.1,826.47,32.08,Clear,0.0,83.3
2025-01-18,Warsaw to Berlin,TRK_0019,985.8,485.98,Delayed,3.4,1531.61,72.44,Clear,137.45,96.9
2025-09-05,Warsaw to Berlin,TRK_0046,997.1,513.91,On-Time,2.6,1351.8,117.31,Fog,0.0,75.9
2026-01-05,Hamburg to Amsterdam,TRK_0047,1078.1,475.39,Delayed,3.9,1564.89,31.13,Snow,80.65,31.4
2026-02-26,Brussels to Paris,TRK_0043,1052.4,435.52,Delayed,3.2,1004.53,103.6,Snow,213.43,59.4
2025-12-05,Berlin to Prague,TRK_0017,470.6,218.44,On-Time,3.0,493.24,61.17,Snow,0.0,41.5
2025-05-18,Warsaw to Berlin,TRK_0037,969.0,455.23,On-Time,4.5,1246.5,94.43,Rain,0.0,65.4
2025-07-18,Krakow to Bratislava,TRK_0034,604.9,333.6,On-Time,3.1,863.53,56.45,Clear,0.0,61.7
2025-09-22,Brussels to Paris,TRK_0037,1092.3,534.27,On-Time,4.9,1291.5,37.25,Rain,0.0,34.2
2025-08-05,Brussels to Paris,TRK_0006,1035.3,575.17,On-Time,3.1,1946.4,110.99,Clear,0.0,31.4
2025-10-12,Hamburg to Amsterdam,TRK_0026,1084.8,499.24,On-Time,4.5,1502.7,69.87,Fog,0.0,33.2
2025-03-18,Amsterdam to Brussels,TRK_0010,458.0,256.58,On-Time,3.9,598.16,45.04,Snow,0.0,89.1
2025-05-16,Brussels to Paris,TRK_0025,1040.5,473.74,On-Time,2.9,1417.08,87.83,Clear,0.0,53.9
2025-06-19,Vienna to Budapest,TRK_0045,1059.0,491.18,On-Time,3.3,1587.37,47.65,Fog,0.0,87.7
2025-12-17,Milan to Zurich,TRK_0007,427.1,208.69,On-Time,3.3,656.84,78.52,Clear,0.0,38.7
2025-04-19,Paris to Lyon,TRK_0027,1106.3,528.9,Delayed,4.5,1208.7,89.5,Fog,103.06,87.1
2025-10-19,Prague to Vienna,TRK_0002,363.5,203.04,On-Time,3.6,689.0,88.99,Snow,0.0,51.9
2025-08-26,Krakow to Bratislava,TRK_0033,585.8,238.3,On-Time,4.0,579.27,106.4,Snow,0.0,50.1
2025-05-13,Milan to Zurich,TRK_0048,447.3,203.4,Delayed,3.9,702.62,105.0,Rain,195.21,44.6
2025-07-29,Warsaw to Berlin,TRK_0033,1040.6,580.59,On-Time,2.8,1408.02,99.09,Rain,0.0,43.4
2026-02-17,Paris to Lyon,TRK_0020,1159.7,575.57,On-Time,3.4,1454.81,64.0,Fog,0.0,67.7
2025-01-04,Brussels to Paris,TRK_0033,1090.6,579.46,On-Time,3.2,1790.38,65.58,Snow,0.0,97.2
2025-11-24,Milan to Zurich,TRK_0021,429.2,235.8,On-Time,3.0,677.33,40.23,Clear,0.0,83.8
2026-02-15,Krakow to Bratislava,TRK_0039,587.3,311.04,On-Time,5.0,789.19,58.95,Fog,0.0,78.8
2025-10-26,Amsterdam to Brussels,TRK_0046,468.3,229.79,On-Time,4.1,647.65,113.77,Snow,0.0,62.0
2025-03-29,Zurich to Munich,TRK_0043,959.6,444.53,On-Time,4.3,1301.02,110.83,Snow,0.0,72.8
2025-04-24,Vienna to Budapest,TRK_0023,1136.1,560.52,On-Time,3.2,1447.41,104.38,Fog,0.0,28.9
2025-11-21,Amsterdam to Brussels,TRK_0038,474.2,225.26,On-Time,4.7,607.34,46.33,Clear,0.0,88.6
2025-03-19,Vienna to Budapest,TRK_0009,1091.6,635.59,On-Time,2.9,2110.87,33.94,Clear,0.0,60.6
2025-11-20,Warsaw to Krakow,TRK_0012,608.1,252.64,On-Time,2.9,806.89,66.41,Clear,0.0,34.4
2025-08-11,Krakow to Bratislava,TRK_0041,572.4,301.41,Delayed,3.0,809.3,16.48,Snow,208.66,63.8
2025-01-10,Warsaw to Berlin,TRK_0044,1016.7,486.25,On-Time,2.8,1312.2,76.81,Rain,0.0,29.8
2025-01-24,Budapest to Bucharest,TRK_0020,628.2,309.54,On-Time,4.2,734.83,119.59,Fog,0.0,51.2
2025-04-07,Zurich to Munich,TRK_0011,993.9,449.89,On-Time,2.8,1419.09,76.92,Rain,0.0,34.0
2025-12-31,Lyon to Milan,TRK_0042,866.0,436.55,On-Time,2.6,1524.91,84.51,Clear,0.0,28.5
2025-03-01,Berlin to Hamburg,TRK_0027,486.1,238.64,Delayed,4.2,720.55,46.62,Clear,192.62,44.7
2025-11-07,Prague to Vienna,TRK_0045,372.0,198.16,On-Time,3.2,638.11,67.26,Rain,0.0,81.8
2025-09-25,Warsaw to Krakow,TRK_0013,612.2,259.88,On-Time,3.0,886.99,49.71,Clear,0.0,25.9
2025-02-15,Milan to Zurich,TRK_0008,442.3,234.43,On-Time,2.7,736.26,110.0,Rain,0.0,58.3
2025-06-01,Berlin to Hamburg,TRK_0017,469.9,263.17,On-Time,3.4,810.51,59.73,Clear,0.0,31.9
2026-01-24,Warsaw to Berlin,TRK_0003,1039.3,492.32,On-Time,3.6,1481.07,107.24,Clear,0.0,52.2
2025-06-25,Berlin to Prague,TRK_0012,459.4,236.42,On-Time,4.6,765.97,83.13,Rain,0.0,33.3
2025-12-23,Warsaw to Berlin,TRK_0047,1052.3,510.68,On-Time,3.7,1501.21,61.01,Fog,0.0,81.9
2025-11-10,Milan to Zurich,TRK_0002,447.1,256.23,Delayed,4.8,601.33,58.18,Clear,90.77,72.8
2025-01-07,Milan to Zurich,TRK_0046,446.8,234.55,On-Time,4.9,720.26,50.52,Clear,0.0,56.6
2026-01-08,Berlin to Hamburg,TRK_0016,484.4,240.3,On-Time,3.9,837.24,20.73,Rain,0.0,61.9
2025-08-29,Milan to Zurich,TRK_0032,424.3,211.15,On-Time,3.2,603.68,72.8,Fog,0.0,54.4
2025-05-01,Berlin to Hamburg,TRK_0006,489.3,223.42,On-Time,3.3,776.36,93.25,Clear,0.0,32.5
2025-07-31,Hamburg to Amsterdam,TRK_0003,1109.4,613.7,On-Time,4.1,2060.28,74.04,Fog,0.0,94.4
2025-07-06,Milan to Zurich,TRK_0004,426.8,208.68,On-Time,3.7,637.37,90.17,Clear,0.0,32.1
2025-12-04,Warsaw to Berlin,TRK_0015,988.1,564.35,On-Time,3.8,1756.67,19.81,Rain,0.0,60.9
2026-02-25,Paris to Lyon,TRK_0046,1132.5,515.48,On-Time,4.8,1397.35,62.99,Rain,0.0,77.3
2025-02-25,Krakow to Bratislava,TRK_0049,551.8,286.64,Delayed,4.7,801.05,76.88,Rain,243.86,25.3
2026-01-12,Hamburg to Amsterdam,TRK_0004,1152.1,602.87,On-Time,4.8,1465.19,75.75,Rain,0.0,32.6
2025-12-03,Amsterdam to Brussels,TRK_0039,471.4,225.23,On-Time,4.8,718.73,43.73,Snow,0.0,95.8
2025-08-20,Prague to Vienna,TRK_0009,371.7,198.66,On-Time,4.3,659.34,89.75,Rain,0.0,39.7
2025-11-16,Budapest to Bucharest,TRK_0046,642.8,318.82,On-Time,4.9,775.1,71.96,Snow,0.0,76.9
2026-01-25,Hamburg to Amsterdam,TRK_0023,1101.8,564.08,On-Time,4.4,1857.97,45.02,Fog,0.0,84.0
2025-09-25,Warsaw to Berlin,TRK_0007,992.0,398.8,On-Time,4.5,1387.26,86.76,Rain,0.0,86.3
2025-12-20,Vienna to Budapest,TRK_0019,1137.1,527.72,Delayed,4.7,1668.3,105.81,Fog,120.39,82.3
2026-02-13,Budapest to Bucharest,TRK_0045,643.2,275.95,On-Time,4.5,852.88,116.41,Clear,0.0,25.9
2025-05-09,Amsterdam to Brussels,TRK_0013,470.7,245.49,On-Time,4.1,766.52,53.61,Rain,0.0,81.7
2025-04-10,Berlin to Hamburg,TRK_0019,476.1,227.24,Delayed,3.8,611.36,59.99,Snow,102.11,67.6
2025-05-11,Warsaw to Krakow,TRK_0001,598.0,291.83,On-Time,4.0,935.54,80.66,Snow,0.0,60.8
2025-10-21,Warsaw to Krakow,TRK_0036,574.4,294.84,On-Time,3.8,950.01,31.73,Fog,0.0,31.7
2025-04-24,Brussels to Paris,TRK_0014,1024.5,458.32,On-Time,3.8,1602.11,101.49,Clear,0.0,33.4
2025-06-27,Vienna to Budapest,TRK_0029,1153.9,591.17,On-Time,4.2,1547.22,111.17,Clear,0.0,53.2
2025-10-04,Budapest to Bucharest,TRK_0047,601.0,309.96,On-Time,3.8,878.07,46.13,Rain,0.0,48.4
2025-02-12,Prague to Vienna,TRK_0007,392.7,204.69,On-Time,3.0,617.83,37.38,Fog,0.0,86.0
2025-04-16,Milan to Zurich,TRK_0035,447.9,254.71,On-Time,4.8,807.67,31.14,Fog,0.0,77.3
2025-01-20,Berlin to Prague,TRK_0006,443.3,233.18,On-Time,3.1,591.4,55.74,Fog,0.0,56.6
2025-01-09,Brussels to Paris,TRK_0025,1002.2,454.17,Delayed,4.4,1026.05,104.07,Snow,237.77,32.7
2026-02-07,Budapest to Bucharest,TRK_0044,637.7,320.71,On-Time,4.6,718.41,31.41,Rain,0.0,35.0
2025-07-20,Budapest to Bucharest,TRK_0035,660.0,306.94,On-Time,4.5,966.28,54.18,Clear,0.0,65.4
2025-10-12,Berlin to Prague,TRK_0010,442.7,215.14,On-Time,2.7,532.06,92.85,Snow,0.0,40.5
2025-11-27,Prague to Vienna,TRK_0033,362.3,176.67,On-Time,3.0,572.33,104.49,Fog,0.0,72.1
2025-02-07,Brussels to Paris,TRK_0019,996.9,462.63,On-Time,3.3,1094.9,83.82,Clear,0.0,45.8
2025-02-05,Warsaw to Krakow,TRK_0013,599.2,290.08,On-Time,2.9,851.94,99.81,Fog,0.0,37.3
2025-06-10,Lyon to Milan,TRK_0016,882.7,448.33,On-Time,2.8,1413.52,107.18,Fog,0.0,57.5
2026-02-01,Berlin to Hamburg,TRK_0020,494.5,228.67,On-Time,4.6,544.69,71.55,Snow,0.0,78.5
2025-11-17,Paris to Lyon,TRK_0005,1061.0,463.26,Delayed,4.0,1263.16,76.95,Clear,173.77,64.7
2025-10-04,Brussels to Paris,TRK_0031,1070.7,480.02,On-Time,4.3,1237.64,63.79,Clear,0.0,54.0
2025-09-15,Brussels to Paris,TRK_0001,1014.8,597.54,On-Time,4.4,1423.63,31.72,Rain,0.0,78.7
2025-09-05,Warsaw to Berlin,TRK_0023,975.8,434.93,On-Time,2.6,1073.76,110.31,Snow,0.0,53.3
2025-08-21,Warsaw to Berlin,TRK_0003,1052.3,513.17,On-Time,4.6,1685.93,42.65,Rain,0.0,52.5
2025-07-13,Amsterdam to Brussels,TRK_0024,461.0,242.64,On-Time,4.8,696.69,52.05,Snow,0.0,60.5
2025-09-04,Warsaw to Berlin,TRK_0039,1004.2,421.78,Delayed,4.1,1043.89,34.63,Snow,182.34,84.6
2025-12-05,Krakow to Bratislava,TRK_0015,596.0,304.15,On-Time,3.0,732.89,102.5,Clear,0.0,42.8
2025-03-07,Amsterdam to Brussels,TRK_0037,438.6,200.66,On-Time,2.6,508.82,33.9,Fog,0.0,68.8
2025-10-16,Warsaw to Berlin,TRK_0041,1042.0,567.77,On-Time,3.0,1696.77,64.5,Fog,0.0,37.5
2025-07-30,Prague to Vienna,TRK_0039,386.0,189.46,On-Time,3.2,595.18,50.98,Fog,0.0,68.5
2025-02-05,Krakow to Bratislava,TRK_0015,571.4,240.04,On-Time,3.8,659.09,30.7,Clear,0.0,38.0
2025-11-11,Warsaw to Berlin,TRK_0039,1041.9,537.28,Delayed,4.1,1812.02,71.63,Clear,232.48,81.6
2025-11-29,Hamburg to Amsterdam,TRK_0028,1095.2,601.43,On-Time,4.8,1700.1,95.71,Snow,0.0,68.0
2026-01-15,Milan to Zurich,TRK_0049,447.6,184.9,On-Time,3.1,613.27,44.74,Fog,0.0,43.8
2025-01-03,Paris to Lyon,TRK_0046,1140.1,524.41,Delayed,4.1,1622.58,48.17,Snow,98.12,56.1
2025-10-27,Budapest to Bucharest,TRK_0017,653.4,305.45,On-Time,4.2,971.78,58.39,Fog,0.0,38.0
2025-10-14,Berlin to Hamburg,TRK_0036,479.9,217.49,On-Time,4.3,720.22,84.22,Rain,0.0,57.6
2025-12-25,Berlin to Prague,TRK_0011,450.8,208.51,On-Time,4.2,650.31,31.88,Clear,0.0,83.7
2026-02-26,Berlin to Hamburg,TRK_0010,513.0,226.05,On-Time,2.7,508.4,55.35,Fog,0.0,69.8
2025-09-24,Paris to Lyon,TRK_0019,1159.4,537.44,Delayed,3.7,1189.85,104.31,Snow,113.11,82.2
2025-09-19,Paris to Lyon,TRK_0034,1078.3,444.01,On-Time,2.5,1067.7,119.67,Fog,0.0,50.8
2025-07-22,Amsterdam to Brussels,TRK_0026,440.4,199.43,On-Time,3.9,627.0,73.71,Snow,0.0,50.4
2026-02-22,Vienna to Budapest,TRK_0018,1120.8,552.51,On-Time,3.2,1507.95,26.18,Clear,0.0,61.7
2025-06-24,Lyon to Milan,TRK_0008,909.2,423.1,On-Time,3.1,1174.36,54.59,Fog,0.0,81.2
2026-01-23,Lyon to Milan,TRK_0022,904.3,445.03,Delayed,2.8,1018.15,81.53,Rain,195.08,41.8
2025-06-11,Warsaw to Krakow,TRK_0027,601.0,278.28,On-Time,2.7,855.94,101.21,Clear,0.0,65.5
2025-04-02,Warsaw to Krakow,TRK_0031,591.2,299.92,On-Time,4.2,1014.6,67.39,Rain,0.0,42.1
2025-05-04,Vienna to Budapest,TRK_0017,1079.0,602.88,On-Time,4.4,1420.29,23.24,Fog,0.0,69.8
2026-01-27,Warsaw to Berlin,TRK_0035,1038.9,475.12,On-Time,4.7,1400.12,43.85,Rain,0.0,96.9
2025-09-19,Krakow to Bratislava,TRK_0018,561.9,254.94,On-Time,3.7,740.09,67.76,Fog,0.0,87.8
2026-02-02,Berlin to Hamburg,TRK_0012,515.4,260.7,On-Time,2.5,644.97,76.01,Snow,0.0,51.4
2025-05-13,Hamburg to Amsterdam,TRK_0012,1077.8,543.58,On-Time,3.0,1495.46,59.0,Snow,0.0,51.7
2025-07-25,Berlin to Hamburg,TRK_0018,476.3,216.63,On-Time,2.7,552.61,39.76,Fog,0.0,87.5
2025-04-11,Lyon to Milan,TRK_0010,949.7,452.88,Delayed,3.7,1582.47,104.19,Snow,213.51,46.9
2025-10-15,Warsaw to Berlin,TRK_0037,993.8,462.7,On-Time,3.7,1396.81,62.23,Snow,0.0,44.0
2025-07-04,Hamburg to Amsterdam,TRK_0036,1151.7,482.6,Delayed,4.7,1665.96,35.89,Rain,246.49,45.8
2025-06-16,Hamburg to Amsterdam,TRK_0044,1102.6,609.37,On-Time,3.2,1841.04,30.21,Rain,0.0,71.8
2025-06-22,Brussels to Paris,TRK_0027,1053.7,543.26,Delayed,3.4,1416.56,83.57,Snow,182.92,53.9
2025-08-16,Milan to Zurich,TRK_0050,458.3,237.05,On-Time,2.9,784.75,28.13,Rain,0.0,73.3
2026-01-16,Paris to Lyon,TRK_0045,1061.5,443.04,Delayed,4.7,1290.56,17.77,Fog,169.08,97.7
2025-02-23,Amsterdam to Brussels,TRK_0017,438.3,237.88,On-Time,3.1,611.22,80.78,Rain,0.0,63.5
2025-03-29,Warsaw to Berlin,TRK_0002,1020.4,519.9,On-Time,4.9,1509.14,43.6,Fog,0.0,34.9
2025-12-24,Prague to Vienna,TRK_0035,378.4,191.78,On-Time,3.6,581.42,71.05,Snow,0.0,60.2
2025-04-27,Berlin to Hamburg,TRK_0006,482.5,215.59,Delayed,3.8,686.82,29.31,Snow,159.76,25.6
2025-09-09,Berlin to Hamburg,TRK_0049,482.1,263.67,On-Time,4.5,767.99,34.8,Fog,0.0,53.8
2025-03-25,Paris to Lyon,TRK_0046,1124.2,557.1,Delayed,4.1,1599.76,99.0,Snow,128.4,79.2
2026-02-19,Krakow to Bratislava,TRK_0018,560.0,229.81,Delayed,3.6,640.85,88.55,Fog,111.92,26.4
2025-01-26,Warsaw to Berlin,TRK_0035,972.5,413.52,On-Time,4.3,1034.9,30.82,Fog,0.0,40.9
2025-08-04,Lyon to Milan,TRK_0020,935.2,503.57,On-Time,3.3,1660.07,114.92,Clear,0.0,44.5
2025-07-20,Hamburg to Amsterdam,TRK_0005,1100.7,533.75,On-Time,4.6,1258.88,95.66,Rain,0.0,53.1
2025-08-15,Paris to Lyon,TRK_0016,1162.8,553.91,Delayed,4.2,1368.7,55.86,Snow,239.16,36.6
2026-01-08,Paris to Lyon,TRK_0003,1156.5,540.2,On-Time,3.0,1811.71,105.68,Rain,0.0,96.0
2025-05-01,Krakow to Bratislava,TRK_0041,567.9,245.65,Delayed,4.5,543.28,19.41,Fog,197.03,36.3
2026-01-30,Vienna to Budapest,TRK_0006,1071.0,486.35,On-Time,5.0,1465.21,21.28,Rain,0.0,76.2
2026-02-10,Prague to Vienna,TRK_0007,374.5,177.38,On-Time,3.4,595.88,91.98,Clear,0.0,75.3
2025-07-03,Prague to Vienna,TRK_0047,365.7,166.69,On-Time,3.9,472.92,74.5,Snow,0.0,48.6
2025-08-28,Milan to Zurich,TRK_0018,453.5,244.37,Delayed,2.9,631.54,42.65,Snow,157.19,81.6
2025-09-17,Paris to Lyon,TRK_0025,1073.2,500.27,On-Time,3.1,1569.5,84.12,Fog,0.0,38.9
2025-12-16,Lyon to Milan,TRK_0032,912.7,441.13,On-Time,2.8,1270.53,22.0,Rain,0.0,38.0
2025-01-17,Berlin to Prague,TRK_0013,463.3,208.87,On-Time,4.1,602.29,88.64,Snow,0.0,28.6
2025-04-24,Paris to Lyon,TRK_0039,1060.5,535.31,On-Time,4.7,1233.32,99.11,Clear,0.0,51.3
2026-01-16,Milan to Zurich,TRK_0027,433.3,235.22,On-Time,2.6,539.01,46.91,Rain,0.0,95.1
2025-02-19,Paris to Lyon,TRK_0007,1078.2,482.55,On-Time,3.9,1655.99,73.63,Fog,0.0,79.5
2026-01-28,Amsterdam to Brussels,TRK_0041,447.6,223.46,On-Time,2.9,544.02,57.16,Snow,0.0,73.0
2025-10-01,Berlin to Hamburg,TRK_0039,513.3,275.68,On-Time,4.6,754.27,81.49,Snow,0.0,69.4
2025-10-16,Vienna to Budapest,TRK_0035,1095.1,566.25,On-Time,3.6,1952.3,15.02,Clear,0.0,96.8
2025-11-02,Hamburg to Amsterdam,TRK_0002,1063.7,510.5,On-Time,3.0,1332.09,96.01,Snow,0.0,92.1
2025-09-19,Amsterdam to Brussels,TRK_0036,473.3,194.27,On-Time,2.8,520.1,76.13,Rain,0.0,43.7
2025-06-03,Amsterdam to Brussels,TRK_0006,449.5,250.72,On-Time,4.5,607.94,101.7,Clear,0.0,68.5
2025-06-03,Paris to Lyon,TRK_0003,1142.2,572.44,On-Time,3.3,1914.08,60.6,Clear,0.0,88.5
2025-04-27,Brussels to Paris,TRK_0048,1078.4,591.63,On-Time,2.6,1704.9,48.53,Rain,0.0,48.9
2025-12-24,Prague to Vienna,TRK_0015,358.1,180.03,On-Time,4.0,514.19,38.32,Snow,0.0,82.4
2025-03-17,Warsaw to Krakow,TRK_0009,575.0,260.32,On-Time,2.7,742.53,96.25,Rain,0.0,80.6
2025-09-04,Vienna to Budapest,TRK_0036,1107.7,526.24,On-Time,4.3,1326.19,22.52,Fog,0.0,48.6
2025-10-22,Berlin to Prague,TRK_0006,472.0,219.89,On-Time,4.0,490.68,47.01,Snow,0.0,70.0
2026-02-16,Amsterdam to Brussels,TRK_0029,437.9,204.02,On-Time,3.4,649.81,104.54,Clear,0.0,79.0
2025-05-05,Zurich to Munich,TRK_0040,920.4,462.75,On-Time,4.5,1201.6,64.47,Snow,0.0,40.3
2025-10-03,Vienna to Budapest,TRK_0014,1114.1,579.65,On-Time,5.0,1799.0,85.17,Fog,0.0,67.6
2025-12-06,Warsaw to Berlin,TRK_0034,979.4,406.45,On-Time,3.2,1139.87,114.24,Clear,0.0,53.4
2025-05-19,Milan to Zurich,TRK_0043,457.1,199.84,On-Time,4.7,540.06,117.88,Clear,0.0,91.0
2025-09-06,Hamburg to Amsterdam,TRK_0039,1058.5,525.8,On-Time,4.3,1183.93,111.84,Snow,0.0,49.4
2025-07-21,Prague to Vienna,TRK_0048,356.9,176.32,On-Time,5.0,612.21,43.97,Clear,0.0,70.7
2025-07-18,Hamburg to Amsterdam,TRK_0002,1153.6,512.7,On-Time,2.8,1614.42,69.68,Rain,0.0,55.5
2025-10-21,Krakow to Bratislava,TRK_0010,605.2,311.74,On-Time,3.0,741.99,71.84,Rain,0.0,88.0
2025-06-08,Paris to Lyon,TRK_0045,1152.2,605.45,On-Time,4.4,1848.5,74.31,Rain,0.0,48.2
2025-10-13,Paris to Lyon,TRK_0035,1065.7,535.92,On-Time,4.4,1792.21,58.47,Fog,0.0,47.1
2026-01-17,Zurich to Munich,TRK_0041,976.7,413.42,Delayed,2.6,1439.42,79.78,Rain,181.38,41.9
2025-01-14,Berlin to Prague,TRK_0023,472.7,229.7,On-Time,4.3,617.01,104.47,Fog,0.0,59.6
2025-03-25,Vienna to Budapest,TRK_0013,1057.1,495.17,On-Time,3.5,1567.25,118.77,Rain,0.0,29.8
2025-08-13,Berlin to Hamburg,TRK_0040,501.2,284.51,On-Time,4.4,850.77,101.55,Snow,0.0,53.8
2026-01-16,Amsterdam to Brussels,TRK_0037,455.6,238.5,Delayed,2.8,666.36,107.17,Rain,168.18,53.9
2026-01-12,Hamburg to Amsterdam,TRK_0003,1091.6,614.91,On-Time,3.6,2059.77,96.24,Snow,0.0,58.7
2025-08-05,Amsterdam to Brussels,TRK_0019,473.0,259.5,On-Time,4.1,601.41,67.57,Rain,0.0,81.8
2025-12-23,Prague to Vienna,TRK_0035,371.0,158.03,On-Time,4.7,531.7,107.67,Clear,0.0,43.3
2025-12-21,Zurich to Munich,TRK_0042,974.2,460.01,Delayed,4.3,1391.21,23.96,Fog,203.57,96.2
2025-11-10,Krakow to Bratislava,TRK_0011,580.9,238.64,On-Time,4.7,792.64,32.02,Rain,0.0,38.1
2025-12-31,Krakow to Bratislava,TRK_0004,566.9,316.9,On-Time,3.0,1067.35,115.85,Clear,0.0,70.4
2025-05-10,Berlin to Hamburg,TRK_0001,491.9,254.39,On-Time,3.7,631.38,84.24,Fog,0.0,54.9
2025-02-10,Amsterdam to Brussels,TRK_0039,431.6,218.81,On-Time,4.6,540.45,34.41,Clear,0.0,72.7
2025-01-19,Milan to Zurich,TRK_0010,418.5,212.03,On-Time,2.7,496.48,119.34,Rain,0.0,74.1
2025-11-09,Paris to Lyon,TRK_0043,1130.1,567.38,On-Time,4.4,1513.91,18.76,Snow,0.0,48.6
2025-07-14,Lyon to Milan,TRK_0005,901.4,427.2,Delayed,4.2,1092.24,70.34,Rain,198.29,69.7
2025-02-25,Paris to Lyon,TRK_0037,1161.1,525.02,On-Time,4.0,1693.0,89.21,Fog,0.0,69.4
2025-06-12,Hamburg to Amsterdam,TRK_0017,1112.3,604.08,On-Time,3.7,1901.61,67.26,Rain,0.0,89.5
2025-04-30,Budapest to Bucharest,TRK_0046,661.2,260.63,On-Time,2.8,860.73,98.95,Fog,0.0,55.2
2025-06-20,Hamburg to Amsterdam,TRK_0023,1137.8,534.17,On-Time,3.1,1222.28,46.53,Snow,0.0,81.0
2025-02-28,Warsaw to Krakow,TRK_0044,590.5,309.48,Delayed,2.9,813.83,50.48,Fog,235.75,83.2
2025-11-27,Berlin to Hamburg,TRK_0009,475.0,246.14,On-Time,3.7,802.03,112.42,Clear,0.0,86.0
2025-06-03,Paris to Lyon,TRK_0037,1127.7,505.43,On-Time,3.3,1713.93,98.56,Clear,0.0,95.8
2025-05-24,Warsaw to Krakow,TRK_0002,629.0,336.67,On-Time,3.5,1001.17,105.78,Snow,0.0,76.5
2025-06-11,Warsaw to Berlin,TRK_0046,981.1,466.78,On-Time,4.6,1210.56,70.14,Rain,0.0,33.2
2026-02-06,Lyon to Milan,TRK_0003,881.0,391.66,On-Time,4.8,940.1,50.71,Fog,0.0,78.5
2025-09-26,Lyon to Milan,TRK_0020,892.3,425.85,On-Time,3.8,1486.44,36.54,Clear,0.0,58.5
2026-01-01,Berlin to Prague,TRK_0034,441.0,244.55,On-Time,2.7,686.44,19.84,Snow,0.0,26.6
2026-01-24,Brussels to Paris,TRK_0020,1082.9,477.47,On-Time,3.3,1324.24,27.35,Rain,0.0,36.5
2025-02-28,Amsterdam to Brussels,TRK_0001,456.7,204.95,On-Time,3.2,702.21,99.42,Rain,0.0,37.5
2025-06-09,Zurich to Munich,TRK_0040,938.6,420.13,On-Time,4.2,982.14,20.65,Fog,0.0,53.6
2025-12-27,Zurich to Munich,TRK_0039,962.8,524.7,On-Time,3.3,1711.93,89.85,Clear,0.0,96.1
2026-01-22,Berlin to Hamburg,TRK_0049,495.3,232.83,On-Time,2.7,606.18,82.66,Fog,0.0,59.3
2025-04-25,Milan to Zurich,TRK_0010,456.4,205.28,On-Time,4.8,539.77,105.38,Snow,0.0,58.1
2025-01-16,Berlin to Hamburg,TRK_0005,473.0,245.23,On-Time,3.4,722.71,68.33,Fog,0.0,84.7
2026-02-12,Warsaw to Krakow,TRK_0007,603.4,256.31,On-Time,4.0,643.38,40.59,Rain,0.0,96.1
2025-07-16,Warsaw to Krakow,TRK_0005,582.5,292.72,On-Time,3.9,774.2,87.88,Rain,0.0,73.4
2025-02-09,Zurich to Munich,TRK_0048,974.2,473.08,On-Time,3.3,1100.83,61.75,Snow,0.0,94.8
2025-02-05,Berlin to Prague,TRK_0039,472.6,250.28,On-Time,4.1,570.62,37.85,Rain,0.0,89.8
2026-01-22,Lyon to Milan,TRK_0041,862.6,361.75,On-Time,3.5,1067.64,35.54,Snow,0.0,46.9
2026-02-11,Budapest to Bucharest,TRK_0044,657.4,366.97,On-Time,5.0,1085.33,79.21,Fog,0.0,86.9
2025-05-31,Warsaw to Krakow,TRK_0004,624.1,303.9,On-Time,4.9,711.92,44.63,Clear,0.0,42.2
2025-12-26,Krakow to Bratislava,TRK_0038,585.2,293.73,On-Time,3.0,712.42,29.6,Fog,0.0,86.6
2025-07-04,Prague to Vienna,TRK_0027,367.1,180.02,Delayed,4.1,429.74,107.91,Fog,245.75,34.9
2025-03-12,Lyon to Milan,TRK_0042,900.4,459.67,On-Time,3.6,1118.72,68.49,Fog,0.0,53.1
2025-04-26,Krakow to Bratislava,TRK_0012,584.0,309.55,On-Time,3.8,846.34,72.35,Snow,0.0,27.4
2025-01-20,Berlin to Hamburg,TRK_0037,502.1,223.28,On-Time,2.9,703.48,118.28,Snow,0.0,58.9
2025-02-10,Zurich to Munich,TRK_0034,964.5,455.49,On-Time,4.2,1407.14,71.62,Snow,0.0,69.8
2025-06-25,Lyon to Milan,TRK_0035,863.6,450.15,On-Time,3.3,1196.85,117.66,Snow,0.0,46.1
2025-01-19,Zurich to Munich,TRK_0045,963.3,474.67,On-Time,4.1,1401.03,75.15,Snow,0.0,84.0
2025-11-16,Budapest to Bucharest,TRK_0002,630.0,258.99,On-Time,3.1,777.11,43.9,Snow,0.0,26.0
2025-02-27,Prague to Vienna,TRK_0039,390.4,206.92,On-Time,2.9,665.72,39.8,Rain,0.0,83.4
2025-01-17,Berlin to Prague,TRK_0022,485.7,257.26,On-Time,4.4,704.08,55.23,Fog,0.0,78.0
2025-03-27,Amsterdam to Brussels,TRK_0014,464.6,225.06,On-Time,2.8,544.17,56.87,Snow,0.0,59.8
2026-01-21,Vienna to Budapest,TRK_0035,1095.7,556.67,Delayed,4.7,1233.26,112.36,Fog,144.94,48.0
2025-09-29,Warsaw to Berlin,TRK_0044,963.6,460.35,On-Time,4.0,1403.0,43.62,Snow,0.0,44.5
2025-02-20,Brussels to Paris,TRK_0017,1050.8,525.88,On-Time,4.2,1683.68,69.59,Rain,0.0,47.9
2025-01-06,Warsaw to Berlin,TRK_0044,1037.3,416.38,Delayed,3.6,1034.8,44.75,Rain,85.79,70.2
2025-01-30,Brussels to Paris,TRK_0039,1083.1,505.08,Delayed,4.9,1167.9,78.49,Fog,191.59,90.7
2025-10-17,Zurich to Munich,TRK_0012,916.9,399.71,On-Time,2.7,1114.98,119.5,Fog,0.0,75.5
2025-12-08,Lyon to Milan,TRK_0050,892.0,369.59,On-Time,3.5,972.93,21.31,Snow,0.0,38.0
2025-02-05,Zurich to Munich,TRK_0032,925.4,453.47,Delayed,3.9,1251.86,79.47,Clear,235.14,77.2
2025-02-22,Berlin to Prague,TRK_0003,444.1,240.02,Delayed,3.7,731.75,15.09,Clear,192.98,44.4
2025-12-25,Zurich to Munich,TRK_0022,943.6,426.37,On-Time,3.7,1161.9,91.42,Clear,0.0,64.4
2025-01-02,Paris to Lyon,TRK_0025,1143.2,563.18,On-Time,3.4,1738.19,57.06,Clear,0.0,51.7
2025-06-24,Milan to Zurich,TRK_0006,437.2,232.57,Delayed,2.6,627.8,35.06,Fog,232.4,71.0
2025-07-03,Berlin to Prague,TRK_0032,481.9,218.1,Delayed,2.6,762.32,40.04,Fog,90.71,64.5
2025-06-07,Hamburg to Amsterdam,TRK_0032,1155.3,657.62,Delayed,3.3,1735.48,90.71,Fog,100.09,83.9
2025-12-08,Berlin to Hamburg,TRK_0034,513.7,273.37,On-Time,3.1,627.01,92.22,Fog,0.0,72.7
2025-08-30,Warsaw to Berlin,TRK_0040,978.2,447.02,On-Time,4.8,1460.4,25.22,Rain,0.0,86.0
2025-02-02,Berlin to Prague,TRK_0007,463.9,228.49,On-Time,3.6,743.73,118.13,Fog,0.0,48.7
2025-12-17,Hamburg to Amsterdam,TRK_0037,1064.0,590.01,On-Time,4.0,1555.36,27.68,Rain,0.0,80.3
2025-03-28,Warsaw to Krakow,TRK_0045,603.2,314.43,Delayed,2.7,1038.11,79.31,Rain,82.66,60.5
2025-01-04,Prague to Vienna,TRK_0001,391.0,203.3,On-Time,4.2,656.64,64.98,Rain,0.0,40.0
2025-11-24,Hamburg to Amsterdam,TRK_0018,1098.5,473.44,On-Time,4.0,1482.98,79.27,Clear,0.0,70.8
2026-02-05,Warsaw to Krakow,TRK_0020,595.1,276.74,On-Time,4.9,831.49,105.59,Rain,0.0,58.9
2025-11-17,Vienna to Budapest,TRK_0043,1084.2,521.65,On-Time,4.9,1469.35,33.51,Clear,0.0,28.9
2025-07-06,Vienna to Budapest,TRK_0019,1101.8,548.75,On-Time,2.6,1735.44,112.11,Rain,0.0,36.5
2025-01-15,Hamburg to Amsterdam,TRK_0032,1061.6,587.99,On-Time,3.3,1445.5,86.07,Snow,0.0,41.8
2025-02-26,Vienna to Budapest,TRK_0021,1064.4,586.32,On-Time,3.1,1648.9,65.86,Fog,0.0,35.6
2025-11-09,Prague to Vienna,TRK_0030,370.8,173.5,On-Time,4.9,427.31,28.36,Clear,0.0,45.5
2025-02-26,Berlin to Hamburg,TRK_0030,488.0,238.38,On-Time,2.9,770.67,115.04,Rain,0.0,67.2
2025-10-11,Berlin to Prague,TRK_0015,459.9,241.45,On-Time,3.7,676.44,16.52,Fog,0.0,78.7
2025-05-07,Warsaw to Krakow,TRK_0016,596.1,295.69,On-Time,4.8,995.8,58.87,Clear,0.0,27.9
2025-08-29,Lyon to Milan,TRK_0047,908.4,427.28,On-Time,4.2,994.45,67.0,Clear,0.0,65.8
2025-01-07,Paris to Lyon,TRK_0045,1097.7,488.6,On-Time,5.0,1085.04,85.25,Rain,0.0,76.3
2025-10-20,Amsterdam to Brussels,TRK_0048,432.4,220.0,On-Time,3.5,709.9,53.89,Fog,0.0,76.4
2025-01-01,Berlin to Prague,TRK_0041,458.7,234.85,On-Time,4.4,729.79,79.31,Rain,0.0,82.5
2025-02-11,Zurich to Munich,TRK_0040,938.3,503.56,On-Time,3.4,1141.59,55.21,Fog,0.0,70.2
2025-07-07,Prague to Vienna,TRK_0024,380.6,196.57,On-Time,2.8,518.04,71.66,Fog,0.0,78.8
2026-01-21,Milan to Zurich,TRK_0038,459.2,219.69,On-Time,3.4,559.67,86.42,Snow,0.0,29.0
2025-07-10,Berlin to Hamburg,TRK_0023,491.3,223.68,On-Time,4.2,647.04,45.69,Snow,0.0,83.4
2025-12-21,Vienna to Budapest,TRK_0005,1152.5,512.14,On-Time,3.2,1763.61,26.48,Snow,0.0,33.2
2025-03-17,Prague to Vienna,TRK_0032,389.1,195.55,On-Time,4.9,567.85,28.86,Snow,0.0,55.7
2026-01-13,Warsaw to Berlin,TRK_0042,983.1,464.57,On-Time,4.9,1411.4,58.23,Snow,0.0,72.9
2026-02-07,Berlin to Hamburg,TRK_0021,496.6,269.82,On-Time,3.3,639.89,97.88,Rain,0.0,82.6
2025-04-27,Warsaw to Krakow,TRK_0031,628.2,296.62,On-Time,3.6,716.71,112.03,Snow,0.0,38.3
2025-03-31,Paris to Lyon,TRK_0046,1152.8,560.37,Delayed,5.0,1651.34,61.29,Snow,111.36,66.1
2025-01-18,Warsaw to Krakow,TRK_0043,628.7,280.12,On-Time,3.8,660.51,17.62,Fog,0.0,81.1
2025-08-23,Prague to Vienna,TRK_0021,356.4,200.1,On-Time,4.3,563.5,45.43,Rain,0.0,83.4
2026-01-09,Warsaw to Krakow,TRK_0029,611.3,338.14,Delayed,3.9,879.34,57.17,Rain,155.82,31.8
2025-01-29,Brussels to Paris,TRK_0039,1010.2,523.14,On-Time,3.0,1207.76,104.19,Clear,0.0,96.2
2025-07-21,Berlin to Hamburg,TRK_0013,483.0,262.04,On-Time,3.4,626.89,104.65,Snow,0.0,53.2
2025-01-07,Warsaw to Krakow,TRK_0019,591.1,342.36,Delayed,4.3,950.9,119.22,Fog,129.07,83.8
2025-08-06,Zurich to Munich,TRK_0047,945.8,505.62,Delayed,3.3,1762.03,70.16,Snow,91.24,95.1
2026-01-23,Berlin to Prague,TRK_0025,441.1,212.27,Delayed,3.7,623.71,111.06,Rain,111.62,52.9
2025-10-11,Warsaw to Berlin,TRK_0032,1036.4,491.73,On-Time,4.3,1225.33,98.08,Rain,0.0,44.2
2025-11-24,Berlin to Hamburg,TRK_0041,473.5,229.86,Delayed,4.8,698.37,17.99,Snow,163.82,95.9
2025-11-03,Warsaw to Krakow,TRK_0048,604.9,321.01,On-Time,3.7,995.94,27.56,Clear,0.0,86.7
2025-03-25,Warsaw to Berlin,TRK_0038,968.5,486.31,On-Time,2.6,1298.21,81.81,Snow,0.0,28.6
2025-05-30,Brussels to Paris,TRK_0034,1087.5,560.07,On-Time,2.7,1780.14,72.09,Snow,0.0,85.4
2025-12-17,Budapest to Bucharest,TRK_0020,642.7,301.36,On-Time,4.6,668.04,69.41,Snow,0.0,81.9
2025-07-30,Zurich to Munich,TRK_0022,993.2,412.53,On-Time,3.0,1388.65,79.41,Clear,0.0,55.5
2025-02-09,Milan to Zurich,TRK_0008,422.8,178.88,On-Time,2.8,496.31,118.7,Snow,0.0,37.6
2025-06-05,Paris to Lyon,TRK_0002,1142.9,559.75,Delayed,3.1,1322.66,28.67,Clear,152.22,80.7
2025-02-27,Warsaw to Berlin,TRK_0005,1031.6,485.33,Delayed,4.5,1391.69,21.22,Clear,234.45,28.2
2025-06-04,Warsaw to Berlin,TRK_0043,1029.6,577.69,On-Time,4.8,1409.69,51.91,Clear,0.0,35.6
2026-01-18,Amsterdam to Brussels,TRK_0018,447.1,201.85,On-Time,3.1,593.7,25.41,Clear,0.0,63.6
2026-01-02,Budapest to Bucharest,TRK_0013,610.3,284.6,On-Time,4.8,966.68,104.39,Fog,0.0,51.8
2025-10-29,Berlin to Hamburg,TRK_0012,500.5,237.5,On-Time,3.6,681.27,57.8,Snow,0.0,34.0
2025-02-26,Prague to Vienna,TRK_0034,374.8,170.09,On-Time,2.7,483.37,55.4,Fog,0.0,68.8
2025-06-09,Milan to Zurich,TRK_0044,436.5,206.93,On-Time,3.0,473.97,103.31,Fog,0.0,93.6
2025-07-08,Warsaw to Berlin,TRK_0012,1054.1,474.45,On-Time,4.1,1096.22,30.05,Fog,0.0,75.7
2025-02-22,Zurich to Munich,TRK_0048,991.4,436.59,On-Time,3.0,1439.54,57.45,Rain,0.0,86.2
2026-01-07,Budapest to Bucharest,TRK_0032,647.7,341.0,On-Time,4.5,1168.33,52.39,Fog,0.0,97.1
2025-09-19,Prague to Vienna,TRK_0018,385.0,163.32,On-Time,4.1,387.88,25.46,Clear,0.0,85.6
2025-09-13,Warsaw to Berlin,TRK_0044,1051.4,517.3,Delayed,4.1,1202.84,23.03,Fog,214.76,39.7
2025-12-05,Berlin to Hamburg,TRK_0032,492.2,257.11,On-Time,2.5,820.99,119.02,Clear,0.0,53.0
2025-06-11,Berlin to Hamburg,TRK_0025,490.0,216.76,On-Time,3.3,675.83,66.61,Rain,0.0,47.8
2025-07-19,Lyon to Milan,TRK_0032,872.5,456.28,On-Time,3.9,1286.11,104.71,Clear,0.0,53.6
2025-09-11,Krakow to Bratislava,TRK_0038,584.8,301.73,On-Time,2.6,681.5,102.88,Snow,0.0,84.1
2025-10-26,Lyon to Milan,TRK_0002,943.5,409.78,On-Time,3.4,1088.64,84.43,Rain,0.0,42.1
2025-06-09,Berlin to Prague,TRK_0038,483.0,205.01,On-Time,2.5,537.94,63.4,Fog,0.0,66.5
2025-08-04,Warsaw to Berlin,TRK_0018,1023.7,557.51,On-Time,3.5,1641.48,99.87,Clear,0.0,75.4
2025-04-16,Berlin to Hamburg,TRK_0022,492.1,246.51,On-Time,3.4,682.04,67.18,Clear,0.0,86.3
2025-10-02,Budapest to Bucharest,TRK_0014,616.2,291.4,On-Time,4.1,1003.97,90.36,Clear,0.0,68.2
2025-05-20,Amsterdam to Brussels,TRK_0005,467.7,214.34,On-Time,4.1,555.66,99.43,Fog,0.0,73.4
2025-06-10,Krakow to Bratislava,TRK_0013,572.4,284.64,On-Time,3.0,633.09,88.85,Rain,0.0,67.1
2025-04-20,Milan to Zurich,TRK_0043,449.6,236.36,On-Time,4.0,756.32,60.54,Clear,0.0,63.1
2025-07-06,Prague to Vienna,TRK_0030,365.3,197.79,On-Time,3.5,656.32,110.67,Rain,0.0,86.8
2025-05-17,Brussels to Paris,TRK_0019,1006.6,485.74,On-Time,2.9,1086.12,98.69,Snow,0.0,58.9
2025-10-14,Krakow to Bratislava,TRK_0028,586.5,239.96,Delayed,3.1,778.57,84.16,Rain,189.53,28.1
2026-01-05,Lyon to Milan,TRK_0032,864.4,419.06,On-Time,4.7,1412.55,57.74,Snow,0.0,74.0
2025-02-16,Milan to Zurich,TRK_0026,448.8,186.48,On-Time,4.8,536.79,102.04,Snow,0.0,61.2
2025-02-16,Amsterdam to Brussels,TRK_0016,436.9,220.33,On-Time,3.5,699.08,39.77,Fog,0.0,40.9
2025-02-24,Vienna to Budapest,TRK_0012,1161.1,532.69,On-Time,3.7,1431.4,114.61,Snow,0.0,64.8
2025-09-01,Vienna to Budapest,TRK_0044,1160.4,666.3,On-Time,4.3,2177.32,17.21,Clear,0.0,86.4
2025-12-06,Paris to Lyon,TRK_0004,1154.3,557.11,On-Time,4.1,1733.06,109.83,Clear,0.0,64.0
2025-05-02,Krakow to Bratislava,TRK_0029,549.6,320.29,On-Time,3.3,1094.5,94.45,Snow,0.0,40.4
2025-03-24,Brussels to Paris,TRK_0029,1023.0,549.07,On-Time,3.2,1265.12,96.84,Fog,0.0,59.4
2025-07-31,Paris to Lyon,TRK_0022,1099.4,541.33,Delayed,3.2,1237.63,59.19,Snow,157.05,27.0
2025-01-27,Brussels to Paris,TRK_0042,1009.0,499.73,Delayed,3.0,1297.9,75.46,Clear,106.83,62.7
2026-01-29,Lyon to Milan,TRK_0042,874.4,428.28,On-Time,3.6,1428.55,29.02,Rain,0.0,75.2
2026-02-28,Lyon to Milan,TRK_0021,888.2,383.53,On-Time,3.4,1259.93,74.89,Clear,0.0,94.2
2025-10-13,Amsterdam to Brussels,TRK_0042,459.7,267.2,On-Time,4.3,646.46,57.11,Fog,0.0,68.8
2025-03-18,Warsaw to Krakow,TRK_0006,580.2,260.48,On-Time,4.4,887.4,101.86,Fog,0.0,33.7
2026-01-01,Vienna to Budapest,TRK_0014,1158.5,577.65,On-Time,3.5,1594.72,36.69,Rain,0.0,97.7
2025-05-25,Brussels to Paris,TRK_0047,1009.6,483.85,Delayed,4.9,1212.59,62.35,Rain,142.84,75.0
2025-08-23,Warsaw to Berlin,TRK_0006,1000.9,577.6,On-Time,3.0,1558.68,59.45,Snow,0.0,30.3
2025-10-13,Warsaw to Berlin,TRK_0004,987.2,489.44,On-Time,4.8,1692.18,77.81,Clear,0.0,25.4
2025-09-16,Krakow to Bratislava,TRK_0040,566.6,263.42,On-Time,3.9,778.31,42.33,Fog,0.0,92.9
2025-08-28,Berlin to Prague,TRK_0009,455.5,208.38,Delayed,2.6,493.08,106.53,Snow,207.13,92.6
2025-05-25,Amsterdam to Brussels,TRK_0017,469.0,251.53,On-Time,2.9,794.31,66.58,Rain,0.0,65.6
2025-12-03,Lyon to Milan,TRK_0041,902.6,374.86,On-Time,3.7,904.4,64.05,Clear,0.0,97.6
2025-09-11,Berlin to Hamburg,TRK_0003,484.9,247.04,On-Time,4.6,821.89,27.98,Clear,0.0,39.9
2025-05-26,Milan to Zurich,TRK_0012,424.4,198.49,On-Time,4.0,587.25,117.02,Rain,0.0,55.4
2025-02-09,Lyon to Milan,TRK_0016,907.8,389.9,On-Time,5.0,919.61,54.22,Clear,0.0,86.1
2025-03-20,Berlin to Prague,TRK_0002,462.2,235.16,On-Time,3.2,718.51,49.59,Clear,0.0,72.9
2025-08-20,Paris to Lyon,TRK_0021,1163.4,655.0,Delayed,4.7,2123.53,44.71,Clear,206.45,64.9
2025-11-05,Berlin to Prague,TRK_0025,459.3,226.95,On-Time,2.7,750.76,32.11,Fog,0.0,45.8
2026-01-21,Prague to Vienna,TRK_0042,360.8,173.5,On-Time,3.3,536.19,28.79,Clear,0.0,85.7
2025-09-20,Berlin to Hamburg,TRK_0013,489.3,222.52,On-Time,2.7,611.77,53.66,Rain,0.0,56.7
2025-08-07,Warsaw to Berlin,TRK_0006,1005.3,560.98,On-Time,4.3,1912.87,70.36,Clear,0.0,46.2
2025-08-12,Zurich to Munich,TRK_0006,982.8,501.54,On-Time,3.3,1265.51,59.91,Clear,0.0,65.2
2025-01-24,Berlin to Prague,TRK_0033,464.5,220.89,On-Time,4.5,588.03,76.48,Clear,0.0,33.3
2025-12-05,Prague to Vienna,TRK_0030,385.7,184.83,On-Time,4.3,482.06,91.03,Fog,0.0,70.5
2025-05-16,Zurich to Munich,TRK_0022,989.4,422.1,On-Time,4.0,1406.9,26.16,Clear,0.0,25.4
2025-03-01,Prague to Vienna,TRK_0001,380.8,180.89,On-Time,4.4,568.66,46.79,Snow,0.0,75.4
2025-12-20,Krakow to Bratislava,TRK_0044,595.6,245.5,On-Time,4.5,762.24,34.76,Clear,0.0,40.3
2025-11-29,Brussels to Paris,TRK_0010,1015.1,570.27,On-Time,2.7,1825.23,30.56,Fog,0.0,26.6
2025-03-27,Paris to Lyon,TRK_0010,1130.4,605.45,On-Time,4.0,1490.46,74.79,Fog,0.0,28.7
2025-01-05,Brussels to Paris,TRK_0007,1078.2,509.99,On-Time,3.9,1606.67,119.9,Clear,0.0,60.6
2025-09-06,Amsterdam to Brussels,TRK_0033,464.2,268.06,On-Time,3.1,610.89,17.0,Snow,0.0,65.4
2025-05-18,Krakow to Bratislava,TRK_0042,600.5,274.61,On-Time,3.6,759.87,31.94,Rain,0.0,59.3
2025-08-13,Hamburg to Amsterdam,TRK_0015,1073.1,553.78,On-Time,4.6,1691.27,28.77,Snow,0.0,77.8
2025-07-19,Milan to Zurich,TRK_0027,458.4,225.14,On-Time,4.9,542.73,36.76,Clear,0.0,73.7
2025-03-08,Vienna to Budapest,TRK_0012,1070.9,551.61,On-Time,3.7,1381.86,73.47,Clear,0.0,51.2
2025-05-14,Brussels to Paris,TRK_0023,1006.4,567.43,Delayed,2.7,1566.0,79.84,Clear,175.54,60.5
2025-06-24,Lyon to Milan,TRK_0023,866.8,438.09,Delayed,4.2,1257.32,85.3,Clear,237.53,57.0
2025-08-23,Berlin to Prague,TRK_0049,486.0,257.49,On-Time,2.8,754.76,68.27,Rain,0.0,71.0
2025-04-16,Prague to Vienna,TRK_0024,383.6,205.89,On-Time,4.7,494.26,53.19,Rain,0.0,34.0
2025-04-14,Krakow to Bratislava,TRK_0029,593.6,274.77,On-Time,3.2,665.67,42.93,Fog,0.0,51.3
2025-12-07,Prague to Vienna,TRK_0016,384.5,199.47,Delayed,3.6,676.89,109.3,Snow,240.44,57.3
2026-01-30,Paris to Lyon,TRK_0001,1141.9,563.27,On-Time,5.0,1359.52,21.45,Clear,0.0,73.2
2025-11-25,Zurich to Munich,TRK_0010,961.1,567.3,On-Time,4.7,1965.39,59.03,Snow,0.0,77.7
2025-06-10,Warsaw to Berlin,TRK_0023,1036.8,563.02,Delayed,3.5,1709.92,108.2,Fog,198.57,89.8
2026-02-05,Krakow to Bratislava,TRK_0042,593.9,289.21,On-Time,3.5,906.54,107.39,Snow,0.0,40.6
2025-09-19,Budapest to Bucharest,TRK_0036,632.3,304.88,Delayed,4.5,905.57,40.34,Snow,203.51,97.0
2025-02-26,Warsaw to Berlin,TRK_0047,1038.3,480.58,Delayed,4.4,1645.38,62.12,Clear,157.04,96.8
2026-02-17,Amsterdam to Brussels,TRK_0048,457.0,248.68,On-Time,4.0,660.35,44.88,Rain,0.0,77.1
2025-09-24,Vienna to Budapest,TRK_0048,1065.2,490.92,On-Time,3.6,1173.55,59.7,Fog,0.0,31.0
2025-02-01,Zurich to Munich,TRK_0028,918.7,385.82,On-Time,3.5,1129.16,96.78,Snow,0.0,67.7
2025-11-22,Berlin to Hamburg,TRK_0028,501.3,281.19,On-Time,2.9,803.51,65.9,Fog,0.0,34.4
2025-12-27,Milan to Zurich,TRK_0033,440.3,222.33,Delayed,2.9,650.7,111.78,Clear,182.27,54.8
2025-03-03,Amsterdam to Brussels,TRK_0024,444.4,201.94,On-Time,3.4,521.44,17.94,Rain,0.0,35.4
2025-10-29,Warsaw to Berlin,TRK_0027,1047.9,468.97,On-Time,4.3,1033.01,72.49,Clear,0.0,88.5
2025-08-02,Amsterdam to Brussels,TRK_0031,445.4,208.41,On-Time,4.6,684.37,28.95,Rain,0.0,61.8
2025-08-24,Berlin to Hamburg,TRK_0049,500.2,235.1,Delayed,4.1,707.81,55.66,Fog,137.63,28.3
2025-12-10,Paris to Lyon,TRK_0029,1083.3,449.46,Delayed,4.1,1439.65,47.43,Clear,189.47,31.2
2025-11-13,Amsterdam to Brussels,TRK_0035,465.7,251.54,On-Time,3.8,559.49,84.12,Rain,0.0,95.3
2025-05-21,Vienna to Budapest,TRK_0014,1145.6,610.73,Delayed,3.8,1598.01,76.83,Fog,226.54,26.7
2025-08-12,Krakow to Bratislava,TRK_0012,550.5,264.27,Delayed,4.9,767.52,44.96,Rain,123.44,31.5
2025-06-07,Brussels to Paris,TRK_0027,1007.5,487.37,Delayed,2.6,1319.27,48.6,Fog,231.81,43.8
2026-02-28,Warsaw to Berlin,TRK_0008,974.1,510.62,On-Time,4.4,1378.96,27.08,Clear,0.0,48.2
2025-10-11,Berlin to Prague,TRK_0027,463.3,210.14,On-Time,3.2,725.51,85.89,Rain,0.0,80.7
2025-11-30,Budapest to Bucharest,TRK_0009,635.3,327.0,On-Time,4.5,779.92,71.75,Rain,0.0,82.1
2025-10-03,Zurich to Munich,TRK_0028,959.3,446.14,On-Time,4.1,1360.27,32.58,Clear,0.0,93.1
2025-09-04,Amsterdam to Brussels,TRK_0018,442.7,246.52,On-Time,3.0,811.76,44.54,Rain,0.0,79.0
2025-10-16,Budapest to Bucharest,TRK_0005,605.1,328.2,On-Time,5.0,1096.77,37.14,Snow,0.0,89.5
2025-06-25,Budapest to Bucharest,TRK_0041,661.3,322.95,On-Time,3.3,798.92,115.69,Snow,0.0,26.2
2025-12-21,Brussels to Paris,TRK_0009,1086.0,490.95,Delayed,2.9,1434.82,88.13,Fog,209.62,64.3
2026-02-08,Brussels to Paris,TRK_0042,998.0,464.54,On-Time,4.2,1235.16,100.34,Snow,0.0,53.2
2026-01-29,Warsaw to Berlin,TRK_0045,966.3,430.99,Delayed,4.4,1373.11,86.46,Snow,112.56,84.6
2025-11-17,Lyon to Milan,TRK_0020,927.8,425.74,On-Time,3.2,1437.24,89.23,Rain,0.0,25.5
2026-02-25,Krakow to Bratislava,TRK_0041,555.5,257.82,Delayed,3.0,814.83,85.58,Rain,91.11,34.4
2025-02-03,Budapest to Bucharest,TRK_0009,658.4,372.44,On-Time,3.2,1229.78,17.43,Snow,0.0,74.7
2025-08-21,Krakow to Bratislava,TRK_0001,586.1,287.07,On-Time,3.6,1002.92,43.77,Fog,0.0,61.2
2025-09-22,Warsaw to Berlin,TRK_0049,1042.5,457.31,On-Time,3.6,1009.15,35.43,Clear,0.0,89.2
2026-02-18,Paris to Lyon,TRK_0002,1077.6,596.88,On-Time,3.0,1568.6,21.6,Clear,0.0,27.0
2025-08-10,Amsterdam to Brussels,TRK_0002,467.5,266.82,On-Time,3.7,919.58,102.41,Snow,0.0,62.9
2025-05-02,Lyon to Milan,TRK_0005,917.1,407.09,On-Time,2.8,1411.33,111.26,Fog,0.0,47.9
2025-12-22,Lyon to Milan,TRK_0005,874.2,461.34,On-Time,4.1,1054.41,86.14,Clear,0.0,46.5
2025-07-15,Berlin to Prague,TRK_0026,469.4,240.51,On-Time,4.1,670.89,63.74,Fog,0.0,89.2
2025-11-14,Warsaw to Krakow,TRK_0007,609.1,280.66,On-Time,4.0,656.86,16.29,Clear,0.0,68.3
2025-04-10,Prague to Vienna,TRK_0037,380.2,172.89,On-Time,3.6,435.01,98.69,Clear,0.0,34.3
2025-10-27,Hamburg to Amsterdam,TRK_0028,1154.8,573.93,On-Time,4.4,1372.63,47.41,Snow,0.0,46.2
2025-01-05,Amsterdam to Brussels,TRK_0034,461.2,196.86,On-Time,3.9,447.07,51.1,Rain,0.0,71.8
2025-04-14,Warsaw to Krakow,TRK_0005,581.4,292.82,On-Time,4.2,968.53,74.44,Snow,0.0,70.0
2025-08-03,Prague to Vienna,TRK_0022,360.2,205.71,On-Time,4.8,623.38,87.79,Fog,0.0,70.5
2025-05-03,Paris to Lyon,TRK_0031,1137.7,629.67,On-Time,3.5,2061.48,15.71,Clear,0.0,30.4
2025-01-16,Berlin to Prague,TRK_0036,447.4,221.03,On-Time,3.4,766.51,35.91,Snow,0.0,37.7
2025-05-15,Prague to Vienna,TRK_0047,369.0,171.0,Delayed,4.6,578.64,17.2,Rain,144.42,82.5
2025-02-26,Zurich to Munich,TRK_0022,926.4,436.61,On-Time,2.9,1259.62,98.9,Fog,0.0,89.1
2025-02-03,Prague to Vienna,TRK_0008,389.4,164.04,On-Time,4.2,428.69,60.1,Rain,0.0,92.2
2026-01-26,Amsterdam to Brussels,TRK_0040,439.9,228.61,On-Time,2.6,739.39,106.65,Fog,0.0,40.3
2025-02-11,Lyon to Milan,TRK_0031,922.8,407.67,On-Time,4.1,1166.71,67.35,Fog,0.0,38.1
2025-12-31,Hamburg to Amsterdam,TRK_0024,1125.5,575.28,On-Time,3.5,1954.54,76.32,Clear,0.0,40.1
2025-04-14,Milan to Zurich,TRK_0029,427.3,192.74,On-Time,2.9,635.11,41.73,Clear,0.0,34.8
2025-02-13,Berlin to Hamburg,TRK_0019,492.9,206.14,On-Time,3.3,574.41,60.41,Snow,0.0,83.7
2025-06-12,Krakow to Bratislava,TRK_0018,550.5,253.26,Delayed,4.8,654.14,67.69,Clear,213.6,92.6
2025-02-20,Berlin to Prague,TRK_0008,457.5,218.4,On-Time,3.1,692.06,95.69,Snow,0.0,38.9
2025-11-06,Milan to Zurich,TRK_0009,450.1,249.95,Delayed,3.2,817.09,97.23,Fog,240.79,85.0
2026-01-23,Warsaw to Berlin,TRK_0042,1001.2,514.99,Delayed,3.5,1284.9,93.66,Fog,119.73,67.9
2025-10-10,Berlin to Hamburg,TRK_0049,502.9,257.19,On-Time,3.0,823.31,88.28,Rain,0.0,57.0
2025-10-13,Warsaw to Krakow,TRK_0002,578.3,294.3,On-Time,3.7,899.53,52.24,Rain,0.0,55.6
2025-12-18,Krakow to Bratislava,TRK_0049,593.2,290.18,On-Time,3.9,650.55,29.61,Snow,0.0,66.5
2026-02-14,Zurich to Munich,TRK_0039,964.3,556.54,On-Time,3.5,1611.09,34.78,Clear,0.0,49.0
2025-08-20,Zurich to Munich,TRK_0041,935.4,437.69,Delayed,4.6,1306.23,17.82,Rain,91.81,95.3
2025-05-26,Vienna to Budapest,TRK_0014,1085.8,528.34,On-Time,2.5,1386.79,110.53,Fog,0.0,36.5
2025-02-26,Hamburg to Amsterdam,TRK_0009,1095.0,551.41,On-Time,3.0,1837.07,47.52,Fog,0.0,36.6
2025-10-22,Amsterdam to Brussels,TRK_0020,440.5,223.64,On-Time,5.0,621.6,101.58,Rain,0.0,63.4
2025-10-19,Berlin to Hamburg,TRK_0032,490.2,197.82,On-Time,4.8,524.38,103.48,Snow,0.0,53.5
2026-02-26,Krakow to Bratislava,TRK_0012,563.5,313.11,On-Time,4.8,763.51,74.7,Fog,0.0,76.0
2025-01-23,Zurich to Munich,TRK_0016,989.3,470.12,On-Time,4.8,1460.88,90.85,Rain,0.0,91.3
2025-07-30,Hamburg to Amsterdam,TRK_0049,1062.2,528.38,On-Time,4.4,1444.13,32.31,Rain,0.0,61.9
2025-08-25,Berlin to Prague,TRK_0002,470.4,236.88,On-Time,3.5,581.0,18.97,Snow,0.0,33.4
2025-03-11,Brussels to Paris,TRK_0021,1067.9,476.21,On-Time,3.1,1635.79,29.73,Snow,0.0,86.4
2025-03-29,Amsterdam to Brussels,TRK_0002,435.9,204.45,On-Time,2.7,652.74,86.13,Rain,0.0,57.2
2025-04-02,Paris to Lyon,TRK_0014,1056.4,506.41,On-Time,4.6,1648.35,82.31,Clear,0.0,53.5
2025-06-07,Warsaw to Berlin,TRK_0029,1013.9,434.82,On-Time,3.1,1470.29,36.0,Clear,0.0,55.8
2025-01-08,Milan to Zurich,TRK_0022,425.5,203.89,On-Time,4.5,668.67,32.63,Rain,0.0,28.2
2025-09-20,Milan to Zurich,TRK_0007,431.4,200.7,On-Time,3.9,686.51,27.68,Rain,0.0,32.7
2025-06-15,Warsaw to Berlin,TRK_0012,994.2,455.61,On-Time,2.7,1485.11,83.24,Snow,0.0,28.2
2025-04-22,Budapest to Bucharest,TRK_0027,647.9,346.33,On-Time,4.5,1177.14,74.77,Snow,0.0,95.0
2025-11-04,Brussels to Paris,TRK_0021,1062.5,588.58,On-Time,3.3,1781.02,107.82,Snow,0.0,96.4
2025-12-08,Berlin to Prague,TRK_0031,456.3,231.92,On-Time,4.1,580.3,76.68,Clear,0.0,42.0
2025-11-12,Zurich to Munich,TRK_0049,918.1,416.16,On-Time,2.7,989.97,67.37,Rain,0.0,36.1
2025-04-15,Warsaw to Berlin,TRK_0042,977.7,548.66,On-Time,4.7,1302.82,48.34,Clear,0.0,63.0
2025-08-01,Milan to Zurich,TRK_0042,429.7,200.19,On-Time,3.1,580.77,110.2,Rain,0.0,83.5
2025-12-23,Vienna to Budapest,TRK_0047,1121.0,514.52,On-Time,2.5,1713.78,22.35,Rain,0.0,28.8
2025-03-14,Prague to Vienna,TRK_0014,359.7,190.73,On-Time,3.1,438.99,91.12,Snow,0.0,37.0
2025-04-12,Krakow to Bratislava,TRK_0016,559.3,247.13,On-Time,4.1,631.03,97.04,Clear,0.0,94.4
2025-07-04,Krakow to Bratislava,TRK_0026,558.8,269.56,On-Time,4.4,880.24,98.32,Clear,0.0,80.6
2025-08-07,Lyon to Milan,TRK_0006,944.9,444.04,On-Time,2.9,1196.5,47.11,Snow,0.0,52.4
2025-11-07,Berlin to Prague,TRK_0031,456.3,219.68,On-Time,2.5,729.37,91.69,Snow,0.0,60.9
2025-08-01,Paris to Lyon,TRK_0026,1093.9,547.4,On-Time,3.5,1231.91,111.77,Fog,0.0,93.0
2025-03-25,Lyon to Milan,TRK_0013,902.2,449.85,On-Time,3.8,1275.42,87.29,Clear,0.0,72.5
2025-08-06,Vienna to Budapest,TRK_0048,1080.4,501.6,On-Time,4.2,1558.33,82.76,Snow,0.0,69.2
2025-12-15,Budapest to Bucharest,TRK_0010,615.1,315.17,Delayed,2.8,731.19,89.72,Fog,147.6,67.8
2025-02-11,Zurich to Munich,TRK_0034,924.3,471.87,On-Time,3.3,1631.72,84.14,Fog,0.0,67.8
2026-01-11,Lyon to Milan,TRK_0027,942.2,444.84,On-Time,4.4,1177.81,29.98,Rain,0.0,92.9
2025-07-23,Budapest to Bucharest,TRK_0045,599.9,270.88,Delayed,4.4,743.08,58.77,Snow,204.62,37.5
2025-07-11,Paris to Lyon,TRK_0012,1067.5,519.9,Delayed,3.9,1287.45,36.1,Rain,217.56,39.0
2025-07-29,Brussels to Paris,TRK_0029,1085.0,496.52,Delayed,2.7,1172.82,21.75,Clear,179.56,59.9
2025-12-11,Berlin to Prague,TRK_0049,441.2,222.21,On-Time,4.5,500.95,37.16,Clear,0.0,52.4
2025-09-24,Budapest to Bucharest,TRK_0049,658.3,309.43,On-Time,3.4,1038.82,119.94,Rain,0.0,93.7
2025-12-07,Krakow to Bratislava,TRK_0026,584.4,338.25,On-Time,2.5,1126.95,57.19,Rain,0.0,26.9
2025-03-04,Budapest to Bucharest,TRK_0034,659.5,323.45,On-Time,4.2,1077.35,69.07,Rain,0.0,25.2
2025-11-23,Warsaw to Berlin,TRK_0021,1017.4,586.86,On-Time,4.2,1469.28,65.88,Clear,0.0,50.4
2025-09-01,Milan to Zurich,TRK_0043,447.8,194.79,On-Time,4.3,648.81,107.0,Clear,0.0,34.3
2026-02-12,Budapest to Bucharest,TRK_0006,652.0,386.78,On-Time,4.7,1331.13,65.63,Rain,0.0,42.8
2025-03-29,Brussels to Paris,TRK_0049,1062.8,518.62,Delayed,4.8,1361.09,55.27,Snow,117.46,43.8
2025-09-01,Berlin to Prague,TRK_0043,471.7,258.46,On-Time,4.5,680.43,38.5,Clear,0.0,72.0
2025-07-13,Paris to Lyon,TRK_0046,1134.1,553.99,On-Time,4.6,1801.01,38.47,Clear,0.0,46.2
2025-02-27,Warsaw to Krakow,TRK_0006,614.4,344.71,Delayed,3.4,1140.76,115.18,Clear,132.84,68.1
2025-04-08,Krakow to Bratislava,TRK_0025,567.6,278.15,On-Time,3.8,829.47,38.32,Fog,0.0,25.7
2025-08-24,Prague to Vienna,TRK_0021,386.9,170.56,On-Time,2.9,438.07,93.44,Clear,0.0,68.7
2025-06-08,Paris to Lyon,TRK_0033,1066.3,601.21,On-Time,4.6,1709.56,88.93,Fog,0.0,29.3
2026-02-19,Prague to Vienna,TRK_0022,387.3,184.91,On-Time,4.3,419.44,105.87,Rain,0.0,87.5
2026-01-08,Budapest to Bucharest,TRK_0026,661.6,357.02,On-Time,3.9,942.04,86.18,Snow,0.0,80.3
2025-07-20,Hamburg to Amsterdam,TRK_0005,1129.0,567.53,On-Time,3.9,1320.37,48.96,Clear,0.0,87.0
2025-12-30,Berlin to Hamburg,TRK_0020,499.6,245.32,On-Time,4.7,606.6,99.46,Rain,0.0,78.7
2025-01-05,Paris to Lyon,TRK_0024,1147.5,538.93,On-Time,3.4,1874.13,86.34,Rain,0.0,92.6
2025-02-19,Berlin to Hamburg,TRK_0023,476.2,228.85,On-Time,4.0,791.97,80.83,Fog,0.0,42.9
2025-03-02,Krakow to Bratislava,TRK_0016,577.3,319.48,On-Time,3.4,990.18,98.51,Clear,0.0,81.8
2026-02-23,Krakow to Bratislava,TRK_0042,565.0,277.93,Delayed,2.7,788.21,85.22,Rain,83.91,66.8
2025-10-21,Budapest to Bucharest,TRK_0031,643.2,290.88,On-Time,5.0,905.67,46.33,Rain,0.0,32.3
2025-02-02,Zurich to Munich,TRK_0046,988.6,477.79,On-Time,3.5,1558.89,97.26,Fog,0.0,29.7
2025-10-27,Paris to Lyon,TRK_0035,1143.3,605.35,On-Time,4.1,1424.1,105.51,Rain,0.0,25.4
2025-08-17,Berlin to Prague,TRK_0021,442.6,226.2,Delayed,3.1,719.09,23.88,Clear,166.05,51.5
2025-10-06,Krakow to Bratislava,TRK_0011,605.6,291.17,Delayed,4.9,982.99,45.81,Fog,103.78,60.8
2025-06-10,Zurich to Munich,TRK_0034,1000.4,475.89,On-Time,2.7,1554.11,39.9,Rain,0.0,35.3
2025-04-21,Amsterdam to Brussels,TRK_0009,456.4,217.59,On-Time,3.6,634.23,42.37,Rain,0.0,54.2
2025-02-12,Brussels to Paris,TRK_0017,1034.2,530.44,Delayed,4.3,1853.34,88.16,Rain,201.46,66.1
2025-11-28,Amsterdam to Brussels,TRK_0033,438.7,221.34,On-Time,3.4,764.34,40.99,Snow,0.0,34.1
2025-02-26,Hamburg to Amsterdam,TRK_0044,1093.7,472.88,On-Time,4.4,1130.29,98.8,Snow,0.0,25.7
2025-07-13,Krakow to Bratislava,TRK_0015,604.1,290.64,On-Time,4.7,861.89,99.71,Clear,0.0,63.6
2025-12-25,Milan to Zurich,TRK_0037,429.4,183.55,Delayed,3.3,583.22,33.97,Fog,161.07,34.3
2025-01-05,Hamburg to Amsterdam,TRK_0044,1127.5,530.37,On-Time,3.2,1800.06,82.12,Snow,0.0,76.6
2025-05-08,Amsterdam to Brussels,TRK_0044,450.3,215.22,On-Time,3.7,553.73,115.02,Rain,0.0,47.3
2025-02-14,Krakow to Bratislava,TRK_0020,593.6,320.2,Delayed,3.1,743.42,75.41,Clear,206.38,65.5
2025-09-10,Krakow to Bratislava,TRK_0001,588.2,292.64,On-Time,4.2,901.27,70.9,Clear,0.0,54.6
2025-11-12,Zurich to Munich,TRK_0013,985.6,422.31,On-Time,3.4,1474.91,84.42,Clear,0.0,69.3
2025-03-28,Zurich to Munich,TRK_0044,990.4,460.22,Delayed,4.6,1319.81,115.01,Fog,164.24,37.4
2025-02-27,Zurich to Munich,TRK_0022,971.1,543.66,On-Time,3.2,1537.5,42.8,Clear,0.0,78.9
2025-10-19,Vienna to Budapest,TRK_0026,1155.9,673.12,On-Time,4.7,2299.4,108.71,Fog,0.0,29.2
2025-01-04,Berlin to Hamburg,TRK_0040,483.6,206.57,On-Time,3.0,549.66,25.64,Fog,0.0,39.4
2025-09-28,Zurich to Munich,TRK_0033,921.0,411.09,Delayed,4.1,1025.23,56.51,Snow,141.96,90.1
2025-10-02,Berlin to Prague,TRK_0018,486.7,243.0,Delayed,4.4,536.44,107.78,Rain,98.81,45.8
2025-03-10,Krakow to Bratislava,TRK_0026,592.1,294.15,On-Time,3.7,901.52,42.91,Fog,0.0,60.7
2025-09-11,Paris to Lyon,TRK_0044,1066.7,579.71,On-Time,4.3,1834.47,101.69,Rain,0.0,33.0
2025-02-25,Prague to Vienna,TRK_0002,362.1,185.94,On-Time,4.2,491.77,117.53,Clear,0.0,56.7
2025-05-29,Berlin to Hamburg,TRK_0019,471.5,231.73,On-Time,3.0,594.5,27.08,Snow,0.0,97.6
2025-05-07,Milan to Zurich,TRK_0043,435.9,223.17,Delayed,4.3,668.27,34.81,Rain,119.0,34.7
2025-01-20,Vienna to Budapest,TRK_0018,1156.6,567.98,Delayed,2.6,1550.29,47.18,Rain,117.7,56.1
2025-02-01,Krakow to Bratislava,TRK_0033,586.3,261.58,On-Time,3.4,717.64,48.58,Clear,0.0,38.3
2025-01-01,Brussels to Paris,TRK_0004,1067.5,485.21,On-Time,2.8,1184.05,114.57,Snow,0.0,49.4
2025-02-27,Brussels to Paris,TRK_0007,991.3,523.87,On-Time,4.4,1398.63,96.77,Snow,0.0,42.4
2025-05-22,Amsterdam to Brussels,TRK_0014,448.7,220.91,On-Time,2.8,654.45,110.78,Rain,0.0,39.1
2025-08-17,Berlin to Prague,TRK_0007,484.5,233.48,On-Time,4.4,675.6,31.14,Rain,0.0,39.0
2025-10-09,Budapest to Bucharest,TRK_0046,655.7,361.28,On-Time,3.4,966.72,81.14,Clear,0.0,91.5
2025-02-04,Krakow to Bratislava,TRK_0031,579.4,328.86,Delayed,3.2,1137.11,45.41,Clear,215.05,75.6
2026-01-15,Berlin to Hamburg,TRK_0026,501.1,288.96,Delayed,4.4,780.02,96.83,Fog,183.23,40.1
2025-01-02,Amsterdam to Brussels,TRK_0011,441.2,241.33,On-Time,3.6,752.97,70.13,Snow,0.0,87.2
2025-06-01,Budapest to Bucharest,TRK_0046,634.3,261.82,On-Time,2.6,626.43,107.78,Rain,0.0,44.7
2026-02-09,Brussels to Paris,TRK_0004,1092.0,557.99,Delayed,4.1,1686.52,117.08,Snow,94.15,76.5
2025-10-09,Paris to Lyon,TRK_0017,1067.4,544.77,On-Time,4.1,1205.87,52.33,Snow,0.0,37.9
2025-01-09,Brussels to Paris,TRK_0035,1091.9,596.81,Delayed,4.4,1609.34,83.65,Rain,218.86,41.1
2025-05-18,Amsterdam to Brussels,TRK_0014,459.9,237.52,On-Time,4.3,656.52,30.58,Fog,0.0,31.8
2025-04-03,Prague to Vienna,TRK_0030,386.8,177.63,On-Time,3.0,455.92,47.57,Rain,0.0,84.7
2025-12-18,Vienna to Budapest,TRK_0039,1061.3,445.78,On-Time,4.9,1038.8,70.31,Clear,0.0,69.0
2025-07-13,Warsaw to Berlin,TRK_0025,964.8,447.02,On-Time,2.8,1430.98,43.1,Clear,0.0,82.8
2025-01-05,Hamburg to Amsterdam,TRK_0007,1130.1,553.31,On-Time,3.7,1622.14,61.65,Rain,0.0,47.4
2025-09-03,Vienna to Budapest,TRK_0010,1059.7,552.79,Delayed,4.6,1290.02,46.16,Fog,104.11,91.6
2025-01-13,Krakow to Bratislava,TRK_0015,571.4,258.76,On-Time,4.2,800.29,90.06,Clear,0.0,60.9
2025-02-26,Berlin to Prague,TRK_0015,485.2,206.93,On-Time,3.4,704.0,23.9,Clear,0.0,69.1
2025-04-02,Hamburg to Amsterdam,TRK_0028,1085.8,485.48,On-Time,4.2,1462.36,45.14,Clear,0.0,44.8
2025-09-13,Warsaw to Krakow,TRK_0043,626.0,340.11,Delayed,2.5,1160.8,30.61,Rain,134.44,53.5
2026-01-05,Milan to Zurich,TRK_0031,420.0,227.17,On-Time,2.7,793.55,34.1,Fog,0.0,50.7
2025-09-11,Berlin to Hamburg,TRK_0028,501.5,253.82,On-Time,4.5,774.19,40.82,Fog,0.0,65.1
2025-10-03,Berlin to Hamburg,TRK_0035,493.6,252.45,On-Time,3.6,745.04,87.82,Rain,0.0,76.3
2025-05-01,Warsaw to Berlin,TRK_0024,974.2,499.06,On-Time,2.8,1169.4,110.69,Snow,0.0,87.0
2026-02-03,Budapest to Bucharest,TRK_0009,628.5,333.01,On-Time,3.6,823.85,38.58,Rain,0.0,33.6
2025-12-23,Prague to Vienna,TRK_0046,370.4,176.37,On-Time,4.3,539.97,22.75,Rain,0.0,27.2
2025-07-07,Berlin to Prague,TRK_0010,452.2,209.48,On-Time,4.4,588.78,29.71,Snow,0.0,59.3
2026-01-05,Berlin to Hamburg,TRK_0022,505.8,247.04,Delayed,4.7,553.8,93.87,Rain,81.85,85.8
2025-12-15,Hamburg to Amsterdam,TRK_0030,1127.3,528.08,On-Time,3.1,1801.22,43.54,Clear,0.0,63.1
2025-03-06,Vienna to Budapest,TRK_0048,1098.0,473.13,On-Time,4.9,1413.05,23.11,Fog,0.0,59.9
2025-12-01,Krakow to Bratislava,TRK_0042,596.9,285.57,On-Time,3.0,668.5,23.17,Snow,0.0,27.0
2025-05-25,Hamburg to Amsterdam,TRK_0011,1060.6,438.81,On-Time,3.0,1080.46,112.57,Rain,0.0,44.6
2025-10-19,Warsaw to Berlin,TRK_0037,1010.4,478.97,On-Time,4.9,1059.01,52.45,Snow,0.0,95.0
2025-09-14,Warsaw to Krakow,TRK_0013,615.1,344.31,On-Time,2.7,939.78,92.85,Clear,0.0,61.7
2026-02-01,Warsaw to Berlin,TRK_0010,1012.8,489.59,On-Time,3.2,1173.55,63.63,Clear,0.0,94.6
2025-04-29,Lyon to Milan,TRK_0014,924.5,432.93,On-Time,3.8,1510.91,78.92,Snow,0.0,57.7
2025-03-09,Budapest to Bucharest,TRK_0022,622.2,323.43,On-Time,4.4,874.53,36.93,Clear,0.0,94.9
2025-10-18,Berlin to Hamburg,TRK_0041,472.2,216.3,On-Time,4.7,700.08,108.99,Fog,0.0,31.9
2025-06-10,Zurich to Munich,TRK_0011,934.5,418.59,On-Time,2.7,1307.61,63.38,Fog,0.0,96.4
2026-01-26,Brussels to Paris,TRK_0029,1086.2,635.32,On-Time,3.4,1634.43,57.95,Rain,0.0,57.2
2025-09-20,Warsaw to Krakow,TRK_0040,592.4,301.3,On-Time,4.7,930.21,80.16,Clear,0.0,79.1
2025-05-06,Milan to Zurich,TRK_0045,441.7,183.89,On-Time,3.9,608.67,38.42,Fog,0.0,73.8
2025-06-28,Berlin to Hamburg,TRK_0030,499.0,263.5,Delayed,4.3,893.98,111.86,Fog,113.91,49.0
2025-06-12,Amsterdam to Brussels,TRK_0022,453.4,230.26,On-Time,2.6,553.19,64.35,Rain,0.0,48.4
2025-01-17,Lyon to Milan,TRK_0039,897.1,467.61,On-Time,3.7,1061.62,106.14,Fog,0.0,44.7
2025-11-22,Berlin to Prague,TRK_0012,447.4,190.67,On-Time,3.6,523.51,37.48,Snow,0.0,38.4
2025-01-28,Zurich to Munich,TRK_0006,992.3,490.39,Delayed,3.4,1346.04,64.93,Rain,244.15,56.9
2025-12-21,Krakow to Bratislava,TRK_0037,596.7,317.79,On-Time,4.3,938.13,30.18,Snow,0.0,26.0
2025-08-23,Berlin to Hamburg,TRK_0010,509.9,248.28,On-Time,3.8,547.4,62.31,Rain,0.0,71.3
2025-11-24,Berlin to Prague,TRK_0038,442.5,214.07,On-Time,4.4,638.19,37.69,Rain,0.0,94.5
2025-12-14,Warsaw to Berlin,TRK_0037,991.0,451.22,On-Time,4.5,1065.86,67.41,Fog,0.0,55.2
2025-06-30,Milan to Zurich,TRK_0023,440.9,227.48,Delayed,2.9,627.14,33.57,Rain,172.27,52.9
2025-12-04,Brussels to Paris,TRK_0045,1035.5,492.44,On-Time,4.6,1720.57,99.62,Clear,0.0,31.5
2025-01-09,Zurich to Munich,TRK_0040,945.5,483.75,On-Time,2.7,1343.54,76.03,Clear,0.0,73.7
2025-08-04,Vienna to Budapest,TRK_0014,1139.7,520.84,On-Time,4.9,1383.25,98.34,Fog,0.0,55.1
2026-02-25,Paris to Lyon,TRK_0042,1139.5,589.72,On-Time,3.8,1502.54,84.16,Snow,0.0,86.2
2026-02-12,Brussels to Paris,TRK_0027,1015.1,530.77,Delayed,2.9,1426.03,100.75,Snow,136.97,95.0
2025-08-09,Hamburg to Amsterdam,TRK_0016,1156.3,540.71,On-Time,4.5,1595.75,28.53,Fog,0.0,96.3
2025-03-30,Zurich to Munich,TRK_0026,936.6,400.58,On-Time,2.8,942.92,75.58,Fog,0.0,86.5
2025-11-18,Milan to Zurich,TRK_0017,441.3,223.36,Delayed,3.6,674.0,77.3,Clear,185.08,64.7
2025-02-10,Krakow to Bratislava,TRK_0037,550.6,309.28,On-Time,4.4,755.42,83.51,Rain,0.0,46.7
2025-10-02,Paris to Lyon,TRK_0016,1139.0,622.42,On-Time,3.2,2125.86,80.88,Clear,0.0,33.1
2025-11-02,Berlin to Prague,TRK_0008,447.4,194.1,Delayed,4.6,657.33,36.84,Clear,163.48,26.6
2025-02-07,Brussels to Paris,TRK_0032,997.9,495.25,On-Time,4.8,1610.11,33.88,Clear,0.0,91.0
2025-12-04,Brussels to Paris,TRK_0037,1053.1,503.07,On-Time,3.7,1508.31,72.38,Rain,0.0,63.1
2025-05-11,Vienna to Budapest,TRK_0008,1120.8,553.52,On-Time,3.0,1480.31,109.35,Clear,0.0,48.9
2025-04-23,Paris to Lyon,TRK_0006,1129.2,483.43,On-Time,2.7,1508.55,83.45,Fog,0.0,79.4
2025-09-11,Hamburg to Amsterdam,TRK_0028,1153.3,586.16,On-Time,4.6,1836.21,116.0,Clear,0.0,67.6
2026-01-28,Budapest to Bucharest,TRK_0038,609.9,290.28,On-Time,3.6,863.65,43.53,Snow,0.0,70.5
2025-11-07,Krakow to Bratislava,TRK_0025,560.6,285.16,On-Time,3.6,957.08,115.6,Snow,0.0,67.8
2025-05-31,Milan to Zurich,TRK_0039,455.6,246.15,On-Time,2.8,800.42,60.09,Rain,0.0,51.1
2025-02-07,Brussels to Paris,TRK_0014,1028.6,445.99,Delayed,4.2,1396.77,37.45,Snow,232.79,66.0
2025-07-17,Amsterdam to Brussels,TRK_0019,440.9,204.13,On-Time,4.9,663.35,85.49,Fog,0.0,74.8
2025-08-11,Milan to Zurich,TRK_0021,431.1,207.82,On-Time,5.0,571.01,28.03,Rain,0.0,68.9
2025-10-30,Vienna to Budapest,TRK_0025,1117.5,534.0,On-Time,5.0,1807.66,44.86,Fog,0.0,27.7
2025-10-01,Warsaw to Berlin,TRK_0034,987.7,427.9,On-Time,3.5,1108.82,48.3,Snow,0.0,54.2
2025-10-12,Warsaw to Krakow,TRK_0050,599.6,253.02,On-Time,3.7,767.52,110.6,Snow,0.0,93.5
2025-02-22,Vienna to Budapest,TRK_0002,1058.9,425.54,On-Time,4.2,1177.21,32.87,Rain,0.0,77.9
2026-02-20,Milan to Zurich,TRK_0024,456.7,268.02,On-Time,3.1,863.14,26.63,Snow,0.0,30.5
2025-06-18,Amsterdam to Brussels,TRK_0045,467.2,230.54,On-Time,4.0,543.12,48.53,Rain,0.0,80.0
2025-07-31,Berlin to Hamburg,TRK_0041,500.3,233.13,On-Time,3.7,597.91,96.13,Fog,0.0,41.5
2025-05-16,Budapest to Bucharest,TRK_0050,644.3,324.07,On-Time,4.1,1073.52,87.97,Clear,0.0,95.9
2025-01-31,Warsaw to Berlin,TRK_0014,1021.1,484.01,On-Time,3.4,1577.0,94.97,Snow,0.0,80.5
2025-06-09,Berlin to Hamburg,TRK_0046,499.6,242.73,Delayed,4.8,655.67,62.51,Rain,212.6,38.7
2025-05-23,Prague to Vienna,TRK_0028,382.0,208.29,Delayed,3.7,487.26,26.57,Clear,232.0,38.7
2025-01-15,Brussels to Paris,TRK_0031,1045.2,457.07,On-Time,3.4,1131.56,56.68,Fog,0.0,62.1
2025-01-28,Budapest to Bucharest,TRK_0029,622.8,267.39,On-Time,3.0,654.11,33.55,Snow,0.0,63.7
2025-09-10,Krakow to Bratislava,TRK_0034,555.4,232.19,Delayed,2.8,780.99,75.4,Rain,91.19,32.4
2025-04-26,Paris to Lyon,TRK_0040,1131.9,497.75,On-Time,4.7,1268.64,36.6,Rain,0.0,50.4
2025-05-28,Amsterdam to Brussels,TRK_0046,444.4,181.25,On-Time,4.1,572.9,104.52,Rain,0.0,37.4
2025-12-15,Prague to Vienna,TRK_0005,363.3,179.75,Delayed,3.7,473.51,33.64,Snow,229.81,37.5
2026-01-25,Amsterdam to Brussels,TRK_0001,447.3,196.15,On-Time,3.7,443.05,16.83,Snow,0.0,86.0
2025-09-26,Prague to Vienna,TRK_0033,384.6,183.84,On-Time,3.3,521.71,51.83,Snow,0.0,73.4
2025-05-10,Berlin to Hamburg,TRK_0024,468.1,230.06,On-Time,4.4,762.43,109.73,Fog,0.0,33.2
2025-12-18,Paris to Lyon,TRK_0034,1123.5,496.85,On-Time,5.0,1323.78,18.24,Fog,0.0,51.2
2026-01-17,Vienna to Budapest,TRK_0006,1155.6,507.24,On-Time,4.1,1475.25,110.8,Rain,0.0,44.4
2025-12-14,Zurich to Munich,TRK_0023,937.9,507.25,On-Time,3.0,1498.1,88.69,Clear,0.0,56.6
2025-08-21,Lyon to Milan,TRK_0037,934.5,474.33,On-Time,4.2,1331.07,30.77,Snow,0.0,70.5
2025-12-07,Budapest to Bucharest,TRK_0011,630.2,266.88,On-Time,3.0,873.53,27.96,Fog,0.0,47.3
2025-08-09,Brussels to Paris,TRK_0023,1076.8,439.98,On-Time,4.5,1255.08,115.65,Rain,0.0,94.6
2026-01-01,Prague to Vienna,TRK_0018,393.6,182.18,Delayed,3.0,512.86,52.24,Fog,151.84,95.6
2025-02-20,Zurich to Munich,TRK_0017,935.1,442.77,On-Time,3.3,1306.89,86.75,Rain,0.0,43.3
2025-08-02,Vienna to Budapest,TRK_0036,1086.9,488.03,On-Time,3.9,1312.19,106.97,Fog,0.0,32.0
2025-09-27,Paris to Lyon,TRK_0029,1087.3,606.13,On-Time,3.6,1664.83,58.08,Clear,0.0,91.6
2025-01-14,Krakow to Bratislava,TRK_0050,554.2,268.58,On-Time,4.0,721.15,80.19,Snow,0.0,28.9
2025-07-21,Krakow to Bratislava,TRK_0009,587.8,299.11,On-Time,4.6,690.96,43.37,Clear,0.0,49.3
2025-02-19,Amsterdam to Brussels,TRK_0019,453.2,194.88,On-Time,4.2,616.05,20.57,Rain,0.0,62.7
2025-10-15,Berlin to Hamburg,TRK_0048,474.1,258.61,Delayed,4.1,810.71,113.34,Fog,186.02,39.7
2025-02-04,Prague to Vienna,TRK_0001,378.9,156.2,On-Time,3.7,512.73,61.6,Clear,0.0,92.6
2025-06-03,Berlin to Hamburg,TRK_0026,515.7,287.55,On-Time,4.6,887.3,105.23,Clear,0.0,56.6
2025-11-22,Prague to Vienna,TRK_0002,361.6,176.8,On-Time,4.2,435.01,65.45,Snow,0.0,73.7
2025-10-29,Warsaw to Krakow,TRK_0032,610.1,301.8,Delayed,3.5,830.64,17.94,Fog,100.42,53.4
2025-10-25,Warsaw to Berlin,TRK_0020,1018.6,553.34,Delayed,4.8,1909.93,64.13,Fog,127.07,96.7
2025-07-03,Milan to Zurich,TRK_0033,454.8,223.97,On-Time,3.8,543.54,30.9,Snow,0.0,58.5
2026-02-07,Budapest to Bucharest,TRK_0009,649.0,354.92,Delayed,4.6,1004.02,116.07,Rain,177.93,92.7
2026-02-02,Hamburg to Amsterdam,TRK_0043,1077.4,558.6,On-Time,4.0,1831.57,22.09,Clear,0.0,87.2
2025-03-23,Berlin to Prague,TRK_0015,471.7,238.27,On-Time,3.1,763.24,111.31,Rain,0.0,32.7
2025-03-31,Zurich to Munich,TRK_0047,942.9,550.39,Delayed,3.1,1237.63,93.74,Fog,209.77,69.3
2025-01-16,Warsaw to Krakow,TRK_0012,576.5,258.56,On-Time,3.9,634.62,66.57,Snow,0.0,41.5
2026-01-15,Krakow to Bratislava,TRK_0011,596.1,292.49,On-Time,4.1,897.73,36.37,Rain,0.0,90.2
2025-07-04,Krakow to Bratislava,TRK_0050,581.9,297.66,On-Time,4.9,936.67,70.46,Rain,0.0,85.8
2025-10-20,Hamburg to Amsterdam,TRK_0031,1087.7,551.24,Delayed,2.7,1519.09,54.49,Clear,176.76,34.3
2025-09-22,Berlin to Prague,TRK_0020,446.3,208.88,On-Time,3.1,714.96,111.84,Snow,0.0,53.5
2025-07-03,Milan to Zurich,TRK_0005,455.3,225.23,On-Time,4.6,768.34,67.5,Fog,0.0,70.2
2025-10-07,Zurich to Munich,TRK_0045,916.9,480.72,On-Time,2.6,1268.84,42.39,Snow,0.0,89.8
2025-01-31,Vienna to Budapest,TRK_0009,1114.2,619.26,On-Time,4.7,1552.05,22.66,Clear,0.0,50.2
2025-02-06,Amsterdam to Brussels,TRK_0027,464.9,267.29,On-Time,2.8,839.38,25.93,Fog,0.0,62.1
2025-11-29,Krakow to Bratislava,TRK_0023,576.7,320.99,On-Time,4.8,717.18,97.09,Rain,0.0,64.0
2025-07-14,Brussels to Paris,TRK_0044,1066.8,481.26,On-Time,4.2,1327.62,59.82,Rain,0.0,33.4
2025-03-02,Zurich to Munich,TRK_0040,941.4,423.08,Delayed,3.1,1254.52,38.85,Clear,248.46,26.1
2026-01-04,Milan to Zurich,TRK_0016,419.5,182.45,On-Time,3.3,544.27,108.49,Snow,0.0,34.5
2025-07-23,Brussels to Paris,TRK_0031,1002.7,422.08,On-Time,3.7,1331.99,52.48,Rain,0.0,57.4
2025-06-04,Lyon to Milan,TRK_0024,912.7,458.29,On-Time,3.3,1330.8,25.96,Snow,0.0,90.7
2025-12-28,Berlin to Hamburg,TRK_0040,481.2,204.05,On-Time,3.1,645.71,37.13,Snow,0.0,77.9
2026-02-08,Warsaw to Berlin,TRK_0010,1052.0,551.84,On-Time,2.8,1571.96,18.54,Snow,0.0,67.9
2025-06-03,Warsaw to Berlin,TRK_0006,981.8,490.61,On-Time,3.5,1107.67,36.6,Rain,0.0,73.2
2025-09-30,Brussels to Paris,TRK_0004,1021.7,488.62,Delayed,4.0,1642.31,111.88,Snow,217.74,68.1
2026-01-23,Warsaw to Krakow,TRK_0002,613.5,329.41,On-Time,4.8,1046.9,99.78,Fog,0.0,94.5
2025-12-14,Milan to Zurich,TRK_0019,460.6,223.28,On-Time,4.4,566.71,115.83,Fog,0.0,79.4
2025-05-02,Zurich to Munich,TRK_0009,907.7,513.95,Delayed,3.1,1493.36,50.44,Fog,86.56,45.0
2025-05-18,Budapest to Bucharest,TRK_0043,648.8,345.7,Delayed,3.9,904.8,42.77,Rain,155.45,26.3
2025-01-05,Warsaw to Berlin,TRK_0030,1050.8,544.84,On-Time,2.6,1863.62,44.03,Snow,0.0,94.6
2025-08-14,Budapest to Bucharest,TRK_0012,647.8,322.02,Delayed,4.1,769.94,79.88,Clear,119.55,72.8
2025-04-05,Hamburg to Amsterdam,TRK_0044,1143.8,517.99,On-Time,2.7,1620.75,42.2,Snow,0.0,26.2
2025-06-30,Paris to Lyon,TRK_0035,1057.6,449.17,On-Time,2.8,1033.4,36.42,Snow,0.0,85.5
2025-12-15,Berlin to Prague,TRK_0027,470.6,231.76,On-Time,4.5,610.8,57.85,Snow,0.0,59.4
2025-05-31,Warsaw to Berlin,TRK_0040,969.9,461.08,On-Time,2.6,1379.44,99.84,Snow,0.0,93.6
2025-07-13,Warsaw to Berlin,TRK_0038,1019.8,482.54,On-Time,4.9,1662.94,119.19,Fog,0.0,64.3
2025-03-04,Lyon to Milan,TRK_0034,867.3,422.85,On-Time,3.2,1389.83,45.77,Rain,0.0,49.0
2026-02-14,Warsaw to Krakow,TRK_0050,583.9,298.35,On-Time,3.6,1027.78,58.04,Clear,0.0,50.7
2025-09-16,Zurich to Munich,TRK_0005,940.9,433.89,On-Time,3.1,1421.5,118.61,Rain,0.0,81.7
2025-07-28,Amsterdam to Brussels,TRK_0044,461.5,243.82,On-Time,2.8,665.89,68.03,Rain,0.0,67.0
2025-11-20,Vienna to Budapest,TRK_0050,1153.3,552.98,Delayed,3.2,1615.23,112.66,Clear,101.49,27.5
2025-08-09,Paris to Lyon,TRK_0002,1071.1,474.71,On-Time,3.5,1305.01,28.38,Rain,0.0,77.0
2025-03-02,Zurich to Munich,TRK_0022,985.0,473.22,Delayed,4.3,1086.46,111.68,Fog,234.81,71.1
2026-01-15,Budapest to Bucharest,TRK_0028,647.3,345.01,On-Time,4.0,1126.85,68.48,Rain,0.0,90.4
2025-10-31,Warsaw to Krakow,TRK_0038,610.4,284.7,Delayed,4.3,729.71,96.17,Rain,130.55,49.9
2025-10-16,Zurich to Munich,TRK_0034,956.4,506.57,On-Time,3.5,1613.17,115.12,Clear,0.0,84.4
2026-01-12,Vienna to Budapest,TRK_0047,1101.3,548.77,On-Time,3.4,1325.43,45.22,Fog,0.0,57.0
2025-03-28,Zurich to Munich,TRK_0019,931.0,429.81,On-Time,3.2,999.21,72.98,Rain,0.0,27.0
2025-01-21,Hamburg to Amsterdam,TRK_0035,1137.0,526.09,Delayed,3.0,1801.52,74.97,Fog,168.55,85.7
2025-06-01,Paris to Lyon,TRK_0008,1130.9,588.07,On-Time,3.2,1954.66,119.27,Clear,0.0,95.7
2026-02-16,Paris to Lyon,TRK_0006,1140.5,565.41,On-Time,3.2,1707.43,68.85,Clear,0.0,76.6
2025-06-11,Krakow to Bratislava,TRK_0003,554.9,284.45,On-Time,3.9,935.53,80.74,Clear,0.0,43.0
2025-10-28,Milan to Zurich,TRK_0025,458.5,221.92,Delayed,4.5,699.85,44.67,Rain,187.91,31.5
2025-09-22,Paris to Lyon,TRK_0047,1076.3,516.9,On-Time,4.3,1163.26,87.24,Fog,0.0,71.1
2025-05-01,Warsaw to Krakow,TRK_0041,599.1,283.97,On-Time,3.1,732.57,65.93,Fog,0.0,68.6
2025-10-06,Budapest to Bucharest,TRK_0031,605.5,290.09,On-Time,3.2,1003.76,49.17,Fog,0.0,33.5
2025-08-26,Brussels to Paris,TRK_0021,1001.7,530.72,On-Time,3.7,1722.79,66.36,Fog,0.0,75.2
2025-01-15,Budapest to Bucharest,TRK_0019,631.5,353.38,Delayed,4.4,897.62,48.35,Fog,217.54,56.0
2025-05-14,Budapest to Bucharest,TRK_0004,630.1,296.04,Delayed,3.6,736.46,106.94,Rain,212.52,33.1
2025-11-11,Warsaw to Krakow,TRK_0040,577.8,309.41,Delayed,3.4,994.62,50.0,Snow,210.36,65.4
2025-12-02,Hamburg to Amsterdam,TRK_0004,1072.0,577.07,On-Time,3.5,1808.06,45.47,Rain,0.0,91.5
2025-06-19,Vienna to Budapest,TRK_0027,1114.9,465.57,On-Time,4.4,1342.95,67.66,Fog,0.0,28.1
2025-05-25,Warsaw to Berlin,TRK_0020,976.9,481.11,On-Time,2.8,1548.82,83.8,Rain,0.0,84.7
2025-05-19,Berlin to Prague,TRK_0006,444.2,239.14,On-Time,2.5,784.22,78.51,Rain,0.0,32.0
2025-10-29,Vienna to Budapest,TRK_0026,1145.8,637.4,On-Time,4.4,1652.65,63.19,Clear,0.0,44.3
2025-12-02,Berlin to Hamburg,TRK_0037,485.9,220.97,On-Time,3.2,567.84,88.8,Rain,0.0,52.9
2025-09-12,Krakow to Bratislava,TRK_0047,604.1,325.14,On-Time,3.9,725.83,95.98,Fog,0.0,52.0
2025-10-16,Brussels to Paris,TRK_0007,1022.3,471.18,Delayed,3.9,1163.81,113.92,Rain,94.26,54.4
2025-08-31,Paris to Lyon,TRK_0034,1145.6,541.21,On-Time,3.5,1711.67,102.6,Clear,0.0,48.5
2025-10-17,Krakow to Bratislava,TRK_0039,599.5,262.0,On-Time,3.7,746.64,115.74,Rain,0.0,48.5
2025-12-29,Hamburg to Amsterdam,TRK_0031,1110.1,596.63,On-Time,3.6,1372.7,28.36,Clear,0.0,36.8
2026-01-19,Prague to Vienna,TRK_0008,363.7,177.8,On-Time,3.7,535.89,70.08,Rain,0.0,79.7
2025-10-08,Krakow to Bratislava,TRK_0027,549.6,269.1,On-Time,4.7,686.86,48.85,Snow,0.0,66.2
2025-03-26,Budapest to Bucharest,TRK_0010,632.5,294.9,On-Time,3.8,745.1,63.6,Snow,0.0,92.7
2026-01-04,Prague to Vienna,TRK_0009,375.9,178.28,On-Time,2.9,407.76,117.58,Snow,0.0,76.2
2025-04-13,Berlin to Prague,TRK_0045,465.8,200.29,On-Time,2.9,531.89,73.71,Rain,0.0,50.2
2025-01-08,Budapest to Bucharest,TRK_0013,617.4,324.31,On-Time,3.4,1036.85,113.1,Rain,0.0,30.7
2025-03-20,Paris to Lyon,TRK_0007,1076.6,494.09,Delayed,3.8,1501.18,55.21,Snow,244.33,78.8
2025-11-12,Zurich to Munich,TRK_0043,951.5,453.91,On-Time,2.7,1472.65,30.38,Rain,0.0,59.7
2025-01-01,Berlin to Prague,TRK_0021,482.4,212.57,On-Time,4.2,558.04,67.54,Clear,0.0,42.6
2025-07-21,Lyon to Milan,TRK_0025,897.6,419.89,On-Time,3.8,1405.91,103.43,Rain,0.0,94.0
2025-05-23,Prague to Vienna,TRK_0046,387.7,191.47,On-Time,4.2,560.1,60.72,Snow,0.0,38.0
2025-07-07,Lyon to Milan,TRK_0030,923.4,447.5,On-Time,5.0,1531.0,55.16,Rain,0.0,93.1
2025-01-06,Berlin to Hamburg,TRK_0013,485.2,224.52,On-Time,4.8,761.25,67.79,Clear,0.0,69.3
2025-01-18,Budapest to Bucharest,TRK_0042,639.9,334.67,On-Time,3.2,761.17,75.08,Clear,0.0,88.0
2025-08-30,Brussels to Paris,TRK_0039,1037.3,492.47,On-Time,3.9,1149.94,53.8,Rain,0.0,76.5
2025-04-01,Berlin to Prague,TRK_0009,460.3,221.22,On-Time,2.7,514.72,72.13,Rain,0.0,72.8
2026-01-13,Warsaw to Krakow,TRK_0002,620.2,314.66,On-Time,4.8,932.31,114.15,Clear,0.0,93.7
2025-07-26,Milan to Zurich,TRK_0027,446.4,185.02,On-Time,2.9,471.18,33.12,Clear,0.0,45.1
2025-04-12,Hamburg to Amsterdam,TRK_0045,1094.0,586.64,On-Time,3.3,1718.11,27.36,Fog,0.0,66.5
2025-12-23,Amsterdam to Brussels,TRK_0006,473.5,227.02,On-Time,2.7,593.15,80.8,Clear,0.0,81.0
2026-02-08,Vienna to Budapest,TRK_0001,1124.3,583.83,On-Time,3.3,1801.21,113.98,Rain,0.0,79.6
2026-01-13,Budapest to Bucharest,TRK_0009,602.8,288.6,Delayed,3.3,719.7,34.77,Rain,110.11,46.5
2025-12-24,Budapest to Bucharest,TRK_0029,605.3,278.47,On-Time,3.8,912.92,87.14,Rain,0.0,27.7
2025-10-27,Prague to Vienna,TRK_0025,376.4,178.69,On-Time,4.5,578.09,36.78,Snow,0.0,31.6
2026-01-31,Budapest to Bucharest,TRK_0014,613.2,306.63,On-Time,4.1,864.01,64.06,Snow,0.0,52.2
2025-07-13,Amsterdam to Brussels,TRK_0043,472.2,204.5,On-Time,4.8,492.1,64.93,Snow,0.0,72.3
2025-02-21,Zurich to Munich,TRK_0012,940.5,428.63,On-Time,3.6,1286.57,77.33,Fog,0.0,78.4
2025-08-31,Budapest to Bucharest,TRK_0016,645.1,320.95,On-Time,2.6,1093.7,39.6,Clear,0.0,55.7
2026-02-01,Amsterdam to Brussels,TRK_0018,449.5,196.94,On-Time,4.7,680.39,114.0,Rain,0.0,94.5
2025-10-18,Prague to Vienna,TRK_0049,361.1,184.88,On-Time,3.3,590.8,99.16,Fog,0.0,53.9
2025-08-24,Brussels to Paris,TRK_0001,1005.3,512.12,Delayed,3.1,1262.03,24.47,Rain,106.2,65.5
2026-02-02,Warsaw to Berlin,TRK_0024,1001.7,469.53,On-Time,4.2,1590.15,85.19,Fog,0.0,76.6
2026-01-26,Krakow to Bratislava,TRK_0007,556.5,267.19,On-Time,4.7,872.57,91.69,Fog,0.0,68.6
2025-10-01,Warsaw to Krakow,TRK_0005,599.3,313.4,On-Time,4.0,1002.31,53.76,Snow,0.0,61.6
2025-01-01,Amsterdam to Brussels,TRK_0040,465.4,255.16,Delayed,3.0,631.42,60.72,Snow,145.29,38.1
2025-03-19,Budapest to Bucharest,TRK_0019,623.9,296.98,On-Time,3.6,716.5,86.65,Clear,0.0,58.9
2025-02-12,Brussels to Paris,TRK_0023,1066.2,528.65,On-Time,2.9,1251.51,68.23,Fog,0.0,25.8
2025-12-01,Krakow to Bratislava,TRK_0043,573.5,248.63,On-Time,2.8,807.86,110.36,Snow,0.0,82.0
2025-12-31,Milan to Zurich,TRK_0022,440.5,220.14,On-Time,3.8,594.05,85.85,Rain,0.0,25.5
2025-12-29,Budapest to Bucharest,TRK_0038,611.9,333.61,On-Time,2.6,856.12,27.76,Fog,0.0,58.6
2025-01-26,Brussels to Paris,TRK_0039,1028.4,510.55,On-Time,2.6,1300.58,45.79,Fog,0.0,26.3
2025-06-16,Brussels to Paris,TRK_0020,993.6,463.16,On-Time,3.5,1124.46,71.17,Rain,0.0,78.1
2025-11-21,Krakow to Bratislava,TRK_0032,600.7,280.91,On-Time,4.8,947.97,112.89,Fog,0.0,28.0
2025-06-17,Warsaw to Berlin,TRK_0024,968.5,536.93,On-Time,3.5,1865.48,23.27,Snow,0.0,55.8
2025-01-12,Paris to Lyon,TRK_0012,1081.1,586.23,On-Time,3.6,1378.43,35.12,Snow,0.0,97.6
2025-11-12,Hamburg to Amsterdam,TRK_0033,1143.1,556.79,On-Time,3.7,1775.57,60.88,Rain,0.0,45.2
2025-12-10,Amsterdam to Brussels,TRK_0003,449.4,195.39,Delayed,3.0,628.5,84.01,Snow,125.4,68.7
2025-11-22,Berlin to Prague,TRK_0021,451.1,189.99,Delayed,3.2,593.84,101.83,Fog,187.91,49.0
2025-07-19,Zurich to Munich,TRK_0031,959.5,436.34,On-Time,2.9,1444.57,67.39,Rain,0.0,74.1
2025-05-11,Warsaw to Berlin,TRK_0026,1020.1,464.69,On-Time,5.0,1072.51,93.54,Snow,0.0,47.2
2026-01-20,Berlin to Hamburg,TRK_0021,500.6,224.16,Delayed,3.4,618.9,119.56,Clear,207.74,45.7
2026-01-16,Vienna to Budapest,TRK_0032,1095.2,526.51,On-Time,2.8,1429.2,37.19,Clear,0.0,66.7
2025-04-02,Lyon to Milan,TRK_0011,933.2,470.2,On-Time,4.4,1290.06,77.92,Snow,0.0,81.2
2025-11-19,Brussels to Paris,TRK_0007,1082.1,611.88,On-Time,3.8,1658.09,105.2,Fog,0.0,80.2
2025-05-27,Prague to Vienna,TRK_0029,390.9,169.93,On-Time,3.3,476.35,33.09,Clear,0.0,53.0
2025-12-01,Krakow to Bratislava,TRK_0027,572.8,294.78,Delayed,4.0,1031.31,77.95,Fog,240.73,48.7
2025-05-08,Amsterdam to Brussels,TRK_0011,459.7,254.08,Delayed,4.0,819.88,55.88,Rain,224.55,36.8
2025-07-08,Milan to Zurich,TRK_0047,427.6,216.03,On-Time,2.8,493.47,18.24,Fog,0.0,58.5
2025-12-17,Berlin to Hamburg,TRK_0039,516.1,293.18,On-Time,2.8,875.2,49.78,Rain,0.0,42.9
2026-01-05,Warsaw to Berlin,TRK_0005,1029.0,513.26,On-Time,3.7,1386.27,97.22,Snow,0.0,89.5
2025-10-03,Paris to Lyon,TRK_0008,1138.6,577.89,Delayed,3.7,1816.79,45.76,Fog,220.81,77.9
2025-01-21,Krakow to Bratislava,TRK_0024,590.5,297.42,On-Time,2.8,710.77,42.56,Clear,0.0,77.7
2025-07-07,Brussels to Paris,TRK_0027,1025.3,577.81,On-Time,2.7,1753.45,22.78,Fog,0.0,79.9
2026-01-23,Warsaw to Krakow,TRK_0017,587.7,299.18,On-Time,3.9,889.39,94.94,Rain,0.0,63.1
2025-01-14,Zurich to Munich,TRK_0015,941.7,427.75,On-Time,2.9,1293.54,64.9,Fog,0.0,74.1
2025-03-21,Lyon to Milan,TRK_0048,925.7,399.73,On-Time,4.1,893.96,37.22,Snow,0.0,35.8
2025-01-07,Warsaw to Krakow,TRK_0017,613.3,346.1,On-Time,4.0,838.09,51.14,Rain,0.0,67.9
2025-09-14,Hamburg to Amsterdam,TRK_0021,1090.1,573.82,Delayed,3.8,1393.24,109.2,Clear,193.69,29.7
2025-04-26,Vienna to Budapest,TRK_0020,1078.4,527.53,On-Time,4.1,1405.05,63.23,Clear,0.0,86.3
2026-02-24,Zurich to Munich,TRK_0034,928.1,436.64,On-Time,2.7,1147.65,22.06,Clear,0.0,95.8
2025-01-29,Amsterdam to Brussels,TRK_0029,455.0,221.61,On-Time,4.8,734.59,38.98,Fog,0.0,38.0
2025-11-08,Hamburg to Amsterdam,TRK_0018,1079.4,580.58,On-Time,4.8,1377.32,46.79,Rain,0.0,41.6
2025-10-27,Amsterdam to Brussels,TRK_0049,453.0,216.31,Delayed,4.5,496.43,65.22,Fog,94.18,39.4
2025-10-05,Vienna to Budapest,TRK_0038,1119.9,472.89,On-Time,4.8,1482.97,61.48,Rain,0.0,68.0
2025-11-22,Lyon to Milan,TRK_0040,904.0,411.72,On-Time,3.7,1000.27,68.27,Snow,0.0,94.5
2025-06-03,Milan to Zurich,TRK_0017,440.4,214.57,On-Time,4.1,503.15,94.44,Rain,0.0,60.6
2025-06-13,Berlin to Hamburg,TRK_0033,491.8,234.22,On-Time,2.7,777.76,50.96,Rain,0.0,39.1
2025-02-25,Vienna to Budapest,TRK_0049,1077.2,507.82,On-Time,2.8,1315.29,79.0,Rain,0.0,48.6
2025-04-09,Krakow to Bratislava,TRK_0050,594.5,319.66,Delayed,4.9,1110.98,83.62,Fog,212.56,44.7
2025-05-15,Zurich to Munich,TRK_0031,988.0,429.64,On-Time,3.4,1361.43,62.22,Fog,0.0,66.1
2026-01-26,Warsaw to Berlin,TRK_0027,1030.3,536.98,On-Time,4.5,1861.97,95.54,Clear,0.0,84.8
2025-04-14,Brussels to Paris,TRK_0014,1064.6,483.94,On-Time,4.5,1269.56,73.8,Rain,0.0,83.2
2025-11-13,Berlin to Hamburg,TRK_0033,509.5,215.74,On-Time,3.7,676.92,64.34,Clear,0.0,82.0
2025-07-19,Zurich to Munich,TRK_0045,973.7,491.3,On-Time,2.6,1116.7,50.98,Snow,0.0,57.0
2025-05-26,Berlin to Hamburg,TRK_0008,474.0,235.98,On-Time,3.5,565.72,30.79,Snow,0.0,66.9
2025-10-15,Berlin to Hamburg,TRK_0006,479.5,250.0,On-Time,3.8,644.71,17.29,Clear,0.0,88.6
2025-12-25,Paris to Lyon,TRK_0046,1087.4,617.52,On-Time,4.7,1506.37,64.17,Fog,0.0,51.4
2025-04-12,Paris to Lyon,TRK_0044,1081.3,585.33,Delayed,4.1,1612.89,99.64,Clear,221.38,29.4
2025-09-20,Warsaw to Berlin,TRK_0024,1010.6,596.52,On-Time,3.3,1730.18,44.68,Snow,0.0,71.3
2026-01-12,Amsterdam to Brussels,TRK_0005,435.5,199.23,Delayed,3.8,658.84,75.26,Fog,183.71,97.5
2026-01-20,Lyon to Milan,TRK_0005,924.7,480.16,On-Time,5.0,1151.36,49.7,Rain,0.0,72.3
2025-06-23,Hamburg to Amsterdam,TRK_0030,1135.0,634.32,On-Time,3.5,1637.79,80.49,Fog,0.0,26.4
2025-04-26,Krakow to Bratislava,TRK_0021,557.8,298.66,On-Time,3.8,910.82,36.03,Snow,0.0,90.2
2026-01-02,Prague to Vienna,TRK_0037,363.3,157.46,Delayed,3.8,539.75,19.14,Rain,171.81,94.7
2025-06-17,Zurich to Munich,TRK_0021,928.3,407.74,On-Time,3.2,1393.33,37.81,Snow,0.0,27.0
2025-08-14,Milan to Zurich,TRK_0008,458.7,214.59,On-Time,3.0,485.83,61.05,Rain,0.0,40.0
2025-07-14,Milan to Zurich,TRK_0038,422.5,228.09,On-Time,3.8,550.1,37.01,Fog,0.0,79.1
2025-07-03,Warsaw to Krakow,TRK_0048,594.9,250.24,On-Time,3.7,716.03,114.21,Clear,0.0,25.5
2026-02-16,Krakow to Bratislava,TRK_0027,604.7,261.74,On-Time,2.7,897.7,83.46,Rain,0.0,98.0
2025-02-13,Brussels to Paris,TRK_0042,1074.3,515.09,On-Time,4.3,1734.07,19.76,Rain,0.0,37.9
2025-01-05,Hamburg to Amsterdam,TRK_0009,1066.0,570.6,Delayed,4.5,1897.96,84.4,Snow,184.98,85.1
2025-08-03,Prague to Vienna,TRK_0012,391.4,220.74,On-Time,3.0,737.89,26.49,Rain,0.0,27.2
2025-04-15,Krakow to Bratislava,TRK_0020,585.2,297.53,On-Time,4.5,782.82,108.33,Clear,0.0,78.7
2025-03-15,Warsaw to Berlin,TRK_0027,1008.0,543.3,Delayed,2.8,1441.52,38.38,Fog,247.99,33.2
2025-09-01,Krakow to Bratislava,TRK_0030,598.6,273.8,On-Time,4.1,713.21,64.3,Snow,0.0,34.4
2025-12-03,Warsaw to Krakow,TRK_0035,627.4,292.97,On-Time,4.6,862.1,28.21,Rain,0.0,83.8
2025-03-15,Brussels to Paris,TRK_0015,998.5,435.36,On-Time,2.8,1085.83,34.39,Snow,0.0,49.0
2025-08-25,Amsterdam to Brussels,TRK_0043,454.9,242.69,On-Time,2.8,667.06,84.43,Clear,0.0,79.6
2026-02-14,Brussels to Paris,TRK_0025,994.9,425.27,Delayed,2.6,1374.98,32.0,Snow,81.99,60.1
2025-06-26,Brussels to Paris,TRK_0013,1080.5,572.1,On-Time,3.6,1454.08,61.19,Snow,0.0,72.8
2025-09-21,Warsaw to Krakow,TRK_0022,629.8,277.26,On-Time,4.4,774.45,25.13,Snow,0.0,80.7
2025-05-15,Lyon to Milan,TRK_0005,895.8,491.79,Delayed,3.1,1374.39,26.67,Snow,101.47,50.4
2025-08-20,Hamburg to Amsterdam,TRK_0028,1157.5,549.2,On-Time,3.5,1880.25,119.85,Rain,0.0,35.3
2025-12-15,Lyon to Milan,TRK_0015,864.1,431.23,On-Time,2.9,1430.78,70.13,Snow,0.0,64.4
2025-12-22,Prague to Vienna,TRK_0034,370.3,154.07,On-Time,4.0,507.85,93.87,Rain,0.0,64.5
2025-11-09,Milan to Zurich,TRK_0028,425.9,204.09,On-Time,3.5,587.43,59.23,Fog,0.0,59.2
2025-03-11,Budapest to Bucharest,TRK_0047,599.5,279.52,On-Time,4.8,837.74,115.72,Clear,0.0,80.1
2025-03-13,Berlin to Hamburg,TRK_0010,507.9,278.16,On-Time,3.1,896.29,82.84,Fog,0.0,68.2
2025-05-08,Berlin to Prague,TRK_0023,451.3,225.47,On-Time,4.3,667.78,85.59,Rain,0.0,57.4
2025-12-11,Lyon to Milan,TRK_0018,892.3,450.7,On-Time,4.4,1342.18,39.38,Fog,0.0,46.8
2025-03-05,Paris to Lyon,TRK_0035,1120.2,542.0,On-Time,4.3,1809.09,114.7,Clear,0.0,52.8
2025-05-11,Brussels to Paris,TRK_0008,1038.5,554.24,On-Time,4.5,1765.81,38.59,Clear,0.0,31.5
2026-01-10,Amsterdam to Brussels,TRK_0039,470.6,231.23,On-Time,4.3,638.71,20.95,Clear,0.0,88.2
2025-05-24,Paris to Lyon,TRK_0047,1083.2,500.44,On-Time,4.6,1740.54,23.72,Clear,0.0,77.1
2025-09-06,Amsterdam to Brussels,TRK_0016,453.8,233.3,Delayed,4.5,728.15,73.87,Fog,183.13,88.5
2025-12-08,Warsaw to Berlin,TRK_0025,1014.2,533.83,On-Time,3.9,1255.95,95.22,Snow,0.0,67.3
2025-12-30,Krakow to Bratislava,TRK_0039,596.2,278.03,On-Time,3.6,778.2,105.66,Clear,0.0,93.6
2026-02-21,Paris to Lyon,TRK_0041,1138.8,523.94,On-Time,2.6,1796.98,25.37,Fog,0.0,83.5
2026-01-09,Milan to Zurich,TRK_0030,456.2,223.38,On-Time,4.9,571.77,97.29,Snow,0.0,58.4
2025-11-22,Lyon to Milan,TRK_0017,934.7,449.27,On-Time,3.3,1222.79,51.6,Rain,0.0,86.7
2025-02-15,Warsaw to Krakow,TRK_0022,607.0,332.48,On-Time,4.6,775.24,90.8,Fog,0.0,47.8
2025-09-12,Prague to Vienna,TRK_0041,384.6,187.43,On-Time,3.3,519.01,52.95,Rain,0.0,95.0
2025-06-15,Berlin to Prague,TRK_0002,449.6,210.52,On-Time,3.2,616.38,33.68,Clear,0.0,39.5
2025-02-16,Amsterdam to Brussels,TRK_0046,472.8,255.52,Delayed,3.4,679.67,28.97,Fog,97.62,94.8
2026-02-22,Amsterdam to Brussels,TRK_0019,457.2,222.08,On-Time,2.6,646.78,85.09,Snow,0.0,26.9
2025-04-25,Vienna to Budapest,TRK_0045,1080.8,509.73,On-Time,2.5,1282.88,17.18,Fog,0.0,86.2
2025-08-01,Hamburg to Amsterdam,TRK_0036,1159.0,495.15,On-Time,3.5,1459.75,109.75,Fog,0.0,79.5
2025-12-28,Lyon to Milan,TRK_0024,935.4,437.94,On-Time,3.1,1271.11,23.09,Rain,0.0,48.5
2026-02-28,Vienna to Budapest,TRK_0045,1141.8,522.98,On-Time,5.0,1632.15,71.21,Clear,0.0,83.9
2025-11-06,Paris to Lyon,TRK_0015,1091.2,608.05,On-Time,3.1,1550.45,102.84,Fog,0.0,70.2
2025-09-12,Krakow to Bratislava,TRK_0038,552.8,271.93,On-Time,4.1,914.93,65.05,Rain,0.0,29.7
2025-07-01,Paris to Lyon,TRK_0005,1083.2,538.08,Delayed,4.0,1485.14,95.26,Rain,247.66,40.7
2025-08-20,Hamburg to Amsterdam,TRK_0020,1125.8,498.59,On-Time,3.8,1360.79,95.46,Snow,0.0,88.0
2025-11-09,Paris to Lyon,TRK_0004,1136.2,595.59,Delayed,2.7,1630.62,31.93,Rain,122.3,68.9
2026-01-24,Milan to Zurich,TRK_0012,425.0,214.19,Delayed,2.7,734.67,75.27,Fog,216.84,52.8
2025-08-31,Milan to Zurich,TRK_0009,432.1,186.64,On-Time,4.7,531.85,34.38,Fog,0.0,39.6
2025-06-29,Brussels to Paris,TRK_0042,998.4,444.35,On-Time,4.7,1012.75,73.5,Snow,0.0,32.0
2025-01-01,Warsaw to Berlin,TRK_0034,954.3,412.5,On-Time,3.9,1368.33,115.35,Rain,0.0,71.5
2025-09-13,Hamburg to Amsterdam,TRK_0012,1072.9,542.26,On-Time,4.0,1597.6,108.6,Rain,0.0,62.0
2026-02-21,Warsaw to Berlin,TRK_0029,1016.3,585.1,On-Time,2.8,1997.84,113.18,Clear,0.0,50.5
2025-04-03,Hamburg to Amsterdam,TRK_0038,1067.3,446.56,Delayed,4.0,1178.3,62.74,Fog,213.29,93.9
2025-12-09,Berlin to Prague,TRK_0036,456.5,205.33,On-Time,3.0,559.64,52.62,Fog,0.0,84.2
2025-12-04,Lyon to Milan,TRK_0046,938.8,419.1,On-Time,3.3,1209.33,75.38,Fog,0.0,80.3
2025-11-26,Budapest to Bucharest,TRK_0013,619.7,281.59,On-Time,3.6,778.79,23.65,Clear,0.0,60.9
2025-06-14,Berlin to Hamburg,TRK_0036,497.4,254.52,On-Time,4.4,791.19,70.39,Clear,0.0,38.7
2025-02-15,Zurich to Munich,TRK_0020,962.3,515.87,On-Time,4.3,1493.23,19.96,Snow,0.0,53.1
2025-06-30,Warsaw to Berlin,TRK_0035,1036.5,520.03,On-Time,4.6,1488.0,86.52,Clear,0.0,91.5
2025-02-20,Prague to Vienna,TRK_0030,389.7,182.78,On-Time,3.0,554.29,16.64,Fog,0.0,40.0
2025-12-19,Zurich to Munich,TRK_0008,934.0,512.36,On-Time,3.3,1245.12,55.94,Rain,0.0,52.1
2025-07-25,Prague to Vienna,TRK_0003,361.6,172.03,On-Time,3.6,506.06,105.69,Snow,0.0,40.0
2025-12-01,Zurich to Munich,TRK_0048,932.3,466.72,On-Time,3.2,1573.5,100.76,Fog,0.0,43.5
2025-01-06,Paris to Lyon,TRK_0041,1096.4,553.13,On-Time,3.1,1675.36,27.1,Fog,0.0,29.9
2025-10-02,Prague to Vienna,TRK_0021,391.6,187.19,On-Time,3.5,542.32,44.89,Snow,0.0,32.9
2025-03-03,Milan to Zurich,TRK_0026,455.9,191.22,On-Time,3.0,549.51,18.75,Fog,0.0,33.0
2025-04-28,Milan to Zurich,TRK_0003,434.1,199.55,Delayed,3.6,535.23,92.53,Fog,181.49,28.0
2025-09-15,Vienna to Budapest,TRK_0050,1138.8,532.26,Delayed,2.9,1765.68,41.33,Rain,139.52,39.6
2025-11-26,Krakow to Bratislava,TRK_0004,571.1,306.86,On-Time,4.1,809.08,90.72,Clear,0.0,88.6
2025-02-05,Amsterdam to Brussels,TRK_0016,455.3,209.57,On-Time,2.6,647.61,58.04,Clear,0.0,70.2
2025-03-28,Zurich to Munich,TRK_0047,937.0,442.47,On-Time,2.5,975.4,21.13,Fog,0.0,81.1
2025-03-03,Lyon to Milan,TRK_0015,919.6,417.79,On-Time,4.8,1428.16,82.7,Snow,0.0,75.0
2025-07-18,Zurich to Munich,TRK_0029,977.7,507.59,On-Time,5.0,1416.93,111.54,Rain,0.0,58.2
2025-07-04,Prague to Vienna,TRK_0015,367.0,205.27,On-Time,3.1,494.37,92.7,Fog,0.0,83.8
2025-03-15,Berlin to Hamburg,TRK_0003,487.6,275.74,On-Time,2.8,831.2,36.85,Fog,0.0,55.7
2025-08-02,Paris to Lyon,TRK_0030,1102.7,588.33,On-Time,4.2,1396.14,70.64,Rain,0.0,40.8
2025-04-08,Vienna to Budapest,TRK_0037,1158.7,627.26,On-Time,3.7,2083.24,98.17,Snow,0.0,72.0
2025-04-20,Prague to Vienna,TRK_0026,373.9,182.59,On-Time,4.9,608.23,58.27,Rain,0.0,40.9
2025-10-10,Brussels to Paris,TRK_0011,1029.9,473.57,On-Time,4.2,1279.47,85.03,Snow,0.0,96.8
2025-12-15,Lyon to Milan,TRK_0037,876.8,441.61,On-Time,3.5,1240.55,106.14,Rain,0.0,80.7
2025-09-07,Amsterdam to Brussels,TRK_0021,473.7,247.85,On-Time,4.2,798.83,24.0,Clear,0.0,92.2
2025-01-28,Milan to Zurich,TRK_0022,421.0,219.02,On-Time,4.9,569.41,21.93,Snow,0.0,67.6
2025-08-17,Warsaw to Krakow,TRK_0031,612.2,262.96,On-Time,4.8,630.48,58.59,Fog,0.0,36.6
2025-10-10,Berlin to Hamburg,TRK_0041,501.8,248.79,On-Time,2.8,853.11,110.46,Clear,0.0,80.2
2025-03-11,Berlin to Hamburg,TRK_0025,486.1,199.52,On-Time,4.5,680.41,76.41,Rain,0.0,57.7
2025-01-11,Brussels to Paris,TRK_0032,1049.0,608.56,On-Time,2.7,1445.59,46.51,Fog,0.0,91.9
2025-02-26,Vienna to Budapest,TRK_0043,1160.2,566.15,On-Time,2.7,1689.2,98.93,Clear,0.0,70.4
2025-10-30,Prague to Vienna,TRK_0027,369.9,171.12,On-Time,4.8,381.68,48.45,Rain,0.0,28.8
2025-05-03,Budapest to Bucharest,TRK_0045,616.1,323.47,On-Time,5.0,987.78,84.24,Snow,0.0,65.2
2025-03-08,Warsaw to Berlin,TRK_0040,1027.6,437.77,On-Time,3.5,983.57,85.55,Fog,0.0,49.5
2026-02-16,Milan to Zurich,TRK_0033,460.7,230.04,Delayed,3.4,584.32,35.25,Snow,125.33,91.7
2025-12-10,Lyon to Milan,TRK_0006,923.1,433.27,Delayed,4.5,1407.3,26.24,Clear,110.11,29.7
2025-10-20,Lyon to Milan,TRK_0016,870.5,401.54,On-Time,3.4,1357.84,22.39,Fog,0.0,71.1
2025-06-19,Berlin to Prague,TRK_0043,469.2,192.05,On-Time,4.8,468.84,90.42,Clear,0.0,25.3
2026-02-10,Vienna to Budapest,TRK_0044,1076.9,539.08,On-Time,3.0,1758.92,89.36,Fog,0.0,69.2
2025-04-06,Budapest to Bucharest,TRK_0031,645.6,344.11,On-Time,3.8,792.63,117.29,Snow,0.0,35.5
2025-10-05,Vienna to Budapest,TRK_0037,1131.2,529.81,On-Time,3.3,1848.81,32.05,Snow,0.0,68.9
2025-09-17,Budapest to Bucharest,TRK_0041,613.2,274.33,On-Time,2.5,921.12,86.77,Snow,0.0,80.1
2025-02-03,Berlin to Prague,TRK_0004,463.7,225.67,On-Time,3.6,694.22,109.36,Fog,0.0,25.9
2026-01-17,Berlin to Prague,TRK_0044,455.6,254.78,On-Time,4.0,878.25,74.77,Snow,0.0,57.9
2026-01-16,Warsaw to Krakow,TRK_0031,600.0,298.9,On-Time,3.0,885.76,19.48,Snow,0.0,54.9
2025-08-25,Zurich to Munich,TRK_0021,982.3,517.19,On-Time,3.7,1240.48,92.48,Fog,0.0,55.6
2025-01-13,Lyon to Milan,TRK_0009,891.4,494.94,On-Time,2.5,1598.06,84.49,Rain,0.0,36.0
2025-04-05,Berlin to Prague,TRK_0014,441.6,204.78,On-Time,3.7,492.66,102.13,Snow,0.0,41.6
2025-09-07,Paris to Lyon,TRK_0039,1107.9,569.41,On-Time,4.2,1514.28,26.13,Snow,0.0,76.5
2025-11-08,Prague to Vienna,TRK_0019,365.1,207.33,On-Time,2.5,539.14,31.65,Snow,0.0,74.9
2025-08-08,Berlin to Prague,TRK_0040,468.6,223.22,On-Time,4.2,528.27,74.36,Fog,0.0,29.6
2025-08-17,Krakow to Bratislava,TRK_0024,563.3,313.22,On-Time,4.8,947.19,109.69,Fog,0.0,82.4
2025-10-12,Amsterdam to Brussels,TRK_0022,467.3,256.74,On-Time,4.5,755.83,110.69,Rain,0.0,84.4
2025-05-08,Amsterdam to Brussels,TRK_0032,452.6,197.8,Delayed,4.4,595.51,23.54,Fog,158.66,90.7
2026-01-08,Berlin to Prague,TRK_0018,461.7,252.82,On-Time,2.9,834.84,21.2,Rain,0.0,41.3
2025-01-02,Warsaw to Krakow,TRK_0021,619.5,280.66,On-Time,3.3,976.94,78.5,Rain,0.0,85.2
2025-11-27,Zurich to Munich,TRK_0013,963.3,450.11,On-Time,3.0,1457.68,44.66,Fog,0.0,55.9
2026-02-24,Budapest to Bucharest,TRK_0001,615.9,251.48,On-Time,4.4,578.99,63.82,Rain,0.0,57.6
2025-07-15,Prague to Vienna,TRK_0036,378.5,180.58,On-Time,3.2,563.08,62.6,Rain,0.0,67.8
2025-06-15,Berlin to Prague,TRK_0002,443.2,207.13,Delayed,4.6,556.67,17.67,Fog,189.88,53.9
2025-06-17,Milan to Zurich,TRK_0040,450.4,219.2,On-Time,2.6,628.06,90.89,Rain,0.0,61.3
2025-02-04,Prague to Vienna,TRK_0009,360.1,169.4,Delayed,3.4,451.32,23.52,Snow,207.64,60.9
2025-10-07,Hamburg to Amsterdam,TRK_0004,1094.8,590.38,On-Time,2.7,1457.9,31.7,Snow,0.0,41.6
2025-01-29,Brussels to Paris,TRK_0042,1048.0,491.38,On-Time,2.6,1220.93,39.43,Rain,0.0,94.7
2025-03-12,Warsaw to Krakow,TRK_0033,589.4,314.17,Delayed,4.4,892.21,85.31,Fog,173.51,27.9
2025-10-29,Vienna to Budapest,TRK_0003,1079.0,510.49,Delayed,4.7,1460.97,102.05,Fog,116.17,64.1
2025-11-18,Amsterdam to Brussels,TRK_0048,444.1,220.01,Delayed,3.0,657.81,50.12,Snow,232.65,53.7
2025-11-30,Berlin to Hamburg,TRK_0019,468.8,241.01,On-Time,3.5,588.13,19.37,Clear,0.0,79.2
2025-04-16,Lyon to Milan,TRK_0013,914.4,501.34,On-Time,4.7,1635.98,52.9,Clear,0.0,72.3
2025-04-28,Zurich to Munich,TRK_0037,990.7,458.07,On-Time,3.0,1115.49,50.06,Fog,0.0,94.1
2025-07-18,Warsaw to Krakow,TRK_0047,597.5,298.63,On-Time,3.7,888.65,98.48,Rain,0.0,30.7
2025-02-24,Milan to Zurich,TRK_0001,418.4,166.46,On-Time,2.5,462.52,91.52,Rain,0.0,32.1
2025-07-08,Brussels to Paris,TRK_0014,1009.8,519.93,Delayed,3.5,1158.98,95.9,Clear,131.35,44.2
2026-02-14,Berlin to Prague,TRK_0014,483.5,257.64,Delayed,4.8,726.4,16.51,Clear,203.22,58.2
2025-10-24,Hamburg to Amsterdam,TRK_0045,1079.0,476.69,Delayed,4.2,1182.25,56.74,Fog,85.08,61.3
2025-08-27,Prague to Vienna,TRK_0027,392.7,177.8,Delayed,4.4,456.07,44.56,Fog,114.46,44.5
2025-12-10,Milan to Zurich,TRK_0018,425.3,229.4,On-Time,2.6,672.64,104.98,Fog,0.0,82.8
2026-01-02,Warsaw to Berlin,TRK_0048,982.6,424.68,On-Time,3.9,1140.37,109.69,Rain,0.0,48.4
2025-11-24,Krakow to Bratislava,TRK_0023,559.2,265.39,On-Time,3.2,864.77,93.92,Fog,0.0,74.3
2025-07-28,Krakow to Bratislava,TRK_0024,554.1,237.77,On-Time,4.1,662.43,71.62,Rain,0.0,90.0
2025-06-25,Zurich to Munich,TRK_0033,988.3,505.43,On-Time,4.6,1216.7,98.87,Rain,0.0,96.3
2026-02-10,Milan to Zurich,TRK_0014,447.5,195.08,Delayed,3.8,439.82,25.9,Clear,123.3,65.2
2025-03-26,Vienna to Budapest,TRK_0048,1129.4,585.46,On-Time,4.6,1572.15,113.38,Fog,0.0,41.0
2025-06-29,Krakow to Bratislava,TRK_0048,588.9,301.8,On-Time,2.9,936.22,94.1,Clear,0.0,90.2
2025-09-16,Berlin to Hamburg,TRK_0007,474.5,227.91,On-Time,3.5,745.9,71.91,Clear,0.0,94.5
2025-04-08,Warsaw to Berlin,TRK_0002,956.9,401.84,On-Time,2.7,1016.44,114.86,Fog,0.0,94.0
2025-12-05,Warsaw to Berlin,TRK_0026,1023.9,467.35,On-Time,3.6,1386.44,65.24,Clear,0.0,74.6
2025-01-17,Warsaw to Krakow,TRK_0032,591.1,271.55,On-Time,4.4,869.16,59.38,Snow,0.0,94.3
2025-12-17,Warsaw to Berlin,TRK_0032,991.9,560.88,Delayed,3.1,1301.05,40.77,Clear,157.3,79.7
2025-05-04,Berlin to Hamburg,TRK_0039,469.1,231.13,On-Time,3.0,631.86,16.08,Rain,0.0,68.3
2025-12-12,Warsaw to Berlin,TRK_0050,1047.7,505.43,On-Time,4.2,1367.0,112.12,Clear,0.0,43.5
2025-03-02,Hamburg to Amsterdam,TRK_0045,1103.0,563.22,Delayed,3.2,1481.74,26.52,Rain,244.66,30.6
2025-09-04,Vienna to Budapest,TRK_0032,1054.2,578.69,On-Time,4.4,1306.12,34.18,Snow,0.0,88.2
2025-10-26,Vienna to Budapest,TRK_0032,1132.7,642.19,Delayed,2.9,1523.02,117.77,Clear,154.48,51.8
2025-12-24,Warsaw to Berlin,TRK_0028,1024.9,530.75,On-Time,3.5,1190.79,60.81,Fog,0.0,29.9
2025-02-14,Zurich to Munich,TRK_0017,996.8,462.29,On-Time,4.8,1543.21,27.71,Rain,0.0,31.3
2025-04-06,Vienna to Budapest,TRK_0043,1103.0,583.3,On-Time,2.7,1882.31,34.48,Fog,0.0,33.5
2025-01-21,Vienna to Budapest,TRK_0015,1069.9,498.51,Delayed,2.6,1607.45,26.84,Snow,179.55,25.6
2026-02-20,Warsaw to Krakow,TRK_0009,625.2,348.94,On-Time,3.7,984.83,25.4,Fog,0.0,65.4
2025-11-18,Milan to Zurich,TRK_0035,452.3,188.78,On-Time,4.7,432.0,68.91,Clear,0.0,66.3
2025-05-07,Lyon to Milan,TRK_0041,900.1,490.0,On-Time,3.5,1557.26,19.51,Snow,0.0,82.0
2025-01-15,Brussels to Paris,TRK_0013,1065.6,500.76,On-Time,3.1,1692.45,65.33,Fog,0.0,72.2
2026-01-22,Prague to Vienna,TRK_0041,365.3,179.1,Delayed,4.0,491.18,73.98,Rain,211.4,27.9
2025-05-23,Budapest to Bucharest,TRK_0026,628.8,354.42,On-Time,3.8,930.43,47.35,Fog,0.0,62.3
2025-07-17,Milan to Zurich,TRK_0049,453.9,228.66,On-Time,4.0,736.64,29.41,Snow,0.0,31.6
2025-09-08,Hamburg to Amsterdam,TRK_0022,1105.9,529.0,On-Time,3.2,1362.51,68.92,Snow,0.0,92.7
2025-06-15,Amsterdam to Brussels,TRK_0016,440.0,223.22,On-Time,4.2,571.91,77.76,Rain,0.0,81.1
2026-02-07,Lyon to Milan,TRK_0009,932.5,450.29,On-Time,3.9,1178.63,98.79,Rain,0.0,33.6
2026-01-06,Brussels to Paris,TRK_0019,1015.6,519.77,On-Time,4.7,1690.53,54.37,Fog,0.0,60.4
2025-05-19,Berlin to Hamburg,TRK_0037,493.8,226.71,On-Time,4.9,738.41,118.31,Clear,0.0,29.9
2026-02-20,Zurich to Munich,TRK_0017,953.5,515.53,On-Time,3.8,1415.98,42.9,Fog,0.0,70.9
2025-09-08,Berlin to Prague,TRK_0039,462.9,204.1,On-Time,3.4,661.63,20.72,Clear,0.0,45.2
2025-10-08,Budapest to Bucharest,TRK_0035,607.5,282.67,On-Time,2.6,864.51,21.29,Clear,0.0,49.6
2025-11-16,Budapest to Bucharest,TRK_0047,617.4,268.7,On-Time,4.4,915.25,52.12,Rain,0.0,36.1
2025-10-11,Warsaw to Krakow,TRK_0038,615.7,303.85,On-Time,3.9,675.36,31.84,Snow,0.0,84.1
2025-03-05,Vienna to Budapest,TRK_0007,1147.3,521.32,Delayed,2.9,1296.23,26.28,Rain,194.1,56.8
2025-11-04,Berlin to Hamburg,TRK_0025,477.9,195.41,On-Time,3.6,617.67,55.37,Fog,0.0,26.7
2026-01-27,Vienna to Budapest,TRK_0018,1151.3,592.51,On-Time,3.3,1687.91,79.64,Fog,0.0,69.3
2025-07-10,Paris to Lyon,TRK_0010,1061.2,576.68,Delayed,3.5,1432.07,52.09,Snow,122.29,46.2
2025-04-29,Amsterdam to Brussels,TRK_0025,471.1,262.71,On-Time,4.1,600.06,89.87,Clear,0.0,53.4
2025-06-26,Krakow to Bratislava,TRK_0024,550.3,262.08,On-Time,3.6,695.22,43.26,Snow,0.0,59.9
2025-03-28,Milan to Zurich,TRK_0015,442.8,218.32,On-Time,2.6,588.56,20.04,Rain,0.0,31.6
2025-03-23,Amsterdam to Brussels,TRK_0006,462.9,186.85,On-Time,3.6,482.28,105.14,Snow,0.0,88.6
2025-04-06,Krakow to Bratislava,TRK_0015,567.1,263.71,Delayed,2.6,804.58,97.35,Rain,129.0,59.3
2025-08-05,Vienna to Budapest,TRK_0011,1055.5,579.47,Delayed,4.4,1477.51,97.23,Clear,212.44,65.4
2025-07-08,Prague to Vienna,TRK_0047,362.0,184.18,Delayed,4.6,588.69,68.89,Clear,165.16,90.3
2025-07-21,Prague to Vienna,TRK_0009,358.1,149.98,On-Time,4.6,441.84,44.32,Rain,0.0,58.2
2025-12-30,Paris to Lyon,TRK_0008,1080.1,570.57,Delayed,3.4,1255.68,63.38,Fog,195.18,53.8
2025-10-05,Krakow to Bratislava,TRK_0047,600.5,299.32,On-Time,4.5,883.21,102.95,Fog,0.0,79.9
2025-09-26,Prague to Vienna,TRK_0027,375.1,193.94,On-Time,4.0,519.32,46.34,Fog,0.0,52.9
2025-06-03,Warsaw to Berlin,TRK_0024,985.4,406.86,On-Time,4.1,972.93,105.85,Rain,0.0,72.4
2025-06-04,Vienna to Budapest,TRK_0026,1069.3,612.97,On-Time,3.5,1916.61,54.01,Rain,0.0,58.8
2025-08-01,Vienna to Budapest,TRK_0004,1158.7,666.02,On-Time,2.6,1867.93,55.59,Fog,0.0,30.7
2025-05-31,Milan to Zurich,TRK_0023,439.6,231.48,On-Time,3.7,615.33,35.32,Rain,0.0,25.8
2025-02-21,Paris to Lyon,TRK_0010,1131.4,475.91,On-Time,3.8,1061.94,57.36,Fog,0.0,50.3
2025-06-17,Warsaw to Krakow,TRK_0019,573.1,260.39,On-Time,3.7,831.36,18.8,Clear,0.0,97.9
2025-03-20,Warsaw to Krakow,TRK_0025,609.6,306.31,On-Time,2.9,1038.24,24.78,Fog,0.0,45.1
2025-04-23,Warsaw to Berlin,TRK_0003,984.2,497.69,On-Time,3.5,1629.29,30.92,Snow,0.0,97.3
2025-04-18,Berlin to Prague,TRK_0001,448.4,205.07,On-Time,3.0,695.12,32.39,Fog,0.0,33.3
2025-12-09,Lyon to Milan,TRK_0030,944.3,516.92,On-Time,4.9,1310.65,73.65,Snow,0.0,71.1
2025-06-17,Prague to Vienna,TRK_0034,381.3,203.52,On-Time,4.5,653.66,40.76,Clear,0.0,56.7
2025-05-20,Hamburg to Amsterdam,TRK_0022,1082.0,639.3,Delayed,4.0,2072.72,42.05,Rain,174.35,86.6
2025-04-23,Berlin to Hamburg,TRK_0016,511.9,284.05,On-Time,3.5,772.56,74.49,Snow,0.0,30.9
2025-03-25,Berlin to Hamburg,TRK_0040,514.1,273.94,On-Time,2.6,747.23,60.38,Fog,0.0,59.5
2025-01-16,Warsaw to Krakow,TRK_0022,577.1,284.68,On-Time,4.9,844.06,57.56,Rain,0.0,45.9
2025-11-09,Warsaw to Krakow,TRK_0011,579.6,265.63,Delayed,2.7,859.33,15.89,Fog,163.75,31.7
2026-02-11,Brussels to Paris,TRK_0045,1005.7,439.61,Delayed,3.2,1449.24,86.27,Snow,193.23,31.4
2025-03-26,Warsaw to Krakow,TRK_0020,576.0,287.01,Delayed,2.5,975.64,97.9,Fog,220.11,60.8
2025-05-17,Budapest to Bucharest,TRK_0038,638.3,333.59,On-Time,2.7,996.77,42.3,Clear,0.0,61.2
2025-04-25,Budapest to Bucharest,TRK_0045,601.5,326.78,On-Time,4.5,871.32,68.43,Snow,0.0,72.7
2026-02-22,Krakow to Bratislava,TRK_0026,595.7,299.4,On-Time,3.3,752.36,30.62,Rain,0.0,27.7
2025-01-31,Zurich to Munich,TRK_0038,917.5,404.87,Delayed,2.7,1296.18,87.21,Rain,202.17,56.8
2025-03-04,Brussels to Paris,TRK_0042,1088.1,546.54,On-Time,3.0,1538.62,18.55,Rain,0.0,53.5
2025-06-26,Warsaw to Berlin,TRK_0005,957.0,479.75,On-Time,3.7,1466.03,56.74,Snow,0.0,57.8
2026-02-22,Paris to Lyon,TRK_0021,1159.7,536.51,On-Time,3.9,1668.45,15.78,Rain,0.0,94.7
2025-08-01,Berlin to Hamburg,TRK_0006,510.5,218.81,Delayed,3.8,622.29,44.18,Rain,202.53,55.5
2026-01-30,Brussels to Paris,TRK_0001,1027.5,494.93,On-Time,2.8,1585.28,116.77,Rain,0.0,40.4
2025-06-20,Brussels to Paris,TRK_0044,1079.3,531.19,On-Time,3.8,1576.38,112.29,Rain,0.0,56.8
2026-01-10,Berlin to Hamburg,TRK_0003,514.8,246.02,On-Time,3.6,632.23,16.88,Clear,0.0,59.6
2025-08-02,Zurich to Munich,TRK_0030,990.7,531.68,On-Time,3.1,1352.65,108.61,Clear,0.0,84.6
2025-12-09,Budapest to Bucharest,TRK_0038,624.4,257.06,On-Time,4.6,645.39,15.24,Clear,0.0,95.0
2026-02-15,Hamburg to Amsterdam,TRK_0018,1138.7,552.67,On-Time,4.9,1786.79,82.2,Snow,0.0,81.1
2025-12-06,Berlin to Hamburg,TRK_0004,516.1,243.3,On-Time,2.8,609.54,118.87,Snow,0.0,37.9
2025-12-02,Warsaw to Berlin,TRK_0013,1022.6,465.51,On-Time,2.6,1102.72,93.69,Snow,0.0,37.3
2025-05-30,Budapest to Bucharest,TRK_0043,625.7,313.98,Delayed,2.7,1071.07,47.5,Clear,92.96,36.4
2025-03-04,Vienna to Budapest,TRK_0001,1060.9,576.57,On-Time,2.9,1841.78,50.44,Fog,0.0,62.3
2025-09-04,Amsterdam to Brussels,TRK_0043,443.9,207.66,On-Time,3.5,507.96,114.22,Clear,0.0,91.5
2025-11-14,Berlin to Prague,TRK_0050,486.8,213.12,On-Time,4.2,522.66,119.07,Snow,0.0,27.2
2025-07-19,Krakow to Bratislava,TRK_0049,555.1,288.18,On-Time,3.0,872.82,96.21,Clear,0.0,96.3
2026-01-17,Milan to Zurich,TRK_0015,445.9,237.43,On-Time,3.5,720.67,35.91,Clear,0.0,27.7
2025-04-07,Amsterdam to Brussels,TRK_0001,447.4,262.45,On-Time,3.5,863.14,116.81,Fog,0.0,31.2
2025-02-19,Hamburg to Amsterdam,TRK_0039,1110.8,461.15,On-Time,5.0,1449.71,50.77,Clear,0.0,82.4
2025-11-23,Vienna to Budapest,TRK_0021,1088.2,546.59,On-Time,2.6,1415.81,116.23,Rain,0.0,75.8
2026-02-22,Prague to Vienna,TRK_0025,366.8,210.99,On-Time,3.4,600.85,92.56,Fog,0.0,26.7
2025-05-26,Prague to Vienna,TRK_0021,382.9,219.19,On-Time,4.6,585.52,24.99,Snow,0.0,81.1
2025-06-12,Prague to Vienna,TRK_0008,377.9,172.57,Delayed,3.3,550.3,94.26,Clear,217.97,65.1
2025-10-23,Hamburg to Amsterdam,TRK_0045,1081.6,513.3,On-Time,4.4,1156.44,111.48,Fog,0.0,31.8
2025-06-20,Paris to Lyon,TRK_0018,1058.4,507.84,On-Time,2.8,1432.14,64.27,Snow,0.0,54.6
2025-02-24,Prague to Vienna,TRK_0017,378.4,197.93,Delayed,2.9,602.31,74.75,Clear,187.24,26.2
2025-04-22,Paris to Lyon,TRK_0047,1066.6,582.48,On-Time,3.1,1590.34,86.55,Snow,0.0,67.1
2026-01-09,Milan to Zurich,TRK_0050,425.3,191.95,On-Time,4.2,470.32,70.42,Snow,0.0,34.9
2025-10-30,Zurich to Munich,TRK_0027,961.5,455.42,On-Time,4.3,1152.9,78.55,Clear,0.0,96.4
2025-07-27,Vienna to Budapest,TRK_0038,1136.4,587.01,On-Time,4.0,2029.49,41.12,Clear,0.0,41.9
2025-05-08,Warsaw to Berlin,TRK_0048,1027.2,484.96,On-Time,4.9,1429.15,83.44,Clear,0.0,85.6
2025-01-08,Berlin to Prague,TRK_0027,456.6,205.26,On-Time,2.8,549.97,117.61,Fog,0.0,73.1
2025-12-15,Berlin to Hamburg,TRK_0018,500.0,245.47,On-Time,3.0,752.52,114.41,Rain,0.0,60.8
2025-05-21,Warsaw to Berlin,TRK_0028,979.1,439.84,On-Time,4.6,1395.53,70.05,Rain,0.0,55.2
2025-05-28,Budapest to Bucharest,TRK_0010,617.1,268.46,On-Time,3.8,795.29,51.52,Rain,0.0,57.8
2025-12-19,Milan to Zurich,TRK_0018,438.0,194.94,On-Time,4.8,433.21,39.61,Fog,0.0,53.1
2025-10-10,Brussels to Paris,TRK_0033,1087.2,505.56,On-Time,4.2,1290.87,84.12,Snow,0.0,79.5
2025-01-11,Amsterdam to Brussels,TRK_0005,474.8,227.91,On-Time,3.1,785.15,112.79,Rain,0.0,70.8
2025-09-28,Prague to Vienna,TRK_0001,392.2,190.9,On-Time,3.9,420.34,35.31,Clear,0.0,78.5
2026-01-05,Krakow to Bratislava,TRK_0049,563.6,298.71,On-Time,4.2,1030.21,74.35,Snow,0.0,32.0
2025-08-30,Vienna to Budapest,TRK_0040,1152.3,578.14,On-Time,4.4,1672.11,66.78,Fog,0.0,94.9
2025-01-09,Berlin to Prague,TRK_0045,445.6,224.4,On-Time,3.0,613.97,119.58,Clear,0.0,32.5
2025-10-08,Paris to Lyon,TRK_0029,1067.6,518.92,Delayed,3.1,1761.04,57.96,Snow,189.31,90.0
2025-04-18,Warsaw to Krakow,TRK_0006,625.4,288.32,On-Time,4.0,914.07,113.52,Rain,0.0,28.2
2025-12-19,Hamburg to Amsterdam,TRK_0018,1067.2,575.24,On-Time,3.7,2007.55,98.55,Snow,0.0,32.3
2025-09-15,Vienna to Budapest,TRK_0038,1156.1,529.01,On-Time,3.4,1474.91,88.07,Clear,0.0,78.9
2025-11-18,Warsaw to Berlin,TRK_0037,1020.8,493.32,On-Time,2.6,1200.35,101.86,Rain,0.0,34.7
2025-08-24,Brussels to Paris,TRK_0004,1036.7,472.41,On-Time,4.3,1264.47,94.44,Snow,0.0,85.9
2025-08-10,Paris to Lyon,TRK_0010,1059.6,560.6,Delayed,3.4,1621.78,86.87,Fog,98.45,80.8
2025-04-19,Prague to Vienna,TRK_0005,371.8,185.81,Delayed,4.3,581.18,107.8,Snow,230.69,36.5
2025-11-01,Brussels to Paris,TRK_0035,1049.0,555.61,On-Time,4.5,1423.99,42.32,Rain,0.0,92.6
2026-02-13,Milan to Zurich,TRK_0050,417.9,194.96,On-Time,4.8,650.61,27.11,Rain,0.0,90.8
2025-04-28,Paris to Lyon,TRK_0048,1111.7,592.68,On-Time,4.1,1852.83,100.75,Clear,0.0,62.8
2025-10-03,Lyon to Milan,TRK_0015,874.1,466.23,On-Time,4.7,1172.08,72.99,Snow,0.0,63.3
2025-02-17,Budapest to Bucharest,TRK_0017,620.4,261.09,On-Time,4.6,644.08,99.3,Rain,0.0,76.0
2025-02-15,Prague to Vienna,TRK_0034,379.7,174.9,On-Time,4.3,457.96,32.29,Snow,0.0,97.5
2025-06-22,Warsaw to Berlin,TRK_0002,1030.7,563.04,On-Time,4.7,1767.96,23.78,Rain,0.0,80.3
2026-02-18,Amsterdam to Brussels,TRK_0041,435.0,220.44,On-Time,3.6,741.25,82.99,Clear,0.0,82.5
2026-01-19,Warsaw to Berlin,TRK_0039,1026.0,535.2,On-Time,4.5,1528.12,45.44,Snow,0.0,44.0
2025-02-13,Milan to Zurich,TRK_0035,423.5,216.16,On-Time,3.8,691.36,30.81,Snow,0.0,61.6
2026-02-08,Warsaw to Krakow,TRK_0003,592.8,256.59,Delayed,4.0,565.43,42.43,Rain,144.24,71.5
2025-02-15,Paris to Lyon,TRK_0024,1109.8,535.47,On-Time,3.1,1281.94,43.29,Rain,0.0,97.3
2025-07-09,Warsaw to Berlin,TRK_0043,990.6,546.82,On-Time,2.6,1710.77,80.63,Clear,0.0,54.7
2025-05-04,Amsterdam to Brussels,TRK_0027,470.2,237.86,On-Time,2.5,716.37,81.81,Rain,0.0,34.2
2025-02-01,Lyon to Milan,TRK_0018,866.9,379.62,On-Time,2.8,1109.45,70.58,Clear,0.0,44.1
2026-01-11,Milan to Zurich,TRK_0017,445.3,218.59,On-Time,3.1,535.99,90.41,Rain,0.0,63.6
2025-02-02,Budapest to Bucharest,TRK_0026,614.7,290.04,On-Time,4.2,911.82,69.78,Snow,0.0,54.8
2025-03-23,Vienna to Budapest,TRK_0002,1151.1,551.57,On-Time,4.6,1522.42,25.93,Snow,0.0,31.0
2025-01-21,Budapest to Bucharest,TRK_0025,659.1,309.21,On-Time,3.4,797.08,106.71,Rain,0.0,54.4
2025-04-28,Brussels to Paris,TRK_0047,1028.4,476.25,On-Time,4.7,1499.24,85.21,Fog,0.0,52.5
2025-07-30,Milan to Zurich,TRK_0018,429.8,226.38,On-Time,4.8,725.24,91.73,Snow,0.0,42.6
2025-12-24,Hamburg to Amsterdam,TRK_0033,1068.5,558.78,On-Time,3.7,1833.51,21.46,Snow,0.0,27.7
2025-12-18,Warsaw to Berlin,TRK_0041,1053.5,462.48,On-Time,4.9,1512.83,35.4,Snow,0.0,67.9
2025-12-29,Krakow to Bratislava,TRK_0008,591.2,326.58,Delayed,4.3,911.54,63.98,Clear,172.54,69.3
2025-04-12,Amsterdam to Brussels,TRK_0016,435.5,220.76,Delayed,4.1,772.5,19.12,Fog,225.32,77.8
2025-02-12,Amsterdam to Brussels,TRK_0049,465.9,247.62,On-Time,2.7,854.03,105.13,Clear,0.0,25.8
2025-04-05,Milan to Zurich,TRK_0014,418.2,221.92,On-Time,3.5,646.82,102.95,Clear,0.0,42.8
2025-07-13,Berlin to Hamburg,TRK_0022,498.7,254.15,On-Time,4.0,876.43,110.33,Clear,0.0,89.4
2025-12-15,Krakow to Bratislava,TRK_0014,570.4,275.56,Delayed,3.3,631.63,27.93,Snow,98.51,46.3
2025-04-29,Hamburg to Amsterdam,TRK_0026,1101.5,587.9,On-Time,3.5,1423.76,90.91,Rain,0.0,69.3
2025-09-16,Berlin to Prague,TRK_0010,451.9,203.02,Delayed,3.1,456.27,93.33,Snow,102.11,64.1
2026-01-18,Milan to Zurich,TRK_0003,433.2,199.69,On-Time,4.8,550.6,116.46,Clear,0.0,62.9
2025-02-19,Paris to Lyon,TRK_0008,1066.9,501.74,Delayed,3.0,1749.74,69.63,Rain,141.42,54.0
2025-11-08,Milan to Zurich,TRK_0006,455.3,185.62,On-Time,3.3,588.18,25.49,Rain,0.0,81.0
2025-05-11,Warsaw to Krakow,TRK_0022,573.1,278.13,On-Time,2.8,838.36,65.95,Rain,0.0,70.3
2025-09-26,Budapest to Bucharest,TRK_0017,646.8,269.39,On-Time,2.5,777.5,61.98,Rain,0.0,50.0
2025-05-02,Milan to Zurich,TRK_0031,446.3,237.13,Delayed,2.6,593.74,54.3,Clear,89.08,73.7
2025-08-20,Paris to Lyon,TRK_0045,1054.6,552.57,On-Time,4.0,1262.23,45.38,Rain,0.0,93.3
2026-01-01,Budapest to Bucharest,TRK_0029,636.2,301.8,On-Time,4.1,909.55,95.5,Fog,0.0,88.5
2025-12-03,Milan to Zurich,TRK_0019,441.3,224.76,On-Time,4.2,781.18,62.9,Snow,0.0,35.6
2026-02-06,Amsterdam to Brussels,TRK_0024,448.7,229.33,On-Time,2.8,510.87,67.55,Snow,0.0,66.6
2026-02-10,Prague to Vienna,TRK_0013,389.6,185.07,On-Time,3.1,594.94,96.51,Fog,0.0,54.5
2025-10-14,Krakow to Bratislava,TRK_0004,585.1,258.25,Delayed,4.1,721.64,58.86,Clear,189.13,37.7
2025-04-21,Hamburg to Amsterdam,TRK_0020,1152.9,593.26,On-Time,4.2,1769.77,52.99,Rain,0.0,90.6
2025-09-24,Brussels to Paris,TRK_0009,1083.4,595.54,On-Time,4.6,2004.84,115.8,Clear,0.0,96.7
2025-12-22,Amsterdam to Brussels,TRK_0037,451.0,208.82,On-Time,3.5,666.56,72.17,Rain,0.0,56.7
2025-05-17,Lyon to Milan,TRK_0006,912.6,439.19,On-Time,4.8,1089.9,73.99,Fog,0.0,32.2
2025-12-18,Lyon to Milan,TRK_0010,879.9,438.32,On-Time,4.4,1107.86,35.16,Snow,0.0,54.1
2025-03-18,Amsterdam to Brussels,TRK_0016,467.5,219.04,On-Time,2.6,490.28,115.72,Fog,0.0,79.9
2025-01-01,Brussels to Paris,TRK_0001,1078.7,508.0,On-Time,2.7,1154.02,102.54,Fog,0.0,61.8
2025-02-08,Brussels to Paris,TRK_0006,1010.0,537.04,On-Time,2.6,1841.48,54.4,Clear,0.0,69.7
2025-05-23,Budapest to Bucharest,TRK_0006,639.2,295.48,Delayed,3.5,718.12,81.1,Rain,228.21,94.3
2025-11-25,Brussels to Paris,TRK_0027,1004.9,487.82,On-Time,2.5,1387.29,61.48,Snow,0.0,53.5
2025-01-30,Berlin to Hamburg,TRK_0046,511.0,275.36,On-Time,2.8,654.9,17.04,Clear,0.0,79.4
2025-09-09,Brussels to Paris,TRK_0047,1076.0,621.78,On-Time,3.9,2121.66,22.01,Snow,0.0,26.7
2025-09-26,Hamburg to Amsterdam,TRK_0044,1077.8,547.31,On-Time,2.7,1298.47,112.8,Snow,0.0,77.2
2025-03-29,Warsaw to Krakow,TRK_0013,624.9,296.52,On-Time,3.7,731.33,119.59,Rain,0.0,74.5
2025-02-10,Prague to Vienna,TRK_0039,356.3,166.69,On-Time,3.8,511.83,28.9,Fog,0.0,64.9
2025-06-26,Berlin to Prague,TRK_0025,449.6,233.39,On-Time,3.3,693.24,91.23,Rain,0.0,88.1
2025-06-15,Prague to Vienna,TRK_0004,388.7,165.08,On-Time,3.6,424.29,20.55,Fog,0.0,40.0
2025-05-09,Krakow to Bratislava,TRK_0007,576.3,239.07,On-Time,4.5,733.34,32.88,Rain,0.0,30.5
2025-03-24,Berlin to Prague,TRK_0041,481.5,260.09,On-Time,2.8,637.58,69.54,Fog,0.0,37.5
2025-10-07,Paris to Lyon,TRK_0022,1144.5,615.6,On-Time,4.4,2047.83,39.32,Rain,0.0,89.0
2025-09-21,Hamburg to Amsterdam,TRK_0012,1124.0,478.66,On-Time,4.4,1650.27,17.41,Fog,0.0,54.4
2025-03-02,Berlin to Hamburg,TRK_0030,501.8,260.03,On-Time,3.5,835.7,30.39,Clear,0.0,51.7
2025-01-02,Hamburg to Amsterdam,TRK_0025,1064.7,503.92,On-Time,3.4,1550.08,24.05,Fog,0.0,74.5
2025-12-04,Warsaw to Berlin,TRK_0024,1031.8,502.97,Delayed,3.2,1478.86,91.91,Rain,92.37,66.7
2025-06-17,Krakow to Bratislava,TRK_0037,605.1,339.66,On-Time,3.8,1048.33,39.7,Snow,0.0,82.2
2025-01-09,Prague to Vienna,TRK_0011,389.7,165.14,Delayed,4.0,519.95,84.54,Fog,245.75,68.7
2025-12-21,Hamburg to Amsterdam,TRK_0017,1155.8,560.15,On-Time,4.6,1676.33,73.12,Clear,0.0,72.3
2025-05-26,Berlin to Hamburg,TRK_0023,498.2,265.46,On-Time,2.6,809.99,24.62,Rain,0.0,42.2
2025-10-06,Berlin to Hamburg,TRK_0026,486.6,233.07,On-Time,2.6,699.27,43.86,Clear,0.0,95.3
2025-02-02,Brussels to Paris,TRK_0047,1059.1,523.63,On-Time,3.9,1735.38,75.33,Fog,0.0,61.9
2026-01-03,Milan to Zurich,TRK_0010,453.7,215.83,On-Time,4.4,696.63,70.87,Clear,0.0,54.1
2025-04-06,Brussels to Paris,TRK_0044,1072.5,527.6,On-Time,4.2,1755.92,94.33,Fog,0.0,52.8
2025-11-14,Brussels to Paris,TRK_0022,1037.5,469.81,Delayed,4.7,1141.02,93.38,Snow,125.61,38.3
2025-09-26,Berlin to Hamburg,TRK_0026,496.6,219.66,On-Time,3.2,665.52,81.56,Rain,0.0,74.9
2026-01-14,Milan to Zurich,TRK_0037,428.9,218.85,On-Time,3.0,754.73,112.0,Clear,0.0,49.8
2025-03-26,Berlin to Prague,TRK_0017,472.6,236.79,On-Time,4.3,807.88,33.68,Snow,0.0,53.4
2025-10-22,Krakow to Bratislava,TRK_0011,603.8,286.99,On-Time,4.0,887.48,25.73,Clear,0.0,65.9
2025-07-20,Warsaw to Krakow,TRK_0024,571.5,289.13,On-Time,4.9,846.08,16.64,Snow,0.0,80.2
2026-01-31,Budapest to Bucharest,TRK_0044,651.5,280.92,On-Time,2.8,864.69,68.79,Clear,0.0,92.6
2025-02-27,Amsterdam to Brussels,TRK_0031,453.3,199.87,On-Time,4.0,509.64,18.96,Snow,0.0,40.3
2025-06-07,Warsaw to Krakow,TRK_0006,587.6,278.48,On-Time,3.0,675.47,80.03,Rain,0.0,84.7
2025-09-01,Milan to Zurich,TRK_0047,458.8,215.76,On-Time,3.3,479.18,80.18,Rain,0.0,75.9
2025-11-26,Budapest to Bucharest,TRK_0007,659.4,312.03,On-Time,3.6,936.23,114.54,Clear,0.0,75.8
2025-09-26,Hamburg to Amsterdam,TRK_0031,1055.4,503.29,On-Time,3.2,1192.15,103.69,Snow,0.0,54.4
2025-03-12,Hamburg to Amsterdam,TRK_0022,1138.1,585.62,Delayed,3.3,1876.8,68.18,Fog,171.62,45.4
2025-03-27,Berlin to Hamburg,TRK_0009,502.1,268.68,On-Time,3.2,811.9,91.95,Fog,0.0,95.4
2026-02-12,Lyon to Milan,TRK_0021,927.3,435.24,Delayed,4.9,1472.69,116.6,Fog,247.52,26.9
2025-01-04,Warsaw to Berlin,TRK_0003,969.5,465.24,On-Time,4.7,1067.53,39.82,Clear,0.0,83.3
2025-06-12,Vienna to Budapest,TRK_0005,1054.2,451.61,On-Time,4.1,1319.7,34.13,Clear,0.0,45.7
2025-05-26,Hamburg to Amsterdam,TRK_0034,1116.9,543.83,On-Time,2.9,1877.31,87.49,Rain,0.0,55.9
2025-11-23,Paris to Lyon,TRK_0029,1157.8,543.73,Delayed,3.4,1560.46,92.57,Rain,236.27,46.0
2025-02-05,Vienna to Budapest,TRK_0034,1142.9,521.8,On-Time,4.3,1277.13,21.61,Rain,0.0,69.3
2025-11-27,Brussels to Paris,TRK_0001,1021.7,442.9,Delayed,2.7,1115.3,42.55,Rain,114.67,65.4
2025-06-26,Hamburg to Amsterdam,TRK_0002,1067.0,519.55,Delayed,3.6,1674.51,109.48,Fog,158.92,44.0
2025-07-05,Brussels to Paris,TRK_0036,1017.6,426.11,On-Time,2.6,1016.35,24.47,Fog,0.0,52.9
2025-12-03,Vienna to Budapest,TRK_0036,1134.5,545.85,On-Time,3.6,1286.68,64.22,Clear,0.0,58.4
2025-04-21,Berlin to Hamburg,TRK_0013,506.1,281.04,On-Time,4.9,967.82,112.24,Snow,0.0,38.3
2025-03-21,Amsterdam to Brussels,TRK_0037,472.6,212.4,Delayed,2.8,585.21,49.33,Clear,188.86,42.2
2025-10-09,Vienna to Budapest,TRK_0010,1153.0,526.8,On-Time,4.5,1744.98,71.72,Snow,0.0,65.6
2025-06-07,Krakow to Bratislava,TRK_0018,556.2,283.09,On-Time,3.7,682.26,56.27,Rain,0.0,93.8
2025-10-20,Budapest to Bucharest,TRK_0022,654.1,353.36,On-Time,4.3,830.9,108.79,Fog,0.0,25.2
2025-10-20,Berlin to Hamburg,TRK_0012,470.8,196.99,On-Time,3.7,568.34,67.26,Clear,0.0,40.6
2025-12-29,Prague to Vienna,TRK_0021,378.0,201.97,On-Time,2.9,657.62,94.04,Clear,0.0,34.8
2025-07-06,Paris to Lyon,TRK_0026,1140.2,607.19,Delayed,4.7,1545.24,73.19,Fog,168.17,61.9
2025-10-19,Warsaw to Krakow,TRK_0029,611.0,324.51,On-Time,4.2,864.68,39.86,Fog,0.0,92.5
2026-02-13,Lyon to Milan,TRK_0049,953.2,464.73,On-Time,3.3,1579.76,82.77,Snow,0.0,33.0
2025-02-04,Milan to Zurich,TRK_0023,455.3,262.35,On-Time,4.8,609.08,96.79,Rain,0.0,81.9
2026-01-09,Paris to Lyon,TRK_0038,1091.2,458.24,On-Time,4.1,1445.93,35.25,Rain,0.0,91.6
2025-10-23,Berlin to Hamburg,TRK_0027,471.5,239.76,On-Time,2.8,651.47,81.5,Rain,0.0,33.4
2025-03-22,Milan to Zurich,TRK_0008,447.2,226.32,On-Time,4.2,513.65,78.61,Clear,0.0,33.5
2025-07-15,Berlin to Prague,TRK_0026,446.8,187.8,On-Time,3.6,589.67,84.48,Fog,0.0,93.1
2025-04-12,Paris to Lyon,TRK_0040,1133.4,503.36,On-Time,3.3,1458.23,84.34,Fog,0.0,72.5
2025-12-07,Lyon to Milan,TRK_0020,909.9,432.27,Delayed,2.7,963.76,73.63,Fog,186.31,35.3
2025-06-22,Amsterdam to Brussels,TRK_0001,461.5,232.57,On-Time,2.8,765.62,77.1,Snow,0.0,97.6
2025-06-29,Krakow to Bratislava,TRK_0047,597.6,275.99,On-Time,4.5,684.18,85.03,Snow,0.0,34.4
2025-12-22,Berlin to Hamburg,TRK_0038,507.9,249.4,On-Time,2.9,610.53,113.19,Snow,0.0,64.4
2025-07-18,Lyon to Milan,TRK_0020,946.5,392.96,On-Time,4.7,1262.22,17.69,Fog,0.0,92.9
2025-08-05,Warsaw to Krakow,TRK_0008,606.9,298.24,On-Time,2.9,896.29,61.53,Clear,0.0,56.5
2025-10-30,Krakow to Bratislava,TRK_0002,562.3,241.1,On-Time,4.8,637.74,42.41,Rain,0.0,85.4
2025-12-17,Brussels to Paris,TRK_0041,990.7,541.18,Delayed,2.6,1202.46,53.13,Fog,242.62,66.2
2026-01-29,Berlin to Hamburg,TRK_0041,485.5,248.18,Delayed,3.6,764.44,119.79,Snow,128.46,86.6
2025-05-07,Berlin to Hamburg,TRK_0017,508.8,242.08,On-Time,2.5,546.46,21.24,Clear,0.0,83.2
2025-09-21,Warsaw to Berlin,TRK_0008,974.6,531.5,On-Time,3.1,1479.76,44.0,Clear,0.0,60.7
2025-08-05,Warsaw to Berlin,TRK_0034,1008.5,524.12,On-Time,3.6,1253.99,18.2,Clear,0.0,96.1
2025-12-27,Berlin to Hamburg,TRK_0004,471.6,226.61,Delayed,2.6,708.48,49.87,Clear,218.21,46.0
2025-09-29,Berlin to Hamburg,TRK_0018,482.2,235.38,On-Time,2.6,690.76,34.08,Snow,0.0,57.6
2025-12-27,Amsterdam to Brussels,TRK_0028,442.8,179.38,Delayed,3.0,551.12,106.58,Rain,183.18,36.4
2026-02-19,Zurich to Munich,TRK_0029,930.6,438.83,On-Time,2.7,1299.24,70.08,Rain,0.0,76.1
2025-09-01,Warsaw to Berlin,TRK_0002,959.6,436.84,Delayed,4.9,1317.02,17.62,Clear,215.17,28.7
2025-10-29,Brussels to Paris,TRK_0032,1038.6,504.16,On-Time,3.2,1263.8,95.67,Clear,0.0,84.9
2025-10-16,Paris to Lyon,TRK_0049,1147.7,550.97,Delayed,3.1,1926.59,21.91,Rain,87.19,69.6
2025-09-14,Lyon to Milan,TRK_0003,916.1,470.61,On-Time,4.8,1514.58,70.56,Fog,0.0,71.6
2025-11-28,Vienna to Budapest,TRK_0005,1104.9,493.05,On-Time,4.0,1565.37,25.72,Fog,0.0,94.7
2025-03-18,Berlin to Hamburg,TRK_0014,481.5,210.71,On-Time,3.1,511.28,48.84,Rain,0.0,40.4
2025-12-19,Brussels to Paris,TRK_0033,1051.5,495.82,Delayed,4.0,1610.98,22.03,Snow,108.07,56.4
2025-12-05,Warsaw to Berlin,TRK_0009,975.3,425.42,On-Time,4.6,994.38,58.13,Rain,0.0,73.2
2025-12-04,Brussels to Paris,TRK_0002,1073.6,496.82,On-Time,4.8,1702.52,98.91,Rain,0.0,52.0
2025-12-26,Amsterdam to Brussels,TRK_0049,457.2,244.95,On-Time,3.6,585.57,26.76,Fog,0.0,95.3
2026-01-10,Hamburg to Amsterdam,TRK_0035,1117.9,652.02,On-Time,4.5,2156.11,116.9,Fog,0.0,90.3
2025-06-05,Prague to Vienna,TRK_0035,362.3,175.97,On-Time,3.8,555.83,39.48,Fog,0.0,96.0
2025-07-11,Zurich to Munich,TRK_0029,907.4,435.6,On-Time,2.6,1226.91,64.69,Clear,0.0,85.5
2025-04-03,Krakow to Bratislava,TRK_0013,581.7,266.28,On-Time,4.2,909.18,68.64,Fog,0.0,74.2
2025-10-30,Lyon to Milan,TRK_0018,877.6,449.85,On-Time,3.7,1429.53,75.75,Fog,0.0,73.5
2025-01-26,Warsaw to Berlin,TRK_0018,1012.9,430.43,On-Time,2.7,1272.04,26.81,Fog,0.0,28.2
2025-10-10,Vienna to Budapest,TRK_0042,1073.2,536.87,On-Time,3.9,1413.74,54.63,Clear,0.0,81.9
2025-08-24,Lyon to Milan,TRK_0038,940.6,488.43,On-Time,4.1,1636.34,112.25,Snow,0.0,86.0
2025-07-12,Hamburg to Amsterdam,TRK_0025,1076.3,508.82,Delayed,3.6,1326.04,21.8,Clear,106.0,49.7
2025-07-17,Prague to Vienna,TRK_0010,393.0,195.07,On-Time,3.5,566.76,28.13,Rain,0.0,44.4
2025-07-24,Paris to Lyon,TRK_0035,1108.2,595.64,Delayed,3.1,1681.72,119.01,Fog,182.33,30.0
2025-01-12,Milan to Zurich,TRK_0040,419.8,185.03,On-Time,4.0,589.08,91.1,Snow,0.0,73.3
2025-11-04,Milan to Zurich,TRK_0041,424.2,209.19,On-Time,3.1,589.42,57.8,Clear,0.0,49.9
2025-05-08,Zurich to Munich,TRK_0003,930.6,423.93,On-Time,4.6,944.73,32.39,Snow,0.0,79.8
2025-09-11,Budapest to Bucharest,TRK_0010,607.3,260.47,Delayed,3.0,670.94,17.97,Fog,148.35,29.6
2026-01-22,Berlin to Hamburg,TRK_0048,511.5,250.65,On-Time,4.3,745.16,75.19,Clear,0.0,64.9
2026-01-09,Milan to Zurich,TRK_0001,434.6,212.27,On-Time,3.6,581.15,104.02,Clear,0.0,82.5
2025-06-17,Prague to Vienna,TRK_0040,390.7,213.1,On-Time,4.0,617.97,99.5,Rain,0.0,76.0
2025-10-25,Paris to Lyon,TRK_0026,1121.1,585.11,On-Time,3.3,1966.13,24.48,Snow,0.0,67.9
2025-06-10,Warsaw to Berlin,TRK_0043,964.9,503.81,On-Time,2.6,1558.63,65.16,Snow,0.0,43.0
2025-07-15,Warsaw to Berlin,TRK_0045,989.1,401.2,On-Time,2.7,1316.85,71.47,Fog,0.0,40.1
2025-06-10,Krakow to Bratislava,TRK_0016,605.5,281.7,On-Time,3.3,839.28,54.79,Clear,0.0,28.6
2025-11-01,Brussels to Paris,TRK_0042,1049.5,526.05,On-Time,3.1,1189.42,111.65,Fog,0.0,74.8
2025-05-21,Milan to Zurich,TRK_0048,441.5,212.34,Delayed,4.5,539.51,16.51,Snow,133.51,88.2
2025-09-08,Berlin to Hamburg,TRK_0049,484.1,260.52,On-Time,3.3,681.16,38.18,Clear,0.0,56.0
2025-05-05,Budapest to Bucharest,TRK_0024,649.9,362.67,On-Time,3.0,995.29,88.56,Clear,0.0,32.9
2025-11-20,Amsterdam to Brussels,TRK_0022,458.9,192.37,On-Time,4.2,463.29,34.61,Rain,0.0,36.1
2025-04-03,Lyon to Milan,TRK_0049,903.6,484.67,On-Time,3.3,1150.92,48.18,Clear,0.0,53.5
2025-02-23,Prague to Vienna,TRK_0006,366.8,182.68,On-Time,4.6,595.51,41.38,Fog,0.0,97.5
2025-01-04,Zurich to Munich,TRK_0049,999.7,433.36,On-Time,3.5,1353.93,119.12,Rain,0.0,39.3
2025-02-10,Amsterdam to Brussels,TRK_0012,458.3,243.07,On-Time,2.5,788.15,61.84,Fog,0.0,82.9
2025-03-26,Lyon to Milan,TRK_0041,901.2,374.98,Delayed,3.0,947.42,92.22,Fog,138.17,56.4
2025-12-23,Paris to Lyon,TRK_0038,1095.4,515.44,On-Time,4.9,1559.84,53.69,Snow,0.0,94.2
2025-03-31,Prague to Vienna,TRK_0020,360.9,187.14,On-Time,4.7,499.78,94.0,Snow,0.0,28.4
2025-12-13,Budapest to Bucharest,TRK_0028,618.7,301.82,On-Time,2.9,741.23,107.41,Clear,0.0,35.2
2025-04-10,Zurich to Munich,TRK_0010,974.3,494.69,On-Time,4.3,1716.72,86.63,Clear,0.0,57.9
2026-02-01,Lyon to Milan,TRK_0026,881.3,458.55,On-Time,2.9,1109.98,35.12,Fog,0.0,75.0
2026-02-24,Zurich to Munich,TRK_0005,951.6,501.34,Delayed,4.6,1498.39,55.64,Rain,220.54,43.6
2026-01-01,Vienna to Budapest,TRK_0041,1057.2,558.63,On-Time,4.3,1594.3,30.21,Rain,0.0,49.2
2025-04-28,Warsaw to Berlin,TRK_0020,957.4,530.95,On-Time,2.8,1215.8,106.62,Fog,0.0,59.6
2025-05-27,Zurich to Munich,TRK_0033,912.7,479.66,On-Time,3.1,1473.05,52.74,Snow,0.0,56.2
2026-02-27,Vienna to Budapest,TRK_0035,1144.4,627.91,On-Time,4.0,1749.0,97.35,Clear,0.0,26.1
2025-12-18,Lyon to Milan,TRK_0042,945.3,467.88,On-Time,2.8,1355.74,115.84,Snow,0.0,88.8
2026-01-12,Lyon to Milan,TRK_0025,919.1,499.8,On-Time,4.4,1674.45,95.26,Clear,0.0,47.3
2025-06-11,Amsterdam to Brussels,TRK_0031,463.2,224.52,On-Time,4.2,568.02,39.42,Clear,0.0,87.9
2025-11-03,Paris to Lyon,TRK_0035,1159.4,555.28,Delayed,3.0,1623.51,38.77,Fog,107.66,42.2
2025-10-18,Prague to Vienna,TRK_0007,392.8,219.03,On-Time,3.5,714.47,114.09,Rain,0.0,96.8
2025-09-22,Zurich to Munich,TRK_0033,911.0,489.66,Delayed,2.8,1596.82,16.56,Rain,109.87,25.2
2025-02-02,Hamburg to Amsterdam,TRK_0045,1091.4,485.89,On-Time,3.8,1467.77,85.5,Fog,0.0,77.2
2025-03-04,Hamburg to Amsterdam,TRK_0001,1058.0,480.94,On-Time,3.2,1631.56,39.7,Snow,0.0,92.8
2025-11-29,Brussels to Paris,TRK_0016,1088.2,568.65,On-Time,3.2,1829.89,95.48,Rain,0.0,39.2
2025-06-08,Milan to Zurich,TRK_0027,460.2,222.88,Delayed,2.5,702.82,119.43,Fog,222.0,54.5
2025-04-04,Warsaw to Krakow,TRK_0001,619.0,277.89,On-Time,3.4,912.68,49.8,Clear,0.0,56.8
2025-12-09,Krakow to Bratislava,TRK_0025,564.6,269.12,On-Time,3.4,895.57,89.44,Rain,0.0,97.0
2025-01-01,Hamburg to Amsterdam,TRK_0029,1084.6,549.5,On-Time,3.2,1650.81,19.41,Clear,0.0,51.8
2025-10-15,Vienna to Budapest,TRK_0049,1101.2,521.78,Delayed,3.8,1532.84,80.29,Rain,146.03,58.5
2025-01-08,Vienna to Budapest,TRK_0034,1113.4,552.76,On-Time,2.8,1596.3,86.62,Fog,0.0,82.1
2025-02-07,Warsaw to Berlin,TRK_0024,991.0,463.16,On-Time,2.7,1292.59,54.59,Rain,0.0,34.2
2025-02-14,Krakow to Bratislava,TRK_0009,600.0,301.64,On-Time,4.1,889.99,102.26,Rain,0.0,52.8
2025-06-04,Hamburg to Amsterdam,TRK_0006,1143.2,645.46,On-Time,4.8,2209.39,97.32,Snow,0.0,49.5
2025-06-10,Berlin to Hamburg,TRK_0008,491.3,210.58,On-Time,3.7,568.7,34.41,Clear,0.0,32.0
2025-12-11,Hamburg to Amsterdam,TRK_0042,1064.8,492.21,On-Time,2.8,1253.24,32.09,Fog,0.0,49.4
2025-10-28,Berlin to Hamburg,TRK_0005,470.0,263.07,On-Time,4.3,704.07,111.21,Clear,0.0,85.1
2025-06-27,Budapest to Bucharest,TRK_0044,623.0,297.97,On-Time,3.8,656.65,75.69,Rain,0.0,86.7
2025-07-07,Milan to Zurich,TRK_0032,417.1,224.58,Delayed,4.1,558.18,88.93,Snow,149.7,94.4
2025-08-24,Vienna to Budapest,TRK_0011,1145.3,569.17,On-Time,3.8,1932.56,79.16,Snow,0.0,25.4
2025-02-15,Hamburg to Amsterdam,TRK_0032,1120.8,599.32,Delayed,3.2,1671.15,24.46,Fog,92.32,93.7
2025-10-05,Warsaw to Krakow,TRK_0050,570.4,265.58,On-Time,4.1,844.27,21.2,Clear,0.0,66.9
2025-01-01,Prague to Vienna,TRK_0040,387.9,190.08,On-Time,2.7,464.12,23.49,Clear,0.0,79.3
2025-04-27,Warsaw to Berlin,TRK_0029,1036.2,423.96,On-Time,4.5,1259.9,86.45,Clear,0.0,94.9
2025-05-12,Milan to Zurich,TRK_0045,460.4,204.31,On-Time,3.9,536.39,45.77,Rain,0.0,83.2
2025-09-25,Krakow to Bratislava,TRK_0030,583.4,309.93,On-Time,2.8,785.43,115.44,Clear,0.0,55.2
2026-01-11,Amsterdam to Brussels,TRK_0006,467.3,213.01,On-Time,4.5,693.18,23.68,Clear,0.0,27.6
2025-06-20,Prague to Vienna,TRK_0003,369.4,186.74,On-Time,3.0,524.51,46.16,Snow,0.0,57.0
2025-09-26,Zurich to Munich,TRK_0049,984.9,501.04,On-Time,2.7,1663.78,117.8,Fog,0.0,27.8
2025-08-08,Vienna to Budapest,TRK_0029,1118.8,533.73,On-Time,3.2,1550.23,35.5,Snow,0.0,95.6
2025-06-12,Krakow to Bratislava,TRK_0015,602.3,321.46,On-Time,3.5,764.84,19.98,Snow,0.0,28.9
2026-02-22,Zurich to Munich,TRK_0029,932.7,398.77,On-Time,3.4,1066.11,56.69,Rain,0.0,66.2
2026-01-09,Amsterdam to Brussels,TRK_0001,432.8,249.88,On-Time,2.6,754.04,47.49,Clear,0.0,73.6
2025-11-04,Zurich to Munich,TRK_0007,928.6,546.8,On-Time,3.8,1478.7,78.11,Clear,0.0,35.4
2026-02-17,Paris to Lyon,TRK_0019,1157.0,537.01,On-Time,2.9,1198.03,90.29,Snow,0.0,92.1
2025-06-11,Paris to Lyon,TRK_0018,1156.8,644.4,On-Time,4.2,1570.35,109.62,Snow,0.0,88.7
2025-01-31,Prague to Vienna,TRK_0001,388.5,208.38,Delayed,3.3,549.8,105.6,Rain,234.11,50.3
2026-02-13,Brussels to Paris,TRK_0042,1061.4,503.24,On-Time,2.6,1291.96,115.37,Fog,0.0,32.3
2025-08-15,Vienna to Budapest,TRK_0046,1147.2,561.06,On-Time,4.3,1664.58,53.45,Clear,0.0,91.7
2025-12-08,Milan to Zurich,TRK_0049,419.9,178.88,On-Time,4.1,619.07,96.15,Clear,0.0,39.8
2025-10-24,Warsaw to Berlin,TRK_0008,981.7,399.63,On-Time,2.6,1196.91,117.09,Snow,0.0,29.7
2025-10-05,Brussels to Paris,TRK_0020,1053.8,442.83,On-Time,4.7,1329.19,33.3,Snow,0.0,50.3
2026-01-20,Zurich to Munich,TRK_0016,942.0,434.85,On-Time,2.7,990.21,116.19,Clear,0.0,72.0
2025-07-23,Krakow to Bratislava,TRK_0037,603.6,324.44,Delayed,3.5,899.02,42.59,Rain,249.34,61.6
2025-12-22,Prague to Vienna,TRK_0044,383.1,212.49,On-Time,3.2,627.99,116.13,Snow,0.0,87.9
2025-01-11,Krakow to Bratislava,TRK_0001,577.5,292.73,Delayed,3.3,726.95,81.45,Clear,92.39,40.5
2025-07-14,Budapest to Bucharest,TRK_0021,607.7,277.53,On-Time,3.1,820.59,80.91,Rain,0.0,41.0
2025-04-24,Warsaw to Krakow,TRK_0020,621.4,286.99,Delayed,2.6,965.3,59.28,Clear,140.55,25.4
2026-01-27,Hamburg to Amsterdam,TRK_0035,1149.7,534.65,Delayed,4.8,1237.66,56.22,Rain,215.08,70.0
2025-01-04,Zurich to Munich,TRK_0019,971.0,565.13,On-Time,4.4,1975.03,73.43,Fog,0.0,48.6
2025-10-17,Berlin to Prague,TRK_0012,448.7,242.71,On-Time,3.5,606.83,103.53,Fog,0.0,74.0
2025-04-02,Zurich to Munich,TRK_0001,972.5,457.03,On-Time,3.1,1589.68,108.44,Rain,0.0,25.1
2025-08-16,Berlin to Prague,TRK_0008,478.0,237.78,On-Time,2.5,581.55,88.54,Rain,0.0,32.2
2026-02-12,Paris to Lyon,TRK_0039,1125.8,535.97,On-Time,2.8,1578.27,66.33,Clear,0.0,75.1
2025-10-17,Krakow to Bratislava,TRK_0007,555.3,244.71,On-Time,3.3,713.52,91.68,Snow,0.0,66.5
2025-08-26,Berlin to Hamburg,TRK_0045,475.6,236.51,On-Time,4.3,751.05,96.18,Rain,0.0,59.9
2026-01-27,Amsterdam to Brussels,TRK_0045,470.3,226.78,On-Time,2.9,766.79,65.36,Rain,0.0,83.7
2025-05-22,Zurich to Munich,TRK_0022,936.0,379.46,On-Time,2.9,1206.76,32.06,Clear,0.0,38.0
2025-04-20,Budapest to Bucharest,TRK_0040,633.3,338.65,On-Time,4.2,813.48,41.46,Snow,0.0,45.3
2025-05-23,Vienna to Budapest,TRK_0042,1134.6,648.5,On-Time,2.7,2247.78,115.44,Rain,0.0,76.2
2025-12-11,Paris to Lyon,TRK_0009,1122.1,444.71,On-Time,2.6,1520.12,88.07,Rain,0.0,87.2
2025-03-08,Berlin to Hamburg,TRK_0046,491.9,240.2,On-Time,3.1,752.6,19.35,Rain,0.0,61.7
2025-08-02,Zurich to Munich,TRK_0022,910.8,395.69,On-Time,4.6,1047.69,98.27,Rain,0.0,93.2
2025-08-14,Berlin to Hamburg,TRK_0030,484.9,237.79,On-Time,2.8,545.1,17.41,Rain,0.0,97.3
2025-02-15,Brussels to Paris,TRK_0027,1082.0,575.89,On-Time,3.4,1722.23,105.36,Rain,0.0,67.5
2025-09-29,Berlin to Prague,TRK_0014,484.6,201.51,On-Time,3.9,515.6,80.11,Fog,0.0,36.8
2025-10-18,Lyon to Milan,TRK_0006,941.5,496.69,Delayed,2.6,1354.78,107.9,Fog,223.04,91.2
2025-08-24,Zurich to Munich,TRK_0049,991.3,489.72,On-Time,2.7,1403.43,56.34,Snow,0.0,29.4
2025-10-25,Lyon to Milan,TRK_0019,931.9,443.19,On-Time,3.6,1539.47,86.91,Rain,0.0,77.4
2025-10-18,Warsaw to Krakow,TRK_0027,570.5,280.81,On-Time,2.8,679.46,29.14,Clear,0.0,31.5
2025-03-17,Vienna to Budapest,TRK_0017,1140.7,624.32,On-Time,4.9,1823.79,48.66,Rain,0.0,32.4
2025-09-21,Brussels to Paris,TRK_0033,1082.3,495.9,On-Time,4.0,1534.03,25.3,Fog,0.0,35.8
2025-05-03,Budapest to Bucharest,TRK_0047,656.7,345.95,On-Time,3.5,860.3,73.77,Rain,0.0,89.8
2026-01-04,Berlin to Hamburg,TRK_0019,515.3,227.99,Delayed,3.8,568.24,42.38,Rain,241.39,27.5
2025-12-20,Berlin to Prague,TRK_0016,444.5,248.88,On-Time,3.5,668.5,90.47,Snow,0.0,88.0
2026-02-03,Krakow to Bratislava,TRK_0047,602.1,284.78,On-Time,3.6,843.77,108.97,Snow,0.0,77.7
2025-11-22,Vienna to Budapest,TRK_0022,1093.5,490.46,On-Time,4.6,1329.61,112.78,Fog,0.0,95.2
2025-02-02,Vienna to Budapest,TRK_0028,1154.0,484.38,On-Time,2.6,1505.0,15.83,Snow,0.0,92.5
2025-11-13,Hamburg to Amsterdam,TRK_0020,1058.5,523.76,On-Time,3.3,1792.27,75.45,Fog,0.0,47.1
2025-08-17,Berlin to Prague,TRK_0012,480.4,218.98,On-Time,2.8,586.5,90.33,Clear,0.0,44.4
2025-07-17,Zurich to Munich,TRK_0008,983.9,446.67,On-Time,3.9,1096.14,98.23,Rain,0.0,93.7
2026-02-23,Budapest to Bucharest,TRK_0008,648.5,324.73,On-Time,3.6,888.61,84.07,Fog,0.0,41.5
2025-12-15,Warsaw to Berlin,TRK_0002,1007.4,474.75,On-Time,4.6,1612.1,29.92,Clear,0.0,30.8
2026-01-09,Berlin to Hamburg,TRK_0036,471.9,241.84,Delayed,3.4,836.84,44.33,Rain,153.6,91.1
2026-02-13,Budapest to Bucharest,TRK_0030,616.3,336.6,On-Time,2.8,825.41,116.31,Clear,0.0,75.5
2025-07-30,Zurich to Munich,TRK_0022,977.1,474.17,On-Time,2.8,1308.22,86.61,Fog,0.0,38.7
2025-08-28,Berlin to Prague,TRK_0001,453.7,212.63,On-Time,4.1,566.5,31.01,Fog,0.0,93.1
2025-02-02,Zurich to Munich,TRK_0002,995.6,468.98,On-Time,2.6,1593.13,65.8,Rain,0.0,78.3
2025-02-03,Prague to Vienna,TRK_0020,368.2,202.32,Delayed,2.6,524.3,116.6,Clear,210.77,40.9
2025-07-23,Lyon to Milan,TRK_0034,919.6,446.72,On-Time,3.0,1097.84,80.36,Snow,0.0,76.8
2025-09-23,Krakow to Bratislava,TRK_0050,559.3,292.08,On-Time,4.3,967.58,97.33,Snow,0.0,34.3
2025-07-11,Warsaw to Krakow,TRK_0040,619.6,338.27,On-Time,2.9,810.5,87.79,Fog,0.0,41.6
2025-11-12,Zurich to Munich,TRK_0013,956.1,431.88,On-Time,3.7,1339.49,108.91,Rain,0.0,82.1
2025-04-26,Vienna to Budapest,TRK_0009,1100.5,473.85,Delayed,3.5,1601.43,72.88,Fog,87.75,38.7
2025-11-07,Lyon to Milan,TRK_0032,949.7,520.11,On-Time,3.0,1170.32,16.49,Clear,0.0,36.4
2025-02-21,Brussels to Paris,TRK_0023,1078.0,570.04,On-Time,3.9,1669.24,116.0,Clear,0.0,95.3
2025-09-10,Lyon to Milan,TRK_0043,939.0,469.96,On-Time,4.6,1510.05,65.24,Snow,0.0,57.3
2025-05-15,Prague to Vienna,TRK_0009,364.1,185.57,On-Time,2.9,637.98,111.56,Clear,0.0,71.3
2026-01-22,Budapest to Bucharest,TRK_0039,615.5,280.64,On-Time,4.4,673.7,100.65,Rain,0.0,38.0
2025-07-01,Warsaw to Berlin,TRK_0026,991.7,530.58,On-Time,3.0,1619.82,109.52,Rain,0.0,85.8
2025-11-22,Berlin to Hamburg,TRK_0047,509.9,250.97,Delayed,2.6,681.6,98.26,Snow,97.77,42.3
2025-09-06,Warsaw to Krakow,TRK_0043,583.7,277.82,Delayed,3.9,664.84,108.29,Clear,117.36,53.1
2025-07-25,Warsaw to Berlin,TRK_0043,1004.9,458.29,On-Time,4.3,1399.57,55.54,Snow,0.0,78.3
2026-02-09,Warsaw to Berlin,TRK_0031,990.1,418.94,Delayed,4.1,958.32,24.08,Snow,92.24,66.3
2025-12-11,Warsaw to Krakow,TRK_0022,595.7,281.4,Delayed,4.3,835.8,37.21,Snow,156.65,61.3
2026-02-17,Warsaw to Berlin,TRK_0012,1001.7,404.25,On-Time,3.6,972.54,16.57,Fog,0.0,32.0
2026-01-09,Berlin to Prague,TRK_0043,447.7,186.44,On-Time,4.3,629.74,80.13,Fog,0.0,63.8
2025-11-28,Krakow to Bratislava,TRK_0030,551.2,294.87,Delayed,3.6,991.1,39.29,Rain,102.41,72.6
2025-12-12,Warsaw to Berlin,TRK_0049,1000.0,477.79,On-Time,4.1,1454.09,59.14,Rain,0.0,86.4
2025-04-17,Brussels to Paris,TRK_0041,1049.5,580.68,On-Time,4.0,1753.05,55.13,Snow,0.0,38.8
2025-09-20,Paris to Lyon,TRK_0044,1139.6,538.02,Delayed,2.6,1268.31,22.27,Clear,211.68,60.5
2025-07-13,Budapest to Bucharest,TRK_0018,635.0,332.07,On-Time,4.3,731.07,59.19,Fog,0.0,53.9
2025-06-08,Brussels to Paris,TRK_0035,1069.4,501.29,On-Time,3.6,1304.54,113.8,Fog,0.0,84.6
2025-07-17,Krakow to Bratislava,TRK_0023,589.0,275.64,Delayed,3.5,732.9,88.4,Fog,113.86,68.0
2025-07-17,Amsterdam to Brussels,TRK_0018,450.7,203.31,Delayed,4.7,596.73,52.6,Fog,117.87,40.0
2025-12-22,Amsterdam to Brussels,TRK_0024,452.5,191.75,Delayed,3.8,537.18,85.81,Fog,130.95,97.1
2025-06-10,Budapest to Bucharest,TRK_0040,657.3,333.34,On-Time,3.3,903.86,111.87,Fog,0.0,73.0
2025-05-07,Warsaw to Krakow,TRK_0020,615.2,353.22,On-Time,3.1,1102.66,97.48,Snow,0.0,69.7
2025-07-22,Zurich to Munich,TRK_0037,963.9,453.15,On-Time,4.9,1149.2,75.72,Snow,0.0,41.5
2025-05-19,Budapest to Bucharest,TRK_0027,600.5,330.28,On-Time,2.9,823.02,77.3,Fog,0.0,34.4
2026-01-06,Paris to Lyon,TRK_0031,1156.2,646.24,On-Time,4.4,1860.59,105.1,Snow,0.0,32.3
2025-03-22,Warsaw to Berlin,TRK_0007,1054.0,538.64,Delayed,2.9,1787.5,94.98,Fog,135.56,90.6
2025-09-23,Vienna to Budapest,TRK_0023,1085.4,545.29,On-Time,4.5,1293.15,96.66,Clear,0.0,42.8
2025-01-22,Budapest to Bucharest,TRK_0020,635.2,326.47,Delayed,4.3,813.07,20.73,Clear,104.04,78.8
2025-07-02,Prague to Vienna,TRK_0007,385.5,188.22,On-Time,3.5,501.25,89.23,Fog,0.0,38.9
2025-10-26,Brussels to Paris,TRK_0022,1060.5,464.93,On-Time,4.9,1070.52,75.23,Rain,0.0,93.9
2025-05-14,Warsaw to Krakow,TRK_0046,603.2,284.56,On-Time,3.1,652.84,113.13,Snow,0.0,28.5
2025-04-15,Zurich to Munich,TRK_0019,923.8,451.93,On-Time,2.8,1498.31,35.46,Fog,0.0,46.4
2025-05-16,Vienna to Budapest,TRK_0027,1126.3,465.63,On-Time,3.9,1329.73,87.78,Fog,0.0,82.0
2025-10-04,Warsaw to Berlin,TRK_0002,1009.2,583.42,On-Time,4.3,1390.36,105.34,Fog,0.0,80.0
2025-01-26,Zurich to Munich,TRK_0010,983.1,449.96,On-Time,4.7,1027.59,42.67,Clear,0.0,47.1
2025-06-13,Prague to Vienna,TRK_0004,364.8,202.04,On-Time,2.9,658.57,79.0,Snow,0.0,55.8
2025-06-23,Berlin to Hamburg,TRK_0012,504.4,271.57,On-Time,3.0,644.58,119.37,Rain,0.0,25.7
2025-01-09,Warsaw to Krakow,TRK_0009,594.1,304.04,On-Time,3.1,755.63,41.63,Fog,0.0,57.2
2026-01-11,Berlin to Prague,TRK_0045,471.9,224.79,On-Time,2.5,744.66,29.91,Fog,0.0,69.5
2025-06-27,Milan to Zurich,TRK_0049,430.9,209.37,On-Time,3.4,475.87,113.86,Rain,0.0,91.4
2026-01-12,Hamburg to Amsterdam,TRK_0038,1133.8,554.69,Delayed,3.2,1882.21,98.2,Clear,101.6,46.6
2025-02-04,Lyon to Milan,TRK_0038,929.9,530.83,Delayed,4.3,1828.65,84.5,Rain,129.75,89.3
2025-01-30,Milan to Zurich,TRK_0029,455.6,232.17,On-Time,3.9,731.0,115.64,Fog,0.0,71.9
2025-12-20,Warsaw to Krakow,TRK_0032,619.5,303.71,On-Time,4.8,740.37,42.69,Fog,0.0,51.3
2025-10-05,Hamburg to Amsterdam,TRK_0015,1145.1,582.55,On-Time,2.9,1664.65,112.77,Rain,0.0,36.4
2025-11-03,Lyon to Milan,TRK_0003,949.4,477.64,On-Time,3.8,1493.29,111.06,Rain,0.0,94.1
2025-09-06,Brussels to Paris,TRK_0016,1009.5,543.64,On-Time,2.7,1255.75,117.83,Clear,0.0,63.8
2025-09-20,Vienna to Budapest,TRK_0003,1130.8,617.56,On-Time,4.4,1398.77,111.21,Clear,0.0,58.2
2025-01-26,Budapest to Bucharest,TRK_0032,643.2,362.87,On-Time,3.4,1075.58,80.04,Snow,0.0,75.7
2025-04-02,Warsaw to Krakow,TRK_0039,614.1,301.64,Delayed,2.9,1018.61,114.26,Snow,122.46,65.7
2025-04-04,Warsaw to Berlin,TRK_0011,990.0,429.02,On-Time,3.4,1122.6,100.15,Fog,0.0,87.0
2025-04-09,Paris to Lyon,TRK_0013,1134.1,612.76,On-Time,3.2,1588.67,107.11,Clear,0.0,47.2
2025-09-23,Hamburg to Amsterdam,TRK_0032,1115.0,539.23,On-Time,4.5,1193.54,54.29,Fog,0.0,80.9
2025-12-17,Berlin to Prague,TRK_0023,469.2,233.26,On-Time,3.7,702.37,109.9,Fog,0.0,56.2
2025-12-03,Prague to Vienna,TRK_0014,391.8,188.51,On-Time,3.0,640.49,64.79,Rain,0.0,36.7
2025-07-03,Prague to Vienna,TRK_0037,356.9,154.94,On-Time,2.9,462.65,17.92,Snow,0.0,66.8
2025-03-22,Amsterdam to Brussels,TRK_0010,444.3,212.37,On-Time,4.4,527.5,30.92,Snow,0.0,48.1
2025-12-07,Amsterdam to Brussels,TRK_0045,449.6,214.85,On-Time,2.9,586.8,101.8,Snow,0.0,73.5
2025-04-03,Krakow to Bratislava,TRK_0003,570.9,256.02,On-Time,4.1,746.71,25.2,Rain,0.0,77.8
2025-04-25,Hamburg to Amsterdam,TRK_0042,1132.7,474.71,On-Time,4.6,1479.05,31.49,Clear,0.0,37.9
2025-03-19,Milan to Zurich,TRK_0007,424.6,196.85,On-Time,4.8,461.9,54.11,Rain,0.0,88.5
2025-10-06,Hamburg to Amsterdam,TRK_0027,1103.9,567.34,Delayed,4.0,1639.66,42.53,Clear,146.21,97.2
2026-01-20,Milan to Zurich,TRK_0009,453.8,208.23,Delayed,4.8,705.95,67.27,Fog,121.57,47.9
2025-06-17,Paris to Lyon,TRK_0050,1158.9,558.53,On-Time,4.4,1791.54,27.47,Fog,0.0,77.9
2025-04-22,Brussels to Paris,TRK_0019,1008.7,525.58,On-Time,2.9,1207.59,34.22,Snow,0.0,75.4
2025-01-24,Prague to Vienna,TRK_0019,379.2,197.13,Delayed,4.3,673.98,111.29,Clear,95.31,88.0
2025-08-17,Milan to Zurich,TRK_0010,450.4,228.3,On-Time,3.9,658.62,83.43,Rain,0.0,33.1
2025-10-09,Warsaw to Berlin,TRK_0002,975.8,461.04,On-Time,4.4,1437.57,21.55,Snow,0.0,93.3
2026-01-18,Hamburg to Amsterdam,TRK_0011,1086.0,503.15,Delayed,3.3,1137.29,100.01,Snow,121.53,63.7
2025-05-01,Paris to Lyon,TRK_0036,1052.8,515.71,On-Time,4.6,1547.51,84.3,Clear,0.0,29.4
2025-07-23,Paris to Lyon,TRK_0035,1100.5,604.41,On-Time,4.6,1469.02,73.36,Rain,0.0,89.4
2025-09-14,Zurich to Munich,TRK_0040,943.1,533.71,On-Time,3.7,1798.69,23.75,Snow,0.0,71.4
2025-11-20,Zurich to Munich,TRK_0035,983.7,505.49,On-Time,2.8,1397.31,46.99,Clear,0.0,25.1
2025-02-08,Prague to Vienna,TRK_0013,381.1,186.65,On-Time,4.0,434.69,71.76,Rain,0.0,50.5
2025-04-06,Paris to Lyon,TRK_0030,1119.1,592.88,On-Time,4.8,1871.82,88.53,Fog,0.0,94.5
2025-09-04,Krakow to Bratislava,TRK_0032,554.6,255.34,On-Time,4.6,617.2,81.65,Clear,0.0,87.5
2026-02-21,Vienna to Budapest,TRK_0018,1139.0,567.45,On-Time,3.5,1588.2,67.83,Clear,0.0,50.7
2025-10-31,Amsterdam to Brussels,TRK_0027,470.0,238.66,On-Time,4.2,580.34,85.93,Rain,0.0,76.2
2025-07-12,Paris to Lyon,TRK_0024,1158.2,540.47,Delayed,4.7,1592.86,24.89,Snow,156.2,47.5
2025-09-17,Amsterdam to Brussels,TRK_0038,471.8,205.91,On-Time,4.2,621.18,15.95,Fog,0.0,78.9
2025-03-11,Milan to Zurich,TRK_0038,443.7,219.27,Delayed,4.0,602.99,118.79,Snow,90.7,57.0
2025-11-13,Berlin to Hamburg,TRK_0026,468.5,214.63,On-Time,4.2,611.15,73.71,Snow,0.0,54.6
2025-02-08,Vienna to Budapest,TRK_0033,1142.6,635.29,Delayed,3.7,1636.3,63.13,Snow,115.06,78.5
2025-10-02,Berlin to Prague,TRK_0035,487.1,230.59,Delayed,3.2,510.26,78.52,Fog,228.89,48.8
2025-03-29,Milan to Zurich,TRK_0008,456.0,195.54,On-Time,2.6,531.92,73.05,Clear,0.0,26.3
2025-10-06,Budapest to Bucharest,TRK_0012,633.2,293.3,On-Time,2.5,979.75,75.18,Rain,0.0,88.9
2026-02-16,Warsaw to Krakow,TRK_0003,598.9,305.65,On-Time,4.0,860.66,102.51,Clear,0.0,65.4
2025-08-01,Warsaw to Berlin,TRK_0016,968.8,550.48,On-Time,2.6,1363.38,86.36,Fog,0.0,80.5
2025-07-26,Amsterdam to Brussels,TRK_0007,471.6,237.69,On-Time,4.8,816.56,55.68,Clear,0.0,65.7
2026-01-28,Vienna to Budapest,TRK_0037,1145.1,638.33,On-Time,3.2,1776.77,20.44,Fog,0.0,91.7
2025-01-10,Berlin to Prague,TRK_0042,465.4,225.55,On-Time,2.6,681.24,36.42,Snow,0.0,89.9
2025-03-04,Vienna to Budapest,TRK_0004,1083.6,549.0,On-Time,4.0,1877.35,56.31,Snow,0.0,73.6
2025-08-05,Zurich to Munich,TRK_0036,994.9,507.48,On-Time,2.6,1209.98,96.7,Clear,0.0,48.6
2025-06-26,Amsterdam to Brussels,TRK_0040,451.1,211.33,On-Time,2.9,722.88,33.98,Clear,0.0,49.2
2025-04-21,Brussels to Paris,TRK_0041,1058.7,463.52,On-Time,3.7,1254.02,71.82,Snow,0.0,52.2
2025-04-25,Krakow to Bratislava,TRK_0039,568.0,268.29,On-Time,3.1,592.37,102.2,Rain,0.0,46.0
2026-01-09,Vienna to Budapest,TRK_0023,1064.8,581.21,On-Time,2.5,1466.9,28.41,Rain,0.0,94.1
2025-02-04,Lyon to Milan,TRK_0046,905.5,496.8,On-Time,3.7,1194.39,96.1,Rain,0.0,70.1
2025-10-12,Paris to Lyon,TRK_0021,1127.4,521.6,On-Time,3.3,1609.47,51.36,Snow,0.0,32.4
2025-03-01,Warsaw to Krakow,TRK_0033,599.4,297.15,Delayed,4.8,858.12,81.86,Snow,132.45,31.8
2025-08-18,Budapest to Bucharest,TRK_0030,616.4,275.59,On-Time,4.4,712.91,106.75,Snow,0.0,33.2
2026-02-09,Berlin to Prague,TRK_0030,457.3,225.99,On-Time,3.0,582.2,109.64,Rain,0.0,27.7
2025-04-29,Hamburg to Amsterdam,TRK_0032,1107.8,470.65,On-Time,2.7,1517.27,87.28,Rain,0.0,85.3
2025-09-24,Prague to Vienna,TRK_0039,372.3,162.28,On-Time,2.9,549.75,22.17,Rain,0.0,60.0
2025-09-01,Warsaw to Berlin,TRK_0013,982.4,455.81,On-Time,3.3,1075.21,87.61,Fog,0.0,48.9
2025-12-05,Zurich to Munich,TRK_0014,937.5,455.88,On-Time,2.6,1306.3,105.67,Snow,0.0,56.0
2025-09-02,Budapest to Bucharest,TRK_0013,617.1,269.95,On-Time,4.4,921.49,77.21,Fog,0.0,68.0
2025-02-03,Vienna to Budapest,TRK_0020,1076.8,522.32,On-Time,4.7,1576.28,60.15,Snow,0.0,28.8
2025-10-28,Amsterdam to Brussels,TRK_0037,467.2,219.87,On-Time,3.9,620.82,75.63,Rain,0.0,85.8
2025-12-17,Warsaw to Krakow,TRK_0046,579.8,298.25,On-Time,3.8,1006.89,32.87,Snow,0.0,53.5
2026-01-12,Lyon to Milan,TRK_0033,909.5,494.58,On-Time,4.0,1382.43,53.92,Rain,0.0,66.0
2025-07-09,Zurich to Munich,TRK_0050,953.1,485.91,On-Time,2.8,1396.41,26.67,Clear,0.0,38.1
2025-02-06,Paris to Lyon,TRK_0029,1117.3,585.66,On-Time,4.6,1926.92,101.1,Snow,0.0,63.6
2025-04-07,Amsterdam to Brussels,TRK_0041,472.5,209.76,Delayed,3.3,619.79,46.42,Snow,237.32,84.2
2026-02-09,Lyon to Milan,TRK_0018,946.7,477.49,Delayed,5.0,1660.07,26.01,Rain,203.44,71.6
2025-04-18,Hamburg to Amsterdam,TRK_0034,1086.5,526.43,On-Time,3.9,1575.44,118.51,Clear,0.0,45.1
2025-06-22,Warsaw to Berlin,TRK_0037,1042.9,481.17,On-Time,4.7,1586.33,75.15,Rain,0.0,85.8
2025-08-16,Amsterdam to Brussels,TRK_0030,433.4,205.3,On-Time,3.6,507.1,101.43,Snow,0.0,31.5
2025-12-03,Paris to Lyon,TRK_0021,1108.5,599.55,On-Time,4.4,1918.23,85.24,Rain,0.0,34.2
2025-07-22,Paris to Lyon,TRK_0002,1135.1,482.21,On-Time,2.5,1661.74,70.93,Fog,0.0,47.4
2025-11-27,Warsaw to Krakow,TRK_0021,577.3,269.65,Delayed,3.8,882.9,98.75,Clear,87.26,48.9
2025-03-11,Vienna to Budapest,TRK_0020,1132.8,473.96,On-Time,4.2,1527.63,67.1,Fog,0.0,80.3
2025-03-13,Berlin to Prague,TRK_0029,450.9,221.83,On-Time,3.1,589.89,98.84,Clear,0.0,76.4
2025-11-17,Hamburg to Amsterdam,TRK_0022,1084.3,601.27,On-Time,2.7,1817.48,45.65,Rain,0.0,31.3
2025-06-21,Milan to Zurich,TRK_0025,433.5,218.49,On-Time,4.5,513.54,54.88,Rain,0.0,53.7
2025-12-14,Warsaw to Berlin,TRK_0040,1020.1,578.11,On-Time,3.0,1293.02,31.63,Fog,0.0,97.8
2025-11-29,Krakow to Bratislava,TRK_0025,549.4,281.31,On-Time,3.4,712.1,22.21,Fog,0.0,30.6
2025-02-23,Paris to Lyon,TRK_0040,1103.8,608.12,On-Time,3.8,1984.65,111.5,Fog,0.0,85.5
2025-01-22,Berlin to Prague,TRK_0024,442.5,226.21,Delayed,5.0,500.09,29.98,Fog,115.45,34.8
2025-09-18,Budapest to Bucharest,TRK_0007,639.4,321.49,On-Time,3.9,954.69,98.4,Clear,0.0,67.0
2025-10-22,Krakow to Bratislava,TRK_0003,577.7,280.27,On-Time,4.7,844.93,87.67,Clear,0.0,66.6
2025-03-30,Hamburg to Amsterdam,TRK_0033,1133.1,537.54,On-Time,3.2,1406.14,115.9,Clear,0.0,87.5
2025-05-02,Warsaw to Krakow,TRK_0050,602.3,297.2,On-Time,3.6,997.03,17.23,Fog,0.0,83.8
2025-10-14,Lyon to Milan,TRK_0008,872.2,441.52,On-Time,4.3,1447.17,36.32,Rain,0.0,68.1
2026-01-25,Zurich to Munich,TRK_0034,912.5,449.04,On-Time,4.4,1549.34,38.36,Rain,0.0,40.7
2025-05-26,Berlin to Hamburg,TRK_0049,489.5,236.35,On-Time,4.0,711.29,26.84,Snow,0.0,39.1
2026-02-27,Milan to Zurich,TRK_0041,435.4,191.71,On-Time,3.4,618.03,116.84,Snow,0.0,30.0
2025-03-29,Zurich to Munich,TRK_0015,914.4,412.11,On-Time,2.8,1050.51,44.35,Clear,0.0,29.1
2025-12-20,Paris to Lyon,TRK_0032,1118.1,526.46,On-Time,3.2,1841.13,40.22,Clear,0.0,29.3
2025-09-05,Amsterdam to Brussels,TRK_0046,445.4,259.07,Delayed,3.2,890.62,17.96,Fog,105.67,53.5
2025-05-11,Krakow to Bratislava,TRK_0037,560.9,233.47,On-Time,3.2,557.39,45.41,Snow,0.0,85.8
2025-12-22,Brussels to Paris,TRK_0042,1012.2,448.5,On-Time,2.6,1098.89,55.17,Fog,0.0,32.2
2025-07-15,Warsaw to Berlin,TRK_0014,1001.5,442.09,On-Time,2.9,1509.53,30.9,Clear,0.0,27.3
2025-06-21,Lyon to Milan,TRK_0050,884.1,461.58,Delayed,3.9,1133.44,115.64,Clear,81.7,58.9
2025-11-06,Warsaw to Berlin,TRK_0021,959.8,435.17,On-Time,3.9,964.35,98.85,Rain,0.0,69.9
2025-02-15,Lyon to Milan,TRK_0013,933.3,441.36,Delayed,3.0,1437.46,74.47,Fog,230.38,72.8
2025-09-11,Prague to Vienna,TRK_0010,360.7,179.06,On-Time,4.3,458.95,57.79,Clear,0.0,97.9
2025-02-26,Prague to Vienna,TRK_0037,376.8,187.07,On-Time,3.6,486.07,57.74,Rain,0.0,85.2
2026-01-24,Budapest to Bucharest,TRK_0020,653.5,324.69,On-Time,2.7,882.02,30.13,Rain,0.0,40.7
2025-10-28,Lyon to Milan,TRK_0018,870.1,505.19,On-Time,2.5,1289.79,92.9,Fog,0.0,83.2
2025-08-31,Krakow to Bratislava,TRK_0012,584.8,250.61,On-Time,3.4,582.09,111.91,Fog,0.0,54.9
2025-11-30,Amsterdam to Brussels,TRK_0030,468.5,217.84,On-Time,2.8,747.72,101.85,Snow,0.0,67.7
2025-06-29,Krakow to Bratislava,TRK_0008,551.2,249.11,Delayed,4.9,721.95,111.83,Clear,109.02,56.4
2025-07-27,Paris to Lyon,TRK_0049,1084.2,545.67,On-Time,3.7,1504.06,107.27,Fog,0.0,34.3
2025-08-26,Warsaw to Berlin,TRK_0025,1044.9,487.41,On-Time,2.6,1547.02,61.02,Clear,0.0,96.3
2025-02-26,Warsaw to Berlin,TRK_0037,1003.1,509.34,Delayed,3.3,1153.89,74.98,Rain,146.82,95.2
2025-11-17,Milan to Zurich,TRK_0009,425.7,189.39,On-Time,3.8,483.24,114.18,Clear,0.0,61.8
2025-03-02,Amsterdam to Brussels,TRK_0015,475.1,217.41,On-Time,4.3,481.05,21.92,Rain,0.0,39.5
2026-01-08,Brussels to Paris,TRK_0032,1087.7,443.57,On-Time,2.5,1095.87,37.87,Clear,0.0,26.5
2025-10-08,Krakow to Bratislava,TRK_0034,563.5,273.28,On-Time,3.1,640.73,15.51,Clear,0.0,33.9
2025-03-02,Lyon to Milan,TRK_0026,862.8,458.25,Delayed,3.9,1449.81,30.99,Rain,103.61,61.1
2025-08-22,Milan to Zurich,TRK_0048,442.6,229.15,On-Time,4.4,688.16,55.76,Snow,0.0,46.9
2025-02-12,Krakow to Bratislava,TRK_0036,576.8,253.32,Delayed,4.8,826.0,117.11,Snow,196.33,43.2
2025-03-02,Paris to Lyon,TRK_0007,1145.1,565.66,Delayed,4.7,1478.55,84.53,Snow,198.03,49.1
2025-03-14,Amsterdam to Brussels,TRK_0049,475.0,242.4,On-Time,3.1,800.46,16.26,Snow,0.0,39.9
2026-01-26,Budapest to Bucharest,TRK_0016,625.5,264.06,On-Time,4.0,666.88,76.11,Snow,0.0,88.0
2025-08-10,Prague to Vienna,TRK_0029,383.1,171.9,On-Time,4.1,381.76,29.62,Clear,0.0,75.3
2025-03-19,Brussels to Paris,TRK_0009,1013.1,528.76,On-Time,2.5,1823.83,56.06,Clear,0.0,63.8
2025-09-14,Berlin to Hamburg,TRK_0005,480.3,209.49,On-Time,4.8,634.4,35.23,Snow,0.0,36.7
2025-04-24,Berlin to Hamburg,TRK_0023,468.3,203.83,Delayed,4.4,700.27,72.92,Snow,98.22,33.5
2025-08-03,Brussels to Paris,TRK_0005,1008.3,489.76,On-Time,3.2,1629.02,56.75,Clear,0.0,29.4
2025-11-05,Vienna to Budapest,TRK_0012,1059.7,462.01,Delayed,3.9,1330.17,63.12,Clear,95.25,89.2
2025-03-31,Zurich to Munich,TRK_0013,918.4,510.66,On-Time,3.4,1206.5,83.76,Snow,0.0,94.1
2026-01-02,Warsaw to Berlin,TRK_0024,1003.8,505.89,On-Time,4.5,1699.07,110.91,Snow,0.0,47.8
2026-01-07,Zurich to Munich,TRK_0003,935.4,394.81,On-Time,5.0,1305.94,46.48,Clear,0.0,32.8
2025-02-15,Vienna to Budapest,TRK_0022,1054.3,538.93,On-Time,3.0,1698.41,66.64,Rain,0.0,43.9
2025-06-29,Krakow to Bratislava,TRK_0036,553.9,302.46,Delayed,3.3,705.34,86.34,Fog,193.59,38.4
2025-08-20,Hamburg to Amsterdam,TRK_0001,1092.1,554.87,On-Time,4.8,1785.64,115.03,Rain,0.0,45.2
2025-02-09,Zurich to Munich,TRK_0040,948.5,549.4,On-Time,4.6,1401.21,80.47,Fog,0.0,59.1
2025-02-11,Prague to Vienna,TRK_0043,377.9,185.12,Delayed,4.9,433.46,68.58,Fog,248.88,96.1
2025-03-06,Warsaw to Krakow,TRK_0016,621.8,312.53,On-Time,3.5,987.78,54.73,Rain,0.0,94.2
2025-03-19,Warsaw to Krakow,TRK_0006,617.4,282.74,On-Time,3.4,753.22,75.36,Rain,0.0,26.3
2025-07-24,Paris to Lyon,TRK_0043,1083.2,534.39,On-Time,2.8,1669.08,66.77,Rain,0.0,64.9
2025-02-11,Prague to Vienna,TRK_0034,373.6,167.54,On-Time,3.1,516.08,97.84,Rain,0.0,77.9
2025-09-28,Budapest to Bucharest,TRK_0034,636.5,277.06,On-Time,3.1,888.36,51.47,Clear,0.0,84.6
2025-01-23,Berlin to Prague,TRK_0012,448.3,228.6,On-Time,3.2,741.3,34.58,Clear,0.0,33.6
2025-07-25,Budapest to Bucharest,TRK_0004,638.0,337.68,On-Time,3.1,805.35,89.92,Fog,0.0,28.9
2025-01-30,Prague to Vienna,TRK_0013,358.6,168.85,On-Time,4.6,508.2,110.8,Clear,0.0,30.9
2026-02-18,Warsaw to Berlin,TRK_0018,1048.0,517.51,On-Time,2.8,1210.47,87.44,Clear,0.0,68.0
2025-08-27,Brussels to Paris,TRK_0049,1047.7,482.07,On-Time,4.4,1614.62,31.34,Snow,0.0,74.9
2025-11-12,Warsaw to Berlin,TRK_0049,1026.3,481.7,On-Time,4.9,1351.97,70.01,Snow,0.0,92.3
2025-11-18,Berlin to Prague,TRK_0008,450.4,205.25,On-Time,4.3,457.59,111.88,Fog,0.0,63.1
2025-01-02,Prague to Vienna,TRK_0031,385.5,175.83,On-Time,2.8,481.8,59.81,Clear,0.0,81.9
2025-08-29,Prague to Vienna,TRK_0010,389.8,212.31,On-Time,5.0,536.45,66.49,Clear,0.0,64.1
2025-09-06,Milan to Zurich,TRK_0022,427.0,202.82,On-Time,4.7,448.04,98.82,Clear,0.0,74.2
2026-01-02,Warsaw to Krakow,TRK_0036,617.1,326.21,Delayed,2.9,826.6,106.15,Rain,215.73,34.9
2025-07-22,Prague to Vienna,TRK_0012,392.6,178.46,On-Time,3.5,547.79,55.15,Snow,0.0,86.8
2025-05-13,Brussels to Paris,TRK_0026,1039.1,489.31,On-Time,2.7,1470.7,27.43,Snow,0.0,75.9
2025-03-14,Warsaw to Krakow,TRK_0006,573.3,251.36,On-Time,2.9,576.75,65.44,Clear,0.0,40.9
2025-07-06,Milan to Zurich,TRK_0003,445.5,247.93,Delayed,4.6,771.97,87.96,Rain,178.24,46.1
2025-05-30,Berlin to Prague,TRK_0033,451.0,211.92,On-Time,4.0,689.24,100.47,Snow,0.0,87.6
2025-01-24,Berlin to Prague,TRK_0010,457.9,201.34,On-Time,4.5,586.92,55.75,Snow,0.0,54.5
2026-02-11,Vienna to Budapest,TRK_0016,1127.6,646.23,On-Time,3.9,1500.23,49.21,Clear,0.0,89.3
2025-05-22,Krakow to Bratislava,TRK_0032,564.1,305.08,On-Time,4.0,839.53,115.71,Snow,0.0,59.5
2025-10-10,Warsaw to Krakow,TRK_0022,614.7,303.1,On-Time,2.7,843.76,66.73,Clear,0.0,34.8
2025-10-31,Lyon to Milan,TRK_0024,913.7,433.06,On-Time,3.4,1481.31,19.79,Fog,0.0,36.7
2026-01-11,Warsaw to Berlin,TRK_0025,969.2,497.05,On-Time,5.0,1592.16,59.4,Fog,0.0,59.2
2025-01-19,Berlin to Prague,TRK_0023,461.3,190.01,On-Time,3.7,507.36,99.58,Fog,0.0,63.8
2025-11-25,Vienna to Budapest,TRK_0049,1106.9,536.06,On-Time,3.3,1338.41,16.67,Rain,0.0,89.9
2025-06-01,Milan to Zurich,TRK_0005,430.3,235.29,On-Time,3.5,567.19,33.14,Snow,0.0,81.3
2025-07-21,Hamburg to Amsterdam,TRK_0044,1093.3,487.31,On-Time,4.6,1703.7,62.11,Fog,0.0,43.3
2025-01-06,Brussels to Paris,TRK_0029,1082.9,512.32,On-Time,4.6,1597.58,114.02,Rain,0.0,78.0
2025-07-25,Krakow to Bratislava,TRK_0031,589.1,258.36,On-Time,3.6,737.65,64.89,Clear,0.0,54.7
2025-12-10,Warsaw to Berlin,TRK_0045,1033.9,549.48,On-Time,4.0,1375.83,21.04,Snow,0.0,82.0
2026-02-03,Budapest to Bucharest,TRK_0016,599.8,322.9,On-Time,4.0,771.16,36.0,Fog,0.0,79.2
2025-06-17,Milan to Zurich,TRK_0039,436.8,247.23,On-Time,4.2,781.06,58.21,Clear,0.0,78.8
2025-09-14,Zurich to Munich,TRK_0039,950.5,471.17,Delayed,4.6,1395.94,105.58,Rain,221.3,63.5
2025-03-17,Berlin to Hamburg,TRK_0012,477.7,243.08,On-Time,3.0,553.62,33.49,Rain,0.0,60.2
2025-02-24,Berlin to Prague,TRK_0049,479.6,258.7,On-Time,4.0,894.93,26.19,Rain,0.0,29.2
2025-05-31,Amsterdam to Brussels,TRK_0011,471.4,214.48,On-Time,3.5,626.17,18.4,Rain,0.0,93.6
2025-08-06,Warsaw to Berlin,TRK_0038,974.6,481.65,Delayed,3.0,1318.36,115.91,Clear,96.26,96.5
2025-05-17,Brussels to Paris,TRK_0012,1031.3,461.88,On-Time,2.6,1059.04,63.78,Clear,0.0,92.3
2026-02-17,Krakow to Bratislava,TRK_0006,602.5,306.28,On-Time,4.2,1048.63,45.58,Rain,0.0,40.2
2025-07-31,Prague to Vienna,TRK_0030,365.8,172.41,On-Time,4.7,478.05,74.14,Fog,0.0,56.6
2025-05-04,Warsaw to Berlin,TRK_0036,1008.0,493.17,On-Time,4.8,1251.74,31.41,Snow,0.0,70.0
2025-11-10,Warsaw to Krakow,TRK_0036,576.5,301.23,On-Time,3.7,724.58,94.6,Rain,0.0,64.5
2025-02-14,Zurich to Munich,TRK_0011,960.9,475.72,On-Time,3.2,1524.27,100.8,Clear,0.0,34.2
2025-08-09,Krakow to Bratislava,TRK_0046,575.3,308.19,On-Time,2.9,936.24,52.37,Rain,0.0,67.9
2025-05-16,Paris to Lyon,TRK_0040,1122.0,527.55,Delayed,4.6,1458.84,100.69,Fog,207.19,97.5
2026-01-21,Milan to Zurich,TRK_0027,455.3,207.8,On-Time,4.8,609.8,103.45,Rain,0.0,68.4
2025-03-26,Lyon to Milan,TRK_0012,869.7,438.47,On-Time,4.5,1317.87,44.35,Clear,0.0,67.7
2025-03-30,Warsaw to Krakow,TRK_0011,627.4,270.84,On-Time,3.1,619.52,31.17,Snow,0.0,91.1
2026-02-17,Warsaw to Krakow,TRK_0022,621.2,279.86,On-Time,5.0,718.9,98.6,Clear,0.0,41.5
2025-07-27,Hamburg to Amsterdam,TRK_0038,1138.6,569.3,On-Time,4.1,1811.27,40.79,Rain,0.0,46.5
2025-05-07,Zurich to Munich,TRK_0026,921.9,400.56,On-Time,3.4,1270.02,71.53,Rain,0.0,33.9
2026-02-08,Lyon to Milan,TRK_0018,887.1,406.75,On-Time,3.3,1211.29,47.87,Rain,0.0,94.5
2025-03-02,Vienna to Budapest,TRK_0010,1160.8,508.78,On-Time,4.0,1303.09,21.88,Clear,0.0,53.0
2025-11-01,Milan to Zurich,TRK_0050,428.8,179.48,On-Time,4.1,580.78,76.53,Rain,0.0,53.9
2025-02-08,Vienna to Budapest,TRK_0045,1064.6,526.8,Delayed,3.6,1810.1,64.71,Rain,193.52,62.1
2025-07-24,Krakow to Bratislava,TRK_0017,555.0,306.91,On-Time,3.6,854.17,95.48,Clear,0.0,25.3
2025-10-31,Brussels to Paris,TRK_0011,1067.2,501.38,On-Time,3.2,1227.56,89.04,Clear,0.0,50.8
2025-04-28,Warsaw to Krakow,TRK_0022,570.6,239.23,On-Time,2.8,725.3,46.45,Clear,0.0,62.8
2025-08-15,Zurich to Munich,TRK_0032,962.7,462.01,On-Time,2.8,1432.3,41.39,Rain,0.0,36.2
2025-02-17,Hamburg to Amsterdam,TRK_0033,1074.9,575.94,On-Time,4.3,1671.15,26.49,Rain,0.0,78.7
2025-01-04,Lyon to Milan,TRK_0020,911.9,438.61,On-Time,4.6,1078.0,36.94,Rain,0.0,80.3
2025-10-29,Hamburg to Amsterdam,TRK_0038,1096.3,522.26,On-Time,2.9,1466.22,72.0,Snow,0.0,95.1
2025-05-21,Zurich to Munich,TRK_0004,955.9,507.46,On-Time,3.8,1243.14,92.58,Rain,0.0,96.0
2025-06-14,Krakow to Bratislava,TRK_0045,590.2,281.45,Delayed,4.3,716.56,65.64,Rain,141.61,92.5
2026-02-04,Milan to Zurich,TRK_0041,431.0,215.82,On-Time,3.9,523.23,106.31,Clear,0.0,80.1
2025-10-01,Warsaw to Krakow,TRK_0012,613.8,318.74,Delayed,4.7,825.49,33.07,Fog,112.08,80.5
2025-04-03,Warsaw to Berlin,TRK_0042,962.9,546.0,On-Time,3.2,1405.25,75.21,Clear,0.0,82.5
2025-11-07,Brussels to Paris,TRK_0045,1033.4,485.11,Delayed,3.5,1067.4,111.45,Snow,220.77,28.8
2025-10-25,Krakow to Bratislava,TRK_0024,560.3,263.3,On-Time,2.5,658.53,22.86,Clear,0.0,67.0
2025-05-06,Lyon to Milan,TRK_0024,880.8,410.21,On-Time,3.7,948.77,77.15,Fog,0.0,87.2
2025-12-22,Krakow to Bratislava,TRK_0003,604.9,301.35,On-Time,2.6,819.66,57.02,Fog,0.0,85.7
2025-01-29,Krakow to Bratislava,TRK_0031,599.4,270.0,On-Time,4.8,597.62,75.11,Rain,0.0,58.8
2025-04-13,Krakow to Bratislava,TRK_0018,554.3,299.19,On-Time,4.2,738.18,106.07,Rain,0.0,82.4
2025-02-28,Brussels to Paris,TRK_0001,1087.5,521.93,Delayed,3.6,1241.35,36.01,Clear,146.15,45.1
2026-02-23,Berlin to Prague,TRK_0019,483.3,206.38,On-Time,4.7,594.45,65.04,Fog,0.0,90.3
2026-01-21,Krakow to Bratislava,TRK_0003,598.7,260.2,On-Time,4.1,587.66,44.13,Fog,0.0,84.0
2025-08-31,Milan to Zurich,TRK_0021,432.0,209.07,On-Time,4.6,594.33,79.63,Rain,0.0,37.6
2025-12-24,Warsaw to Berlin,TRK_0012,1042.4,458.51,On-Time,4.4,1055.08,67.1,Rain,0.0,44.6
2025-08-08,Warsaw to Krakow,TRK_0050,617.8,295.21,On-Time,3.9,1032.25,32.38,Snow,0.0,81.4
2025-07-09,Vienna to Budapest,TRK_0048,1095.5,556.93,On-Time,3.2,1563.8,35.78,Fog,0.0,78.6
2025-05-17,Brussels to Paris,TRK_0005,991.2,543.0,On-Time,4.7,1636.37,47.86,Snow,0.0,37.7
2025-07-20,Budapest to Bucharest,TRK_0047,614.2,324.93,On-Time,2.6,1044.75,65.08,Clear,0.0,44.1
2025-08-07,Budapest to Bucharest,TRK_0004,630.3,312.33,Delayed,3.1,892.25,110.19,Snow,126.89,58.4
2025-07-22,Krakow to Bratislava,TRK_0047,553.9,304.59,On-Time,3.4,834.68,109.09,Fog,0.0,34.6
2025-07-18,Vienna to Budapest,TRK_0049,1098.4,632.49,On-Time,3.4,1635.63,87.87,Snow,0.0,84.6
2026-01-18,Amsterdam to Brussels,TRK_0039,432.8,188.9,On-Time,2.9,622.63,16.16,Snow,0.0,49.4
2025-12-24,Brussels to Paris,TRK_0030,1077.6,483.89,On-Time,3.4,1538.17,59.98,Snow,0.0,90.7
2025-04-27,Vienna to Budapest,TRK_0046,1102.8,598.57,On-Time,2.6,1692.73,61.2,Rain,0.0,26.6
2025-07-27,Paris to Lyon,TRK_0031,1140.3,612.47,Delayed,4.3,1682.34,108.22,Fog,234.91,71.9
2026-02-02,Amsterdam to Brussels,TRK_0006,432.0,211.81,On-Time,3.3,604.31,49.6,Clear,0.0,53.3
2026-01-20,Amsterdam to Brussels,TRK_0014,450.1,222.97,On-Time,4.2,742.27,67.89,Fog,0.0,97.1
2025-01-13,Milan to Zurich,TRK_0048,430.9,225.48,Delayed,4.2,584.78,29.5,Clear,198.06,29.3
2025-11-28,Krakow to Bratislava,TRK_0036,593.3,309.4,On-Time,4.3,692.64,56.03,Rain,0.0,86.2
2026-01-26,Krakow to Bratislava,TRK_0005,593.2,321.0,On-Time,2.5,786.18,100.01,Rain,0.0,81.0
2025-09-18,Berlin to Prague,TRK_0040,472.0,235.52,Delayed,2.8,565.27,88.75,Rain,211.34,42.0
2025-02-16,Paris to Lyon,TRK_0030,1153.9,494.07,On-Time,4.0,1197.18,76.67,Rain,0.0,27.2
2026-01-03,Amsterdam to Brussels,TRK_0045,455.6,232.29,On-Time,4.2,582.73,49.32,Clear,0.0,33.2
2025-07-03,Amsterdam to Brussels,TRK_0050,459.0,199.9,On-Time,2.9,600.1,101.05,Fog,0.0,38.9
2025-07-08,Amsterdam to Brussels,TRK_0017,455.4,234.18,On-Time,3.8,751.37,84.16,Rain,0.0,84.3
2025-12-24,Lyon to Milan,TRK_0010,941.7,500.24,On-Time,3.8,1369.94,67.71,Clear,0.0,53.2
2025-07-12,Budapest to Bucharest,TRK_0042,641.3,315.64,On-Time,3.9,1004.46,109.81,Clear,0.0,32.5
2025-11-30,Zurich to Munich,TRK_0017,980.0,539.27,On-Time,4.1,1251.7,15.15,Fog,0.0,81.6
2025-02-28,Warsaw to Berlin,TRK_0031,1047.9,556.3,On-Time,3.6,1258.52,18.26,Clear,0.0,62.8
2025-02-03,Prague to Vienna,TRK_0030,371.3,186.0,On-Time,2.9,619.59,46.08,Snow,0.0,86.5
2025-06-17,Warsaw to Berlin,TRK_0049,1020.1,414.49,On-Time,3.9,1094.48,74.32,Fog,0.0,71.1
2025-02-15,Krakow to Bratislava,TRK_0005,580.3,283.46,Delayed,4.0,953.18,105.15,Rain,215.97,54.6
2025-03-09,Hamburg to Amsterdam,TRK_0001,1052.5,427.88,On-Time,3.6,1294.89,99.47,Fog,0.0,39.2
2025-05-16,Budapest to Bucharest,TRK_0018,613.2,312.23,On-Time,4.1,822.48,69.8,Fog,0.0,90.7
2025-02-11,Warsaw to Berlin,TRK_0012,1027.7,493.95,On-Time,3.2,1508.98,54.26,Fog,0.0,68.6
2025-10-27,Zurich to Munich,TRK_0006,921.2,410.98,Delayed,3.9,1046.41,62.39,Clear,122.49,52.5
2026-01-25,Warsaw to Berlin,TRK_0029,967.0,473.93,On-Time,4.6,1591.84,47.38,Snow,0.0,50.9
2025-12-24,Krakow to Bratislava,TRK_0049,563.9,302.11,On-Time,4.5,970.54,44.23,Clear,0.0,95.9
2025-07-24,Budapest to Bucharest,TRK_0045,652.5,349.96,Delayed,4.7,1029.21,119.8,Rain,168.02,45.2
2025-12-31,Krakow to Bratislava,TRK_0026,557.9,235.75,On-Time,3.5,765.91,78.45,Fog,0.0,45.7
2025-02-07,Warsaw to Krakow,TRK_0009,604.9,298.84,On-Time,4.7,1009.06,29.16,Clear,0.0,94.4
2025-04-06,Hamburg to Amsterdam,TRK_0039,1091.5,484.82,On-Time,2.5,1329.4,22.63,Fog,0.0,94.2
2025-10-19,Krakow to Bratislava,TRK_0038,559.3,289.83,On-Time,4.8,994.81,84.02,Rain,0.0,67.9
2026-01-13,Lyon to Milan,TRK_0039,949.0,442.51,On-Time,4.3,1471.22,56.98,Fog,0.0,76.8
2025-08-19,Prague to Vienna,TRK_0040,370.2,173.91,Delayed,3.1,421.64,69.94,Snow,232.19,84.4
2025-02-18,Vienna to Budapest,TRK_0021,1120.4,630.1,On-Time,2.9,1489.48,16.03,Clear,0.0,90.5
2025-05-29,Warsaw to Berlin,TRK_0020,1019.3,511.82,On-Time,4.6,1607.98,114.11,Snow,0.0,79.1
2025-12-05,Milan to Zurich,TRK_0015,418.5,210.94,Delayed,3.3,468.64,69.24,Fog,134.64,90.8
2025-10-06,Prague to Vienna,TRK_0031,357.5,176.67,On-Time,4.2,456.91,92.94,Rain,0.0,46.7
2025-01-06,Amsterdam to Brussels,TRK_0022,475.3,219.13,On-Time,3.3,548.21,74.87,Fog,0.0,97.5
2025-08-08,Lyon to Milan,TRK_0039,871.9,472.95,On-Time,2.8,1617.02,113.72,Clear,0.0,72.4
2025-07-09,Hamburg to Amsterdam,TRK_0026,1063.3,459.63,On-Time,4.1,1012.85,79.65,Fog,0.0,32.3
2025-09-27,Amsterdam to Brussels,TRK_0028,446.4,227.82,On-Time,4.3,786.58,45.49,Clear,0.0,47.6
2026-02-12,Berlin to Hamburg,TRK_0020,480.1,236.75,On-Time,4.1,669.25,79.96,Fog,0.0,32.1
2025-01-27,Berlin to Hamburg,TRK_0032,491.8,227.26,On-Time,3.4,566.67,24.05,Rain,0.0,95.5
2025-03-17,Warsaw to Krakow,TRK_0045,620.0,324.32,On-Time,4.0,930.9,35.3,Fog,0.0,27.9
2025-06-02,Prague to Vienna,TRK_0047,386.6,196.05,On-Time,3.2,586.51,96.87,Fog,0.0,56.5
2025-08-16,Hamburg to Amsterdam,TRK_0048,1094.7,464.33,On-Time,4.8,1555.65,87.64,Fog,0.0,55.2
2025-02-09,Lyon to Milan,TRK_0050,917.8,488.62,On-Time,4.2,1617.01,117.37,Clear,0.0,60.3
2025-05-03,Prague to Vienna,TRK_0043,388.6,177.86,On-Time,3.0,450.44,78.53,Clear,0.0,65.8
2025-07-01,Warsaw to Berlin,TRK_0033,988.4,447.66,On-Time,2.7,1505.82,62.45,Snow,0.0,77.4
2025-11-14,Brussels to Paris,TRK_0026,1028.0,475.27,On-Time,4.1,1553.01,15.28,Snow,0.0,25.8
2025-05-06,Paris to Lyon,TRK_0001,1087.1,534.35,On-Time,2.5,1704.3,78.44,Rain,0.0,38.0
2026-02-16,Warsaw to Berlin,TRK_0035,1022.2,498.44,Delayed,4.8,1570.48,40.05,Snow,235.61,64.7
2025-07-24,Budapest to Bucharest,TRK_0044,639.1,295.28,On-Time,3.9,707.79,48.78,Snow,0.0,31.6
2025-07-15,Paris to Lyon,TRK_0019,1101.1,588.63,On-Time,3.4,1614.48,36.01,Rain,0.0,69.2
2025-08-28,Budapest to Bucharest,TRK_0020,653.1,319.54,Delayed,4.4,882.44,19.47,Fog,248.71,28.1
2025-03-28,Brussels to Paris,TRK_0003,1064.5,543.07,On-Time,4.3,1683.83,108.0,Snow,0.0,88.2
2025-02-10,Vienna to Budapest,TRK_0006,1129.0,637.69,On-Time,2.7,1848.18,73.12,Clear,0.0,50.0
2026-02-14,Vienna to Budapest,TRK_0026,1074.2,488.84,On-Time,3.2,1364.48,86.79,Rain,0.0,35.7
2025-06-10,Amsterdam to Brussels,TRK_0015,472.4,238.67,On-Time,3.4,611.49,65.43,Clear,0.0,88.0
2025-12-14,Lyon to Milan,TRK_0044,875.1,414.75,On-Time,2.7,1122.94,22.71,Snow,0.0,78.2
2025-10-23,Krakow to Bratislava,TRK_0018,599.8,285.58,On-Time,4.7,695.03,49.31,Fog,0.0,92.4
2025-07-06,Warsaw to Berlin,TRK_0015,967.6,481.66,On-Time,2.8,1364.07,73.33,Fog,0.0,25.4
2025-07-18,Krakow to Bratislava,TRK_0034,551.9,269.5,On-Time,3.5,676.53,102.07,Snow,0.0,28.2
2026-01-10,Zurich to Munich,TRK_0034,967.5,481.1,On-Time,4.1,1426.03,16.15,Rain,0.0,67.8
2025-10-31,Prague to Vienna,TRK_0008,358.5,189.37,Delayed,2.8,566.37,50.59,Rain,210.46,58.6
2025-07-09,Berlin to Hamburg,TRK_0037,501.6,254.09,On-Time,4.6,879.13,19.37,Fog,0.0,28.1
2025-08-26,Zurich to Munich,TRK_0023,984.0,460.68,On-Time,4.5,1601.29,77.01,Rain,0.0,28.2
2025-05-27,Hamburg to Amsterdam,TRK_0048,1155.1,514.3,On-Time,3.8,1214.6,16.71,Clear,0.0,77.4
2025-11-01,Warsaw to Krakow,TRK_0025,607.8,286.17,On-Time,3.2,752.4,117.94,Rain,0.0,88.3
2025-11-02,Warsaw to Krakow,TRK_0044,579.0,282.01,On-Time,3.5,624.85,116.8,Fog,0.0,32.5
2025-08-04,Budapest to Bucharest,TRK_0009,633.6,250.83,On-Time,4.1,798.92,109.69,Fog,0.0,26.2
2025-04-11,Lyon to Milan,TRK_0023,952.9,439.62,Delayed,4.9,1356.3,22.12,Rain,195.5,71.3
2025-02-16,Berlin to Hamburg,TRK_0028,507.2,217.01,On-Time,3.9,582.77,33.82,Snow,0.0,30.5
2025-05-06,Warsaw to Krakow,TRK_0038,588.5,266.6,On-Time,3.2,844.84,37.45,Snow,0.0,75.7
2025-08-28,Warsaw to Berlin,TRK_0038,985.9,483.82,On-Time,4.4,1650.86,81.91,Fog,0.0,56.7
2026-01-16,Milan to Zurich,TRK_0020,448.6,219.92,On-Time,2.8,551.02,107.52,Fog,0.0,44.3
2025-12-10,Berlin to Hamburg,TRK_0036,486.9,255.39,On-Time,4.4,884.09,119.35,Fog,0.0,86.9
2026-02-15,Berlin to Prague,TRK_0047,466.0,194.08,On-Time,3.9,468.34,78.36,Fog,0.0,60.7
2025-04-22,Milan to Zurich,TRK_0013,452.9,235.1,On-Time,4.5,557.95,74.38,Fog,0.0,46.1
2025-01-21,Milan to Zurich,TRK_0012,441.7,188.12,Delayed,3.5,610.46,116.24,Fog,184.94,68.3
2025-04-06,Prague to Vienna,TRK_0017,372.7,203.59,On-Time,3.1,589.47,50.51,Rain,0.0,28.4
2025-05-03,Prague to Vienna,TRK_0044,357.1,164.41,Delayed,3.6,402.08,94.92,Rain,167.77,46.4
2025-04-19,Berlin to Hamburg,TRK_0020,499.9,250.97,On-Time,2.5,771.6,49.8,Snow,0.0,87.9
2025-06-18,Paris to Lyon,TRK_0018,1090.5,529.76,On-Time,3.3,1556.92,78.98,Clear,0.0,39.7
2025-04-24,Warsaw to Berlin,TRK_0008,954.2,528.24,On-Time,3.0,1268.38,96.21,Fog,0.0,97.5
2026-01-07,Prague to Vienna,TRK_0050,390.5,189.16,On-Time,4.8,518.0,91.23,Clear,0.0,94.7
2025-07-25,Paris to Lyon,TRK_0020,1105.6,584.33,On-Time,3.4,1466.35,98.74,Snow,0.0,69.8
2025-03-28,Hamburg to Amsterdam,TRK_0040,1136.7,489.05,On-Time,2.6,1376.57,89.35,Clear,0.0,34.7
2025-09-11,Warsaw to Berlin,TRK_0018,1021.6,536.85,On-Time,3.8,1479.79,59.13,Snow,0.0,66.5
2025-01-02,Milan to Zurich,TRK_0028,424.1,211.85,On-Time,4.5,648.49,52.47,Fog,0.0,89.5
2026-02-12,Krakow to Bratislava,TRK_0017,591.2,271.94,On-Time,3.7,805.5,25.97,Rain,0.0,96.6
2025-12-24,Amsterdam to Brussels,TRK_0050,462.1,253.69,On-Time,4.6,755.39,23.13,Fog,0.0,27.5
2026-01-14,Zurich to Munich,TRK_0040,936.4,469.37,On-Time,4.5,1159.25,101.47,Fog,0.0,46.7
2025-03-07,Paris to Lyon,TRK_0009,1077.2,577.35,Delayed,2.8,1809.52,76.5,Clear,192.29,91.4
2025-06-18,Budapest to Bucharest,TRK_0040,634.9,284.55,Delayed,2.7,879.42,60.88,Rain,103.37,39.1
2025-10-30,Paris to Lyon,TRK_0034,1154.0,594.5,On-Time,4.8,1432.8,56.76,Fog,0.0,79.5
2025-12-23,Berlin to Prague,TRK_0032,480.1,249.97,On-Time,2.8,696.25,82.51,Fog,0.0,29.2
2025-12-03,Milan to Zurich,TRK_0035,429.8,186.78,On-Time,5.0,459.46,90.95,Snow,0.0,54.3
2025-08-28,Amsterdam to Brussels,TRK_0048,458.5,269.8,On-Time,4.4,707.4,59.98,Fog,0.0,70.5
2025-10-18,Lyon to Milan,TRK_0050,897.7,479.49,On-Time,4.6,1589.75,61.7,Rain,0.0,53.8
2025-03-03,Milan to Zurich,TRK_0004,440.9,203.59,Delayed,3.5,449.86,58.96,Snow,233.15,78.5
2025-12-17,Krakow to Bratislava,TRK_0033,604.1,292.94,On-Time,3.5,769.29,94.66,Fog,0.0,50.7
2025-03-30,Berlin to Hamburg,TRK_0017,488.6,193.95,On-Time,3.3,625.09,58.57,Rain,0.0,46.3
2025-01-30,Berlin to Prague,TRK_0023,460.0,209.9,Delayed,4.7,696.88,42.3,Fog,238.6,25.4
2026-02-15,Vienna to Budapest,TRK_0013,1112.2,649.92,Delayed,4.4,2136.58,101.16,Clear,204.13,58.0
2025-05-06,Vienna to Budapest,TRK_0027,1058.6,562.74,On-Time,4.8,1613.1,58.18,Rain,0.0,28.3
2025-12-22,Paris to Lyon,TRK_0022,1058.0,532.92,Delayed,4.0,1776.99,93.4,Rain,125.75,67.2
2025-10-26,Krakow to Bratislava,TRK_0050,586.0,305.25,On-Time,4.6,997.45,75.46,Fog,0.0,34.8
2025-05-20,Prague to Vienna,TRK_0022,377.1,163.67,On-Time,3.8,423.66,111.01,Fog,0.0,39.9
2026-01-21,Krakow to Bratislava,TRK_0050,592.6,316.1,On-Time,2.5,827.69,82.22,Rain,0.0,66.8
2025-12-13,Zurich to Munich,TRK_0002,938.4,516.47,Delayed,4.1,1426.42,32.7,Snow,125.95,72.5
2026-02-19,Lyon to Milan,TRK_0003,883.8,423.43,On-Time,4.4,1114.37,44.44,Clear,0.0,59.2
2025-06-09,Warsaw to Berlin,TRK_0010,976.6,477.94,On-Time,3.2,1322.85,53.07,Snow,0.0,94.8
2025-02-28,Budapest to Bucharest,TRK_0043,603.7,335.69,On-Time,4.2,1053.44,36.15,Rain,0.0,86.3
2025-06-13,Hamburg to Amsterdam,TRK_0042,1145.3,618.15,On-Time,3.9,1487.84,82.9,Rain,0.0,37.3
2025-08-08,Paris to Lyon,TRK_0002,1123.8,562.1,On-Time,3.2,1572.21,103.06,Snow,0.0,92.8
2025-04-18,Milan to Zurich,TRK_0007,460.2,189.18,On-Time,4.6,468.74,116.49,Clear,0.0,52.1
2026-02-20,Zurich to Munich,TRK_0034,991.5,509.44,On-Time,3.2,1217.91,55.06,Snow,0.0,85.0
2025-10-16,Krakow to Bratislava,TRK_0020,585.1,264.72,On-Time,2.9,628.33,91.12,Rain,0.0,72.7
2025-03-02,Amsterdam to Brussels,TRK_0029,454.1,246.61,On-Time,3.1,760.32,75.19,Clear,0.0,76.7
2026-02-12,Krakow to Bratislava,TRK_0049,567.4,278.29,On-Time,4.1,632.36,108.3,Snow,0.0,84.1
2025-08-17,Warsaw to Krakow,TRK_0038,612.2,285.62,On-Time,3.3,703.56,70.11,Clear,0.0,86.5
2026-01-19,Berlin to Hamburg,TRK_0014,492.7,213.09,On-Time,2.6,629.75,53.81,Fog,0.0,37.2
2026-02-28,Vienna to Budapest,TRK_0036,1109.6,541.83,On-Time,2.6,1301.6,16.77,Fog,0.0,54.1
2025-03-19,Amsterdam to Brussels,TRK_0016,449.4,185.4,On-Time,4.2,414.59,104.22,Clear,0.0,64.9
2026-02-18,Berlin to Prague,TRK_0035,448.0,234.42,On-Time,3.5,715.53,95.05,Rain,0.0,84.5
2025-01-14,Milan to Zurich,TRK_0042,438.5,228.79,On-Time,4.9,514.24,27.43,Fog,0.0,67.8
2025-04-23,Lyon to Milan,TRK_0031,875.9,423.45,On-Time,3.1,1082.92,89.18,Fog,0.0,73.3
2025-11-08,Zurich to Munich,TRK_0030,910.7,424.69,On-Time,3.7,1273.41,105.54,Rain,0.0,97.7
2025-04-08,Warsaw to Krakow,TRK_0022,611.4,265.55,On-Time,2.8,643.18,99.57,Rain,0.0,32.3
2025-06-18,Brussels to Paris,TRK_0022,994.4,504.27,On-Time,2.6,1192.63,24.83,Fog,0.0,70.1
2025-12-12,Vienna to Budapest,TRK_0048,1110.8,543.61,Delayed,3.4,1555.72,36.97,Clear,132.93,47.5
2025-09-05,Brussels to Paris,TRK_0004,1085.7,450.74,On-Time,4.1,1180.72,20.17,Fog,0.0,64.1
2025-08-16,Warsaw to Krakow,TRK_0008,607.7,314.05,On-Time,2.7,706.21,82.08,Fog,0.0,70.1
2025-10-03,Milan to Zurich,TRK_0004,455.8,228.48,On-Time,4.1,608.74,68.8,Snow,0.0,55.1
2025-08-31,Lyon to Milan,TRK_0037,889.2,519.13,On-Time,3.6,1719.93,115.15,Clear,0.0,29.8
2025-04-22,Amsterdam to Brussels,TRK_0009,445.8,204.0,On-Time,4.7,542.96,114.21,Snow,0.0,58.1
2025-03-24,Zurich to Munich,TRK_0039,973.4,432.86,Delayed,3.5,1267.17,93.02,Clear,103.24,85.6
2025-06-19,Warsaw to Krakow,TRK_0036,625.3,325.01,On-Time,3.1,788.98,24.5,Snow,0.0,30.0
2025-06-27,Paris to Lyon,TRK_0041,1080.8,491.61,On-Time,4.9,1663.36,46.49,Fog,0.0,86.8
2025-12-30,Krakow to Bratislava,TRK_0017,559.3,261.93,On-Time,3.9,797.68,111.77,Fog,0.0,44.5
2025-11-09,Krakow to Bratislava,TRK_0008,552.8,217.47,Delayed,2.9,623.64,24.87,Clear,189.74,93.8
2025-02-20,Lyon to Milan,TRK_0015,931.9,505.03,On-Time,4.7,1574.08,41.79,Rain,0.0,75.7
2026-02-20,Budapest to Bucharest,TRK_0029,601.1,331.62,On-Time,2.8,904.19,84.77,Rain,0.0,95.9
2026-01-30,Lyon to Milan,TRK_0002,876.4,484.08,On-Time,4.4,1426.91,82.81,Fog,0.0,76.6
2025-04-06,Hamburg to Amsterdam,TRK_0008,1147.1,544.51,Delayed,4.4,1898.67,58.46,Clear,80.25,97.8
2026-01-18,Zurich to Munich,TRK_0026,929.2,457.47,Delayed,4.5,1504.97,29.03,Rain,125.67,68.0
2025-01-21,Zurich to Munich,TRK_0005,1000.6,559.85,On-Time,4.7,1587.0,79.81,Clear,0.0,31.8
2025-08-20,Berlin to Prague,TRK_0040,456.0,219.41,On-Time,3.2,490.38,32.24,Rain,0.0,81.7
2025-06-29,Berlin to Hamburg,TRK_0005,482.4,223.85,On-Time,2.9,727.89,100.42,Clear,0.0,65.1
2025-05-07,Lyon to Milan,TRK_0032,874.2,405.33,On-Time,3.4,1368.38,55.05,Snow,0.0,51.0
2026-01-24,Brussels to Paris,TRK_0011,1008.9,500.53,On-Time,4.5,1295.48,19.72,Rain,0.0,92.7
2026-02-10,Warsaw to Krakow,TRK_0036,570.1,273.58,On-Time,4.3,949.98,102.33,Snow,0.0,81.9
2025-12-16,Zurich to Munich,TRK_0017,958.7,437.3,On-Time,3.1,962.51,64.23,Rain,0.0,94.8
2025-02-03,Zurich to Munich,TRK_0017,940.8,467.56,Delayed,4.2,1206.37,102.09,Rain,140.79,33.4
2025-12-23,Berlin to Hamburg,TRK_0038,493.3,254.05,On-Time,2.8,786.2,45.4,Snow,0.0,45.8
2025-08-14,Brussels to Paris,TRK_0032,1035.3,432.75,On-Time,4.5,1234.49,21.28,Fog,0.0,95.4
2025-02-13,Vienna to Budapest,TRK_0020,1118.1,569.14,On-Time,3.6,1647.84,32.94,Clear,0.0,94.0
2025-01-08,Lyon to Milan,TRK_0032,912.4,415.21,On-Time,3.5,1196.58,59.44,Rain,0.0,49.1
2025-08-21,Krakow to Bratislava,TRK_0004,586.2,267.36,On-Time,4.6,816.39,40.66,Clear,0.0,52.2
2025-05-15,Paris to Lyon,TRK_0012,1134.9,449.42,On-Time,2.6,1548.98,60.33,Snow,0.0,96.3
2025-12-20,Zurich to Munich,TRK_0022,972.6,533.05,Delayed,3.2,1238.94,45.37,Rain,84.64,54.8
2025-01-19,Warsaw to Krakow,TRK_0007,574.5,273.89,Delayed,2.7,908.74,59.56,Rain,114.99,79.0
2025-03-14,Prague to Vienna,TRK_0009,388.2,163.84,On-Time,4.7,485.5,34.34,Rain,0.0,28.4
2025-07-13,Brussels to Paris,TRK_0009,992.8,559.12,On-Time,4.6,1312.83,36.81,Snow,0.0,40.3
2025-10-22,Vienna to Budapest,TRK_0007,1078.8,458.49,On-Time,4.9,1483.49,31.62,Snow,0.0,49.5
2025-07-30,Budapest to Bucharest,TRK_0044,620.5,266.61,On-Time,4.4,689.81,61.49,Clear,0.0,37.6
2025-10-26,Krakow to Bratislava,TRK_0033,573.9,278.36,On-Time,4.0,741.44,60.91,Fog,0.0,71.5
2025-08-31,Zurich to Munich,TRK_0041,989.0,469.51,On-Time,4.1,1141.17,64.55,Rain,0.0,51.0
2026-02-01,Warsaw to Krakow,TRK_0006,611.3,362.36,On-Time,4.5,1062.27,21.97,Fog,0.0,80.8
2025-07-19,Warsaw to Krakow,TRK_0011,617.3,327.02,On-Time,3.5,847.04,42.99,Snow,0.0,41.0
2025-07-27,Paris to Lyon,TRK_0038,1093.7,503.15,On-Time,3.2,1607.11,60.6,Snow,0.0,73.7
2025-06-23,Hamburg to Amsterdam,TRK_0014,1112.9,612.92,Delayed,4.1,1958.67,72.9,Snow,207.15,36.2
2025-04-14,Lyon to Milan,TRK_0046,952.5,472.73,On-Time,3.3,1090.27,82.3,Fog,0.0,94.4
2026-01-17,Hamburg to Amsterdam,TRK_0041,1151.6,510.21,On-Time,3.5,1340.36,93.65,Rain,0.0,73.8
2025-01-14,Lyon to Milan,TRK_0027,871.8,416.92,On-Time,4.0,1045.33,78.88,Clear,0.0,55.3
2025-07-01,Brussels to Paris,TRK_0015,1088.5,472.32,On-Time,4.1,1465.62,24.28,Rain,0.0,26.7
2026-02-17,Berlin to Hamburg,TRK_0014,473.8,216.38,On-Time,4.4,741.29,43.76,Fog,0.0,84.5
2025-10-11,Warsaw to Berlin,TRK_0046,1009.6,473.85,On-Time,2.8,1645.67,117.8,Fog,0.0,82.2
2025-10-31,Budapest to Bucharest,TRK_0050,648.9,293.61,On-Time,4.6,931.7,119.11,Rain,0.0,53.4
2025-12-26,Warsaw to Krakow,TRK_0019,615.0,297.76,On-Time,3.7,944.63,76.43,Snow,0.0,25.8
2025-07-22,Budapest to Bucharest,TRK_0037,631.4,350.1,Delayed,4.1,1089.96,55.24,Snow,176.42,31.5
2025-07-29,Brussels to Paris,TRK_0029,992.6,509.18,On-Time,3.1,1193.63,26.01,Fog,0.0,32.8
2025-06-29,Amsterdam to Brussels,TRK_0050,432.6,215.32,On-Time,3.2,637.48,94.95,Clear,0.0,39.2
2025-04-29,Budapest to Bucharest,TRK_0018,613.0,321.96,On-Time,4.5,1108.86,43.73,Clear,0.0,45.5
2026-02-27,Hamburg to Amsterdam,TRK_0037,1136.8,549.35,On-Time,4.7,1561.09,37.73,Clear,0.0,97.6
2025-10-06,Berlin to Prague,TRK_0006,459.4,251.75,On-Time,4.2,581.03,17.62,Snow,0.0,72.9
2025-03-24,Prague to Vienna,TRK_0003,376.1,193.97,On-Time,2.8,657.71,119.92,Clear,0.0,89.0
2025-11-05,Vienna to Budapest,TRK_0003,1085.9,518.14,On-Time,3.8,1640.19,49.56,Snow,0.0,89.8
2025-01-31,Warsaw to Krakow,TRK_0014,581.8,289.92,On-Time,4.2,820.87,113.62,Clear,0.0,40.0
2025-10-06,Warsaw to Berlin,TRK_0025,961.8,460.79,On-Time,2.7,1310.56,36.34,Rain,0.0,82.1
2025-02-20,Brussels to Paris,TRK_0038,1022.1,487.25,Delayed,4.8,1495.72,15.45,Clear,129.19,33.7
2025-10-01,Milan to Zurich,TRK_0030,444.8,224.83,On-Time,2.7,766.28,37.38,Fog,0.0,59.8
2025-09-19,Berlin to Hamburg,TRK_0024,486.1,240.83,Delayed,3.9,831.63,18.94,Fog,131.28,95.9
2025-12-03,Berlin to Prague,TRK_0025,477.1,242.2,On-Time,2.8,622.25,20.03,Rain,0.0,31.0
2025-06-21,Warsaw to Krakow,TRK_0014,573.1,282.15,On-Time,3.5,769.84,41.59,Snow,0.0,49.6
2025-06-15,Lyon to Milan,TRK_0012,922.2,510.35,Delayed,4.1,1310.52,90.67,Clear,238.82,59.1
2025-10-05,Paris to Lyon,TRK_0039,1120.6,593.77,On-Time,3.5,1524.22,74.87,Rain,0.0,96.6
2025-01-16,Berlin to Prague,TRK_0024,468.2,245.62,On-Time,3.4,752.19,57.2,Snow,0.0,51.6
2025-09-16,Zurich to Munich,TRK_0019,920.2,493.27,On-Time,3.6,1335.1,28.99,Snow,0.0,54.6
2025-01-14,Krakow to Bratislava,TRK_0017,599.6,300.43,Delayed,4.6,916.34,43.82,Rain,80.87,84.7
2025-09-18,Krakow to Bratislava,TRK_0042,598.9,292.27,On-Time,4.4,681.98,15.54,Fog,0.0,54.9
2025-11-03,Brussels to Paris,TRK_0004,1018.2,576.89,On-Time,3.8,1274.94,57.8,Rain,0.0,61.6
2025-02-26,Warsaw to Krakow,TRK_0008,622.2,292.65,Delayed,2.9,710.4,31.28,Clear,171.13,59.4
2025-03-21,Vienna to Budapest,TRK_0034,1093.2,556.43,Delayed,3.2,1252.37,93.89,Snow,156.9,83.6
2025-04-27,Zurich to Munich,TRK_0024,980.9,542.95,On-Time,2.6,1796.56,96.3,Rain,0.0,48.3
2026-02-04,Zurich to Munich,TRK_0029,920.2,478.68,Delayed,4.6,1545.66,60.85,Clear,188.72,93.3
2025-07-04,Hamburg to Amsterdam,TRK_0032,1157.1,573.37,On-Time,2.8,1664.25,104.41,Clear,0.0,90.3
2025-02-22,Budapest to Bucharest,TRK_0040,656.9,324.77,On-Time,4.0,1082.48,28.26,Clear,0.0,92.9
2025-05-15,Berlin to Hamburg,TRK_0019,494.7,247.05,On-Time,2.8,555.2,23.93,Rain,0.0,26.6
2025-04-24,Warsaw to Krakow,TRK_0049,599.9,328.58,On-Time,4.2,819.99,73.62,Clear,0.0,73.7
2025-02-19,Milan to Zurich,TRK_0015,446.1,238.4,On-Time,4.8,598.72,90.65,Clear,0.0,48.3
2025-06-19,Warsaw to Krakow,TRK_0036,627.5,353.04,On-Time,3.3,1129.23,72.2,Snow,0.0,38.6
2026-01-13,Milan to Zurich,TRK_0001,435.4,237.56,Delayed,3.2,798.68,69.58,Fog,82.51,29.9
2025-01-25,Warsaw to Krakow,TRK_0025,595.2,271.33,On-Time,3.6,612.17,56.9,Rain,0.0,57.4
2025-02-17,Krakow to Bratislava,TRK_0015,587.5,263.79,On-Time,2.9,655.77,17.15,Snow,0.0,39.2
2026-01-06,Amsterdam to Brussels,TRK_0026,459.2,246.8,On-Time,3.3,791.25,67.38,Rain,0.0,48.6
2026-02-20,Hamburg to Amsterdam,TRK_0001,1079.9,513.41,On-Time,2.9,1330.72,15.5,Clear,0.0,45.0
2025-08-21,Prague to Vienna,TRK_0046,367.8,182.6,On-Time,3.5,427.36,71.13,Snow,0.0,58.5
2025-10-27,Krakow to Bratislava,TRK_0002,559.2,289.29,Delayed,3.2,775.18,21.45,Rain,117.68,35.5
2026-02-11,Brussels to Paris,TRK_0022,1052.4,539.23,On-Time,3.3,1563.32,100.1,Fog,0.0,41.5
2025-05-24,Zurich to Munich,TRK_0002,985.3,482.05,On-Time,4.2,1436.57,61.48,Clear,0.0,60.4
2025-03-22,Prague to Vienna,TRK_0039,387.3,155.67,On-Time,4.8,378.26,27.52,Rain,0.0,68.1
2025-07-27,Amsterdam to Brussels,TRK_0025,440.8,247.39,On-Time,5.0,807.78,93.91,Rain,0.0,33.8
2025-04-29,Prague to Vienna,TRK_0038,375.0,184.53,On-Time,2.5,442.24,58.89,Clear,0.0,32.8
2025-05-03,Vienna to Budapest,TRK_0042,1077.0,538.64,On-Time,4.0,1186.45,82.84,Rain,0.0,76.7
2025-11-28,Krakow to Bratislava,TRK_0022,554.8,266.09,On-Time,4.3,682.52,66.68,Snow,0.0,50.8
2025-11-04,Warsaw to Berlin,TRK_0020,1026.8,522.19,On-Time,3.1,1342.73,96.86,Rain,0.0,35.0
2025-04-30,Krakow to Bratislava,TRK_0006,586.7,307.37,On-Time,2.7,808.67,45.41,Snow,0.0,86.2
2025-08-16,Lyon to Milan,TRK_0001,929.8,505.67,On-Time,4.2,1572.17,25.96,Clear,0.0,73.9
2025-09-13,Krakow to Bratislava,TRK_0028,590.2,269.56,On-Time,4.1,859.24,22.02,Clear,0.0,82.2
2025-03-23,Berlin to Prague,TRK_0036,478.9,240.43,Delayed,4.2,778.1,80.62,Rain,102.45,30.1
2025-02-28,Berlin to Hamburg,TRK_0026,498.2,250.11,On-Time,4.6,755.93,36.47,Rain,0.0,34.9
2025-04-12,Berlin to Hamburg,TRK_0044,473.5,208.85,On-Time,3.4,632.08,90.65,Snow,0.0,55.2
2025-09-12,Berlin to Prague,TRK_0006,454.1,197.12,Delayed,2.6,624.95,62.62,Snow,211.39,42.9
2026-01-21,Amsterdam to Brussels,TRK_0035,472.5,202.11,On-Time,3.0,512.86,51.18,Fog,0.0,52.7
2025-04-17,Berlin to Hamburg,TRK_0009,504.5,236.62,On-Time,3.9,767.09,67.18,Snow,0.0,66.6
2025-06-24,Zurich to Munich,TRK_0014,956.3,386.72,On-Time,4.7,1260.28,99.4,Rain,0.0,76.1
2025-07-21,Prague to Vienna,TRK_0019,372.4,210.94,On-Time,3.4,684.95,66.22,Snow,0.0,48.1
2025-06-26,Lyon to Milan,TRK_0015,945.2,490.16,On-Time,3.3,1557.13,79.43,Fog,0.0,44.0
2025-08-14,Budapest to Bucharest,TRK_0033,636.6,275.01,On-Time,3.2,736.45,27.63,Snow,0.0,54.7
2025-03-12,Warsaw to Berlin,TRK_0021,1050.0,569.14,On-Time,3.5,1939.32,105.17,Rain,0.0,84.7
2025-01-28,Lyon to Milan,TRK_0027,874.1,415.08,On-Time,4.0,1038.05,48.56,Clear,0.0,69.8
2025-10-27,Vienna to Budapest,TRK_0050,1082.1,613.25,Delayed,3.9,1589.24,106.21,Snow,233.18,38.6
2026-02-08,Budapest to Bucharest,TRK_0013,655.8,347.19,On-Time,4.6,1065.38,88.4,Snow,0.0,91.5
2025-09-10,Amsterdam to Brussels,TRK_0047,452.3,233.49,On-Time,3.2,712.63,63.19,Rain,0.0,41.8
2025-11-09,Prague to Vienna,TRK_0034,359.8,179.91,On-Time,5.0,429.49,40.52,Fog,0.0,72.1
2025-03-21,Warsaw to Berlin,TRK_0045,1046.8,509.88,Delayed,4.8,1445.36,95.42,Fog,82.0,39.4
2025-11-19,Brussels to Paris,TRK_0015,1004.6,579.25,On-Time,3.0,1359.31,118.79,Rain,0.0,27.0
2025-01-26,Brussels to Paris,TRK_0047,1043.9,487.2,On-Time,3.1,1682.84,72.03,Rain,0.0,97.5
2025-04-19,Milan to Zurich,TRK_0028,436.9,196.9,On-Time,2.9,683.34,71.73,Fog,0.0,61.4
2026-01-14,Berlin to Prague,TRK_0041,473.2,240.26,On-Time,3.1,815.1,108.52,Rain,0.0,26.8
2025-07-09,Budapest to Bucharest,TRK_0027,635.3,308.29,On-Time,3.2,826.36,106.05,Rain,0.0,52.3
2026-02-27,Zurich to Munich,TRK_0042,989.7,471.65,On-Time,2.8,1249.15,109.46,Clear,0.0,64.5
2025-01-25,Hamburg to Amsterdam,TRK_0014,1129.8,589.02,On-Time,3.2,1784.42,21.43,Clear,0.0,44.9
2025-02-02,Krakow to Bratislava,TRK_0023,571.4,256.59,On-Time,3.3,738.77,83.73,Snow,0.0,62.6
2025-04-22,Budapest to Bucharest,TRK_0031,628.4,270.89,Delayed,4.1,632.27,57.35,Snow,144.84,57.7
2025-09-07,Hamburg to Amsterdam,TRK_0029,1077.8,517.98,Delayed,4.7,1671.73,83.99,Fog,232.57,63.5
2025-10-14,Paris to Lyon,TRK_0042,1075.2,541.7,Delayed,3.8,1465.86,118.0,Fog,99.18,66.5
2025-08-29,Berlin to Hamburg,TRK_0025,484.9,250.19,On-Time,2.9,571.78,106.33,Snow,0.0,88.1
2025-06-20,Vienna to Budapest,TRK_0035,1095.1,519.7,Delayed,3.4,1364.37,89.09,Snow,121.98,94.5
2025-05-07,Brussels to Paris,TRK_0038,1051.7,507.86,Delayed,3.5,1211.06,64.15,Fog,136.98,28.2
2025-12-15,Hamburg to Amsterdam,TRK_0022,1138.7,600.46,On-Time,4.7,1324.37,106.87,Rain,0.0,25.5
2026-02-08,Warsaw to Krakow,TRK_0033,582.3,307.36,On-Time,3.5,912.95,100.17,Rain,0.0,43.6
2025-02-05,Warsaw to Krakow,TRK_0041,618.7,295.66,Delayed,3.8,1013.05,59.78,Rain,80.75,64.7
2026-02-23,Zurich to Munich,TRK_0013,907.0,523.48,Delayed,4.3,1157.08,62.95,Rain,174.45,77.2
2025-03-27,Lyon to Milan,TRK_0031,905.7,458.8,On-Time,2.8,1462.63,45.71,Snow,0.0,34.4
2026-01-11,Brussels to Paris,TRK_0031,1042.4,448.56,On-Time,2.5,1515.96,30.37,Clear,0.0,85.4
2026-01-02,Prague to Vienna,TRK_0018,363.5,183.99,On-Time,4.9,488.21,84.16,Fog,0.0,96.9
2025-02-18,Amsterdam to Brussels,TRK_0049,469.2,262.54,On-Time,4.2,776.42,64.85,Fog,0.0,51.6
2025-11-09,Warsaw to Krakow,TRK_0028,616.3,291.85,On-Time,4.0,916.54,54.65,Rain,0.0,39.2
2026-02-03,Warsaw to Berlin,TRK_0018,955.6,455.81,On-Time,4.6,1562.73,118.57,Fog,0.0,74.8
2025-07-06,Lyon to Milan,TRK_0013,904.3,427.64,Delayed,2.7,983.02,42.13,Clear,157.97,51.4
2025-05-26,Brussels to Paris,TRK_0031,1015.2,412.78,On-Time,4.1,969.45,110.33,Snow,0.0,27.7
2025-12-26,Warsaw to Berlin,TRK_0007,960.8,529.79,On-Time,2.6,1188.06,57.14,Rain,0.0,73.9
2025-08-28,Amsterdam to Brussels,TRK_0022,452.0,238.76,On-Time,3.2,680.59,36.74,Fog,0.0,90.3
2025-11-04,Berlin to Prague,TRK_0012,454.0,219.83,On-Time,3.5,760.92,89.64,Fog,0.0,96.9
2025-07-18,Brussels to Paris,TRK_0019,1076.6,510.23,On-Time,4.9,1752.45,87.73,Fog,0.0,55.9
2025-03-16,Hamburg to Amsterdam,TRK_0050,1064.5,490.97,On-Time,4.0,1186.37,90.66,Rain,0.0,46.2
2025-01-21,Paris to Lyon,TRK_0003,1150.2,542.95,On-Time,4.2,1255.45,84.99,Fog,0.0,82.7
2025-06-13,Amsterdam to Brussels,TRK_0006,432.4,214.06,On-Time,3.7,502.81,115.21,Rain,0.0,78.3
2025-11-27,Paris to Lyon,TRK_0045,1074.6,531.8,On-Time,4.8,1433.63,89.84,Rain,0.0,84.3
2025-02-15,Warsaw to Berlin,TRK_0004,1026.3,513.64,On-Time,3.1,1499.29,69.71,Clear,0.0,84.1
2025-06-08,Warsaw to Berlin,TRK_0035,971.2,531.79,On-Time,4.9,1214.51,72.09,Rain,0.0,70.6
2025-01-26,Paris to Lyon,TRK_0040,1078.1,598.91,On-Time,3.5,1386.52,95.88,Fog,0.0,37.4
2025-11-26,Hamburg to Amsterdam,TRK_0002,1135.9,550.36,On-Time,3.6,1258.57,104.57,Snow,0.0,81.9
2025-12-24,Lyon to Milan,TRK_0017,904.2,381.2,On-Time,2.7,1249.07,119.78,Clear,0.0,96.5
2025-12-15,Vienna to Budapest,TRK_0036,1128.3,525.24,On-Time,3.7,1294.0,62.03,Snow,0.0,96.4
2025-02-18,Amsterdam to Brussels,TRK_0036,476.1,228.13,On-Time,3.1,798.07,92.01,Snow,0.0,72.3
2026-01-23,Berlin to Prague,TRK_0047,459.6,222.78,On-Time,3.8,628.76,106.32,Rain,0.0,73.0
2025-10-05,Krakow to Bratislava,TRK_0014,602.7,291.31,On-Time,3.4,674.13,83.75,Rain,0.0,58.6
2025-07-25,Amsterdam to Brussels,TRK_0012,438.5,207.89,On-Time,4.2,460.38,88.42,Rain,0.0,57.7
2025-07-23,Krakow to Bratislava,TRK_0006,606.3,267.28,On-Time,4.0,897.95,71.47,Clear,0.0,58.9
2025-10-25,Vienna to Budapest,TRK_0038,1143.2,523.14,On-Time,4.1,1477.53,30.99,Snow,0.0,96.1
2025-09-11,Budapest to Bucharest,TRK_0025,601.0,340.69,On-Time,4.4,760.43,18.08,Clear,0.0,92.0
2025-05-29,Lyon to Milan,TRK_0008,902.6,505.11,On-Time,3.9,1235.0,22.35,Rain,0.0,68.1
2025-06-30,Warsaw to Krakow,TRK_0026,618.1,300.64,On-Time,4.6,781.93,60.0,Clear,0.0,88.7
2025-07-04,Warsaw to Berlin,TRK_0050,954.2,454.64,On-Time,4.1,1309.23,61.96,Fog,0.0,50.5
2025-08-26,Brussels to Paris,TRK_0004,1014.2,411.31,On-Time,2.8,1295.8,30.74,Clear,0.0,29.7
2025-09-17,Milan to Zurich,TRK_0026,444.5,202.91,On-Time,2.6,620.91,78.08,Rain,0.0,97.7
2025-03-24,Milan to Zurich,TRK_0015,425.3,225.68,On-Time,2.5,545.83,19.39,Fog,0.0,71.6
2025-01-11,Lyon to Milan,TRK_0009,886.4,392.37,On-Time,2.8,1221.16,75.29,Snow,0.0,42.5
2026-02-10,Brussels to Paris,TRK_0048,1019.9,472.02,On-Time,4.5,1094.91,82.41,Snow,0.0,47.3
2025-12-06,Warsaw to Krakow,TRK_0039,624.1,341.83,On-Time,4.3,993.21,66.76,Rain,0.0,51.4
2025-06-05,Warsaw to Krakow,TRK_0017,583.1,250.93,On-Time,3.6,731.13,71.33,Fog,0.0,50.8
2025-09-21,Brussels to Paris,TRK_0013,1067.8,465.56,On-Time,4.4,1162.61,113.68,Snow,0.0,72.8
2025-08-08,Prague to Vienna,TRK_0041,388.3,192.38,On-Time,4.6,552.68,40.24,Clear,0.0,87.8
2026-02-20,Berlin to Hamburg,TRK_0030,485.4,254.81,On-Time,3.2,613.27,107.8,Fog,0.0,81.3
2025-11-09,Vienna to Budapest,TRK_0036,1126.4,546.24,On-Time,4.3,1909.58,87.5,Clear,0.0,51.0
2026-01-26,Lyon to Milan,TRK_0047,890.3,451.18,On-Time,4.0,1304.64,57.09,Rain,0.0,78.5
2025-01-05,Berlin to Hamburg,TRK_0004,477.1,236.28,On-Time,3.0,533.85,64.08,Rain,0.0,91.8
2025-09-08,Milan to Zurich,TRK_0010,459.7,220.83,On-Time,4.2,764.15,15.5,Clear,0.0,29.6
2025-03-12,Hamburg to Amsterdam,TRK_0022,1158.4,470.42,Delayed,4.2,1037.9,119.21,Clear,191.85,95.0
2025-02-18,Vienna to Budapest,TRK_0020,1091.6,538.15,On-Time,3.2,1662.3,85.6,Rain,0.0,85.2
2026-01-20,Amsterdam to Brussels,TRK_0032,470.3,228.15,On-Time,4.3,531.76,29.93,Snow,0.0,67.1
2025-05-21,Krakow to Bratislava,TRK_0011,569.8,320.54,Delayed,3.6,986.73,110.14,Snow,98.87,28.7
2025-07-06,Vienna to Budapest,TRK_0032,1112.2,568.36,On-Time,3.4,1309.68,81.35,Fog,0.0,96.3
2026-02-13,Milan to Zurich,TRK_0039,456.9,191.81,Delayed,3.7,646.87,46.97,Snow,133.15,75.0
2025-12-19,Paris to Lyon,TRK_0030,1056.1,507.49,On-Time,4.6,1390.75,35.98,Fog,0.0,43.3
2025-02-18,Milan to Zurich,TRK_0009,420.9,196.24,On-Time,4.3,626.25,93.45,Fog,0.0,43.8
2025-02-21,Lyon to Milan,TRK_0012,901.1,443.5,On-Time,4.5,1230.58,31.78,Clear,0.0,55.9
2025-04-30,Amsterdam to Brussels,TRK_0006,469.1,227.95,On-Time,4.0,601.07,22.74,Fog,0.0,93.7
2025-06-09,Warsaw to Berlin,TRK_0022,1025.3,557.88,On-Time,4.8,1318.02,86.1,Fog,0.0,57.2
2025-12-13,Prague to Vienna,TRK_0007,392.0,189.06,On-Time,3.8,552.6,115.51,Snow,0.0,61.7
2025-02-16,Budapest to Bucharest,TRK_0043,640.5,274.82,On-Time,3.5,735.46,105.2,Rain,0.0,65.4
2026-02-07,Vienna to Budapest,TRK_0047,1065.4,489.18,On-Time,3.6,1372.9,78.67,Clear,0.0,33.0
2025-06-19,Amsterdam to Brussels,TRK_0019,432.4,191.66,On-Time,3.8,597.87,82.92,Rain,0.0,56.8
2025-11-11,Vienna to Budapest,TRK_0024,1155.1,466.15,On-Time,2.9,1620.21,65.8,Clear,0.0,74.5
2025-02-24,Warsaw to Berlin,TRK_0021,994.8,467.8,On-Time,3.7,1106.09,109.84,Snow,0.0,84.0
2025-08-20,Milan to Zurich,TRK_0014,424.1,186.53,On-Time,2.7,423.36,67.86,Rain,0.0,84.9
2025-03-21,Berlin to Prague,TRK_0011,468.3,218.56,Delayed,3.3,542.72,63.35,Fog,99.36,27.0
2025-03-12,Hamburg to Amsterdam,TRK_0037,1124.1,541.16,On-Time,4.6,1711.49,103.25,Clear,0.0,52.2
2025-04-11,Budapest to Bucharest,TRK_0004,616.7,287.27,Delayed,2.8,873.32,92.95,Rain,175.28,65.5
2025-01-18,Paris to Lyon,TRK_0014,1156.8,624.99,Delayed,3.3,1699.78,94.93,Clear,120.42,81.9
2025-05-20,Amsterdam to Brussels,TRK_0001,466.8,231.89,On-Time,3.6,615.06,80.67,Rain,0.0,42.5
2025-08-06,Hamburg to Amsterdam,TRK_0035,1059.4,445.21,On-Time,2.8,1079.31,20.09,Snow,0.0,32.3
2025-05-06,Krakow to Bratislava,TRK_0018,552.6,254.58,Delayed,3.1,777.69,32.75,Rain,109.55,81.3
2026-01-14,Brussels to Paris,TRK_0013,1066.1,583.46,On-Time,4.3,1766.91,38.34,Clear,0.0,42.3
2025-10-17,Brussels to Paris,TRK_0044,1060.8,555.89,On-Time,4.3,1656.72,63.91,Snow,0.0,72.3
2025-08-08,Prague to Vienna,TRK_0031,358.0,145.06,On-Time,4.3,466.33,116.48,Clear,0.0,58.3
2025-08-11,Budapest to Bucharest,TRK_0016,634.8,304.84,On-Time,3.8,911.06,25.94,Rain,0.0,58.5
2025-09-28,Berlin to Prague,TRK_0024,476.3,256.41,Delayed,3.2,778.3,52.99,Snow,151.45,59.5
2025-11-12,Warsaw to Krakow,TRK_0026,590.3,314.86,On-Time,3.7,789.43,61.85,Clear,0.0,75.2
2025-12-12,Hamburg to Amsterdam,TRK_0033,1094.6,484.77,On-Time,3.5,1151.24,57.18,Fog,0.0,92.4
2025-08-14,Vienna to Budapest,TRK_0035,1157.8,548.66,On-Time,3.0,1810.52,70.1,Snow,0.0,85.1
2025-01-24,Paris to Lyon,TRK_0011,1068.1,588.18,On-Time,3.2,1585.15,22.23,Snow,0.0,82.5
2025-07-15,Berlin to Hamburg,TRK_0012,488.3,226.27,On-Time,2.8,734.74,58.69,Clear,0.0,74.9
2025-03-31,Brussels to Paris,TRK_0041,1000.6,455.41,Delayed,3.5,1316.78,59.26,Fog,124.53,27.0
2025-05-09,Warsaw to Krakow,TRK_0025,592.6,313.04,On-Time,3.7,697.58,54.63,Rain,0.0,25.2
2025-05-23,Vienna to Budapest,TRK_0035,1107.5,568.22,On-Time,3.1,1872.75,95.38,Rain,0.0,79.5
2025-03-16,Paris to Lyon,TRK_0050,1162.1,597.32,Delayed,4.8,1611.74,77.82,Snow,90.95,91.3
2025-01-26,Paris to Lyon,TRK_0025,1156.4,479.24,On-Time,2.9,1374.28,44.48,Clear,0.0,62.9
2025-01-11,Hamburg to Amsterdam,TRK_0006,1061.4,569.41,On-Time,4.1,1880.41,65.45,Fog,0.0,63.4
2026-01-09,Hamburg to Amsterdam,TRK_0047,1121.2,585.28,On-Time,4.0,1762.61,20.97,Rain,0.0,92.9
2025-03-11,Berlin to Hamburg,TRK_0007,473.5,234.89,On-Time,5.0,625.45,92.47,Clear,0.0,97.6
2025-01-05,Berlin to Prague,TRK_0028,463.7,241.37,On-Time,4.3,658.53,40.54,Fog,0.0,39.6
2025-02-18,Amsterdam to Brussels,TRK_0011,452.2,258.77,On-Time,2.9,860.86,58.51,Fog,0.0,68.6
2025-11-08,Vienna to Budapest,TRK_0027,1107.7,502.6,On-Time,4.7,1449.11,87.42,Clear,0.0,53.6
2025-03-27,Warsaw to Berlin,TRK_0045,965.2,468.16,On-Time,3.6,1330.45,34.8,Rain,0.0,33.4
2025-04-24,Vienna to Budapest,TRK_0045,1100.3,524.06,Delayed,4.0,1511.89,43.11,Clear,208.23,28.3
2025-12-19,Milan to Zurich,TRK_0039,419.5,190.46,On-Time,3.2,546.74,49.96,Rain,0.0,49.9
2025-08-04,Brussels to Paris,TRK_0016,1052.2,549.75,Delayed,3.7,1408.45,91.91,Rain,104.73,48.5
2025-06-25,Berlin to Hamburg,TRK_0007,507.2,228.31,On-Time,3.3,763.64,22.01,Snow,0.0,85.7
2025-08-04,Zurich to Munich,TRK_0012,995.5,570.01,On-Time,3.5,1281.68,88.1,Fog,0.0,42.0
2025-11-03,Warsaw to Krakow,TRK_0017,585.5,319.75,On-Time,3.3,742.45,55.91,Clear,0.0,69.0
2025-01-05,Lyon to Milan,TRK_0050,905.3,445.69,On-Time,4.9,1007.25,76.65,Snow,0.0,51.5
2026-02-08,Hamburg to Amsterdam,TRK_0038,1100.1,596.95,Delayed,5.0,1787.66,105.96,Clear,158.35,71.4
2025-04-07,Brussels to Paris,TRK_0022,1088.4,572.51,On-Time,2.7,1412.99,116.11,Fog,0.0,39.0
2025-08-08,Warsaw to Berlin,TRK_0029,1001.8,447.73,On-Time,3.2,991.53,111.59,Snow,0.0,34.7
2025-03-29,Prague to Vienna,TRK_0042,383.8,189.75,On-Time,4.7,624.53,39.1,Clear,0.0,55.1
2025-05-06,Paris to Lyon,TRK_0012,1078.6,543.95,Delayed,3.9,1655.49,47.55,Snow,108.59,80.5
2025-10-11,Prague to Vienna,TRK_0018,381.4,180.37,On-Time,4.5,573.6,15.77,Snow,0.0,57.1
2025-06-29,Zurich to Munich,TRK_0045,995.8,465.24,On-Time,2.7,1226.96,118.92,Clear,0.0,69.7
2025-10-22,Berlin to Prague,TRK_0019,455.1,219.9,On-Time,2.7,538.82,19.09,Snow,0.0,85.6
2025-03-10,Milan to Zurich,TRK_0020,431.3,196.5,Delayed,4.8,478.05,105.31,Clear,84.62,39.6
2025-07-16,Amsterdam to Brussels,TRK_0021,443.4,232.63,Delayed,4.1,564.56,65.43,Fog,153.57,73.5
2025-08-05,Prague to Vienna,TRK_0039,385.3,181.2,On-Time,2.7,457.54,102.65,Rain,0.0,69.4
2025-01-09,Lyon to Milan,TRK_0040,883.5,426.36,On-Time,4.6,1100.98,54.75,Rain,0.0,62.4
2025-04-07,Krakow to Bratislava,TRK_0018,560.2,301.98,On-Time,3.1,757.84,36.91,Snow,0.0,32.5
2026-01-13,Krakow to Bratislava,TRK_0034,574.3,300.29,On-Time,4.4,801.94,45.24,Snow,0.0,43.2
2025-10-15,Krakow to Bratislava,TRK_0012,603.7,327.3,On-Time,3.6,806.95,101.23,Clear,0.0,67.2
2025-06-27,Lyon to Milan,TRK_0011,940.0,512.46,On-Time,5.0,1532.98,107.31,Fog,0.0,86.6
2025-01-05,Amsterdam to Brussels,TRK_0016,450.7,257.17,On-Time,3.3,673.66,25.09,Fog,0.0,54.6
2025-01-23,Berlin to Hamburg,TRK_0017,473.5,220.22,Delayed,4.0,653.02,43.77,Fog,116.09,45.1
2025-05-26,Paris to Lyon,TRK_0048,1120.2,522.32,On-Time,3.6,1549.07,79.19,Snow,0.0,58.4
2025-07-29,Berlin to Prague,TRK_0045,462.0,249.99,On-Time,4.7,690.77,20.41,Snow,0.0,70.3
2025-02-12,Warsaw to Berlin,TRK_0006,1050.5,482.6,On-Time,4.9,1646.65,62.04,Snow,0.0,53.6
2025-07-03,Krakow to Bratislava,TRK_0027,591.2,248.57,On-Time,3.8,851.8,87.05,Fog,0.0,60.9
2025-05-30,Amsterdam to Brussels,TRK_0017,471.6,225.92,On-Time,4.9,605.09,108.2,Fog,0.0,67.0
2025-06-17,Zurich to Munich,TRK_0002,999.4,516.01,On-Time,4.1,1659.49,57.9,Rain,0.0,60.4
2025-06-09,Prague to Vienna,TRK_0003,387.2,190.43,Delayed,3.9,436.8,102.3,Rain,232.92,83.5
2025-03-05,Warsaw to Berlin,TRK_0020,1038.6,533.36,On-Time,3.1,1397.85,89.1,Fog,0.0,56.2
2025-03-30,Krakow to Bratislava,TRK_0049,599.6,306.48,Delayed,3.5,975.42,69.32,Snow,177.4,80.4
2025-07-28,Milan to Zurich,TRK_0036,419.3,192.68,On-Time,2.5,634.28,17.28,Clear,0.0,87.1
2025-03-14,Hamburg to Amsterdam,TRK_0029,1112.6,510.71,On-Time,4.1,1124.58,45.86,Snow,0.0,35.8
2025-12-29,Berlin to Hamburg,TRK_0032,484.6,228.97,On-Time,3.5,627.25,20.42,Rain,0.0,79.6
2025-04-21,Budapest to Bucharest,TRK_0017,642.4,298.93,On-Time,4.5,804.35,92.57,Rain,0.0,42.0
2025-10-03,Brussels to Paris,TRK_0005,1090.2,483.94,On-Time,2.7,1513.9,92.99,Clear,0.0,57.7
2025-04-23,Zurich to Munich,TRK_0008,948.9,428.48,On-Time,3.6,1318.76,108.47,Fog,0.0,42.9
2025-07-20,Hamburg to Amsterdam,TRK_0029,1083.4,485.54,On-Time,4.8,1450.35,100.44,Snow,0.0,82.2
2026-01-31,Amsterdam to Brussels,TRK_0024,443.7,195.97,On-Time,3.8,516.3,76.68,Rain,0.0,57.6
2025-08-24,Zurich to Munich,TRK_0017,985.1,451.57,On-Time,3.5,1239.95,64.91,Clear,0.0,44.4
2025-03-18,Milan to Zurich,TRK_0002,438.1,195.11,On-Time,3.4,504.84,22.98,Fog,0.0,81.0
2025-11-30,Vienna to Budapest,TRK_0050,1060.1,557.25,On-Time,2.6,1842.51,92.54,Fog,0.0,52.2
2025-07-02,Hamburg to Amsterdam,TRK_0047,1065.4,572.09,On-Time,3.8,1971.52,50.02,Fog,0.0,51.7
2025-06-25,Zurich to Munich,TRK_0012,925.4,509.71,On-Time,2.6,1574.29,111.12,Clear,0.0,87.9
2025-01-19,Berlin to Hamburg,TRK_0017,468.8,265.96,Delayed,4.3,866.87,76.42,Snow,220.16,30.7
2025-11-04,Lyon to Milan,TRK_0045,916.9,475.13,On-Time,5.0,1098.88,25.69,Snow,0.0,61.7
2026-01-19,Lyon to Milan,TRK_0029,947.0,415.21,On-Time,3.7,1142.89,24.77,Fog,0.0,62.3
2025-12-09,Budapest to Bucharest,TRK_0001,644.9,325.52,On-Time,4.6,1069.03,72.49,Rain,0.0,76.7
2025-01-09,Warsaw to Krakow,TRK_0048,612.7,281.61,On-Time,3.4,812.38,79.98,Snow,0.0,77.4
2025-12-26,Paris to Lyon,TRK_0015,1078.3,561.34,On-Time,3.6,1443.49,16.82,Snow,0.0,86.2
2025-12-15,Amsterdam to Brussels,TRK_0016,455.6,192.61,On-Time,3.4,477.9,24.27,Fog,0.0,52.5
2025-06-07,Budapest to Bucharest,TRK_0032,627.9,292.0,On-Time,3.1,920.73,67.54,Rain,0.0,44.1
2025-06-03,Milan to Zurich,TRK_0020,422.7,196.0,On-Time,2.5,659.8,106.74,Rain,0.0,91.9
2025-04-26,Berlin to Hamburg,TRK_0033,499.1,286.96,On-Time,4.4,892.33,105.24,Fog,0.0,47.6
2025-09-12,Budapest to Bucharest,TRK_0031,605.5,253.29,On-Time,3.8,619.11,29.84,Snow,0.0,39.3
2025-08-03,Warsaw to Krakow,TRK_0050,602.1,251.49,On-Time,3.8,729.16,81.96,Clear,0.0,60.7
2025-11-05,Warsaw to Krakow,TRK_0021,622.6,296.92,On-Time,3.3,995.29,98.33,Clear,0.0,91.9
2025-10-11,Warsaw to Krakow,TRK_0025,591.7,311.84,On-Time,3.4,825.97,80.19,Rain,0.0,64.3
2025-02-19,Vienna to Budapest,TRK_0038,1088.0,570.0,On-Time,4.3,1284.42,20.83,Rain,0.0,95.1
2025-02-03,Milan to Zurich,TRK_0017,434.0,208.46,On-Time,2.9,706.5,25.79,Snow,0.0,66.9
2026-01-17,Lyon to Milan,TRK_0016,939.5,515.9,Delayed,2.7,1345.84,64.58,Rain,130.18,97.3
2025-06-01,Krakow to Bratislava,TRK_0047,554.2,247.23,On-Time,3.4,816.77,114.99,Snow,0.0,41.3
2025-04-08,Lyon to Milan,TRK_0004,890.5,383.04,Delayed,4.3,1287.71,79.75,Fog,141.3,65.1
2025-12-06,Warsaw to Krakow,TRK_0050,589.2,300.22,On-Time,4.4,779.69,118.74,Snow,0.0,33.7
2025-10-13,Prague to Vienna,TRK_0048,378.7,165.35,On-Time,4.8,421.14,31.03,Fog,0.0,47.4
2025-02-12,Zurich to Munich,TRK_0040,976.3,427.84,Delayed,4.2,1153.96,82.28,Clear,82.94,90.3
2025-12-26,Hamburg to Amsterdam,TRK_0047,1119.1,480.69,On-Time,2.8,1392.18,58.83,Rain,0.0,36.1
2025-02-12,Lyon to Milan,TRK_0041,907.9,476.23,On-Time,3.5,1430.48,96.81,Rain,0.0,27.2
2025-04-10,Budapest to Bucharest,TRK_0041,630.8,341.75,On-Time,2.5,1004.51,29.61,Snow,0.0,60.9
2026-01-25,Hamburg to Amsterdam,TRK_0009,1118.1,462.81,Delayed,2.6,1406.48,63.65,Snow,175.01,69.9
2026-01-12,Budapest to Bucharest,TRK_0009,650.2,348.78,Delayed,3.4,901.18,34.56,Clear,136.3,97.7
2026-02-16,Warsaw to Berlin,TRK_0042,1024.7,472.87,On-Time,2.5,1273.98,45.24,Clear,0.0,37.7
2025-04-04,Warsaw to Berlin,TRK_0017,995.8,452.73,On-Time,3.6,1469.58,87.72,Snow,0.0,28.0
2025-10-24,Budapest to Bucharest,TRK_0002,654.4,359.13,On-Time,3.3,973.17,87.22,Rain,0.0,27.6
2025-07-19,Brussels to Paris,TRK_0022,1077.5,481.43,On-Time,3.7,1377.49,68.6,Fog,0.0,50.4
2025-12-23,Amsterdam to Brussels,TRK_0040,469.0,202.88,On-Time,3.5,480.09,112.39,Clear,0.0,89.6
2025-02-20,Milan to Zurich,TRK_0047,425.5,218.84,On-Time,4.0,670.75,61.96,Clear,0.0,80.0
2025-11-12,Vienna to Budapest,TRK_0001,1110.0,469.56,On-Time,3.1,1640.27,76.62,Snow,0.0,78.3
2025-10-14,Paris to Lyon,TRK_0011,1115.7,530.5,On-Time,3.1,1724.94,91.76,Snow,0.0,42.0
2025-08-14,Hamburg to Amsterdam,TRK_0009,1075.2,468.39,On-Time,3.7,1419.92,101.11,Snow,0.0,78.2
2025-03-06,Paris to Lyon,TRK_0043,1096.2,481.9,On-Time,4.4,1313.28,80.81,Fog,0.0,85.9
2025-06-19,Paris to Lyon,TRK_0025,1125.8,524.85,On-Time,4.8,1519.56,34.48,Rain,0.0,63.4
2025-03-26,Hamburg to Amsterdam,TRK_0046,1148.3,548.39,On-Time,3.1,1355.93,60.86,Snow,0.0,56.2
2026-01-08,Brussels to Paris,TRK_0020,1088.1,563.2,On-Time,3.8,1686.25,56.92,Snow,0.0,83.5
2025-04-23,Budapest to Bucharest,TRK_0031,645.8,341.07,On-Time,2.9,852.8,81.8,Clear,0.0,93.4
2025-06-15,Brussels to Paris,TRK_0023,1071.9,516.08,On-Time,4.3,1463.14,71.43,Fog,0.0,95.5
2025-02-14,Berlin to Prague,TRK_0044,473.5,221.59,On-Time,5.0,532.58,61.6,Clear,0.0,86.2
2025-11-30,Lyon to Milan,TRK_0008,918.6,426.76,On-Time,4.0,1136.15,48.42,Snow,0.0,81.8
2025-08-12,Zurich to Munich,TRK_0020,916.9,440.55,On-Time,4.8,973.76,99.94,Rain,0.0,50.6
2025-09-16,Warsaw to Berlin,TRK_0012,1037.6,465.37,Delayed,4.4,1221.81,64.92,Rain,109.33,45.5
2025-03-06,Budapest to Bucharest,TRK_0034,647.4,318.03,On-Time,4.0,897.95,58.07,Clear,0.0,66.4
2025-09-24,Budapest to Bucharest,TRK_0050,627.0,347.46,On-Time,4.7,1202.93,43.83,Rain,0.0,39.3
2025-06-03,Warsaw to Berlin,TRK_0036,961.0,542.45,On-Time,3.1,1753.7,70.33,Fog,0.0,97.0
2025-09-06,Zurich to Munich,TRK_0007,939.3,427.29,Delayed,3.1,1025.72,56.26,Fog,162.37,44.5
2026-01-18,Brussels to Paris,TRK_0026,1062.9,473.12,On-Time,3.0,1609.9,104.52,Snow,0.0,70.6
2025-02-02,Amsterdam to Brussels,TRK_0007,462.7,251.18,On-Time,3.6,757.18,86.69,Snow,0.0,78.9
2025-03-29,Zurich to Munich,TRK_0006,990.4,452.02,On-Time,4.5,1487.13,37.84,Rain,0.0,87.8
2025-12-11,Berlin to Hamburg,TRK_0032,484.1,211.04,On-Time,3.5,578.63,37.84,Snow,0.0,54.0
2025-11-25,Budapest to Bucharest,TRK_0033,617.7,291.49,On-Time,4.6,956.25,102.16,Clear,0.0,73.6
2025-10-16,Amsterdam to Brussels,TRK_0045,473.9,216.93,On-Time,3.4,520.44,86.15,Snow,0.0,46.8
2026-02-11,Amsterdam to Brussels,TRK_0020,466.7,227.04,On-Time,3.2,659.31,69.6,Rain,0.0,62.8
2025-11-26,Brussels to Paris,TRK_0022,1049.3,481.19,On-Time,4.5,1422.9,18.85,Clear,0.0,51.4
2025-06-05,Amsterdam to Brussels,TRK_0047,443.3,217.64,On-Time,3.1,695.49,71.39,Fog,0.0,32.4
2025-07-30,Prague to Vienna,TRK_0037,391.9,213.79,On-Time,4.0,719.8,66.12,Rain,0.0,46.8
2025-02-27,Vienna to Budapest,TRK_0023,1093.5,491.17,Delayed,2.6,1159.16,49.97,Snow,158.6,87.7
2026-01-28,Amsterdam to Brussels,TRK_0019,474.9,200.38,On-Time,3.2,580.61,29.02,Snow,0.0,93.8
2025-08-28,Warsaw to Krakow,TRK_0033,594.1,256.48,On-Time,4.3,726.9,25.0,Snow,0.0,88.9
2025-07-11,Vienna to Budapest,TRK_0030,1122.3,498.66,Delayed,3.4,1338.77,73.03,Snow,162.62,68.6
2025-09-07,Zurich to Munich,TRK_0024,954.2,472.7,Delayed,4.7,1366.19,110.45,Clear,212.04,55.0
2025-05-03,Paris to Lyon,TRK_0014,1134.2,604.85,On-Time,3.3,1696.31,41.42,Fog,0.0,71.3
2025-02-19,Paris to Lyon,TRK_0017,1161.1,587.02,On-Time,4.6,1478.83,45.54,Snow,0.0,77.1
2025-10-20,Warsaw to Berlin,TRK_0022,1005.8,499.26,On-Time,4.4,1122.44,63.46,Rain,0.0,69.4
2025-07-18,Warsaw to Berlin,TRK_0007,961.6,469.25,On-Time,2.6,1096.32,93.72,Fog,0.0,58.6
2026-02-09,Budapest to Bucharest,TRK_0042,635.7,305.57,On-Time,4.9,796.43,86.39,Fog,0.0,91.0
2025-03-21,Paris to Lyon,TRK_0008,1141.0,597.57,On-Time,4.4,2031.95,59.54,Fog,0.0,74.4
2025-06-30,Lyon to Milan,TRK_0013,901.5,476.56,On-Time,3.4,1375.04,57.79,Fog,0.0,29.2
2025-03-07,Hamburg to Amsterdam,TRK_0009,1108.2,472.23,On-Time,4.5,1542.47,94.09,Clear,0.0,30.4
2025-04-08,Amsterdam to Brussels,TRK_0004,452.6,223.06,On-Time,4.9,556.47,57.54,Rain,0.0,47.9
2025-12-31,Paris to Lyon,TRK_0050,1115.5,570.89,Delayed,4.2,1642.0,17.35,Clear,192.91,91.7
2025-12-11,Vienna to Budapest,TRK_0047,1142.8,584.75,On-Time,4.5,1582.79,17.64,Rain,0.0,96.1
2025-06-25,Brussels to Paris,TRK_0012,1033.2,545.86,On-Time,3.2,1753.26,22.17,Fog,0.0,56.3
2025-10-26,Berlin to Prague,TRK_0007,478.4,263.97,On-Time,2.9,671.28,84.06,Snow,0.0,88.3
2026-02-17,Berlin to Prague,TRK_0025,483.6,254.1,On-Time,4.5,607.49,49.98,Snow,0.0,53.8
2026-01-24,Warsaw to Krakow,TRK_0049,597.1,283.16,On-Time,3.4,702.01,54.35,Snow,0.0,45.5
2025-02-09,Hamburg to Amsterdam,TRK_0008,1059.6,552.11,On-Time,4.8,1460.55,37.45,Fog,0.0,38.7
2025-01-10,Warsaw to Krakow,TRK_0044,578.7,280.73,On-Time,2.8,834.06,61.68,Fog,0.0,62.4
2026-02-04,Hamburg to Amsterdam,TRK_0007,1134.8,526.57,Delayed,3.5,1250.58,17.93,Clear,124.38,63.1
2025-04-12,Warsaw to Krakow,TRK_0016,586.0,238.01,On-Time,2.9,587.69,55.86,Rain,0.0,25.1
2025-09-04,Krakow to Bratislava,TRK_0050,602.3,291.06,On-Time,2.5,799.93,84.83,Fog,0.0,32.9
2025-10-06,Lyon to Milan,TRK_0016,904.8,415.02,Delayed,3.6,1173.52,103.03,Fog,111.54,31.8
2025-03-17,Budapest to Bucharest,TRK_0003,633.9,326.48,Delayed,3.2,930.89,100.46,Rain,87.6,89.7
2025-12-10,Krakow to Bratislava,TRK_0011,597.9,319.23,On-Time,3.6,826.19,76.83,Clear,0.0,54.3
2025-06-15,Zurich to Munich,TRK_0046,971.6,461.68,On-Time,4.8,1493.49,74.76,Fog,0.0,72.1
2025-04-28,Prague to Vienna,TRK_0020,368.9,172.68,On-Time,3.6,391.81,72.99,Snow,0.0,65.8
2025-02-21,Krakow to Bratislava,TRK_0013,606.5,266.84,On-Time,3.7,647.81,115.88,Rain,0.0,29.9
2025-05-08,Zurich to Munich,TRK_0041,944.3,454.77,On-Time,3.5,1002.53,33.29,Fog,0.0,66.7
2026-01-23,Hamburg to Amsterdam,TRK_0002,1126.9,575.63,On-Time,2.9,1897.25,78.37,Rain,0.0,81.4
2025-07-08,Vienna to Budapest,TRK_0035,1137.4,560.26,On-Time,4.1,1235.68,53.02,Rain,0.0,89.6
2025-06-17,Berlin to Hamburg,TRK_0006,482.7,251.47,On-Time,4.2,666.07,17.73,Rain,0.0,78.6
2025-06-05,Zurich to Munich,TRK_0004,983.4,470.92,On-Time,2.7,1238.31,68.89,Fog,0.0,66.3
2025-01-07,Warsaw to Krakow,TRK_0015,618.5,323.38,On-Time,3.7,1071.72,88.42,Rain,0.0,27.4
2025-07-30,Berlin to Hamburg,TRK_0033,512.1,261.54,Delayed,4.8,812.93,15.51,Clear,243.74,43.5
2026-02-19,Lyon to Milan,TRK_0015,920.2,439.03,On-Time,3.5,1113.61,94.39,Fog,0.0,80.8
2025-07-26,Berlin to Hamburg,TRK_0030,510.0,224.57,On-Time,3.1,588.82,115.19,Fog,0.0,74.4
2025-12-09,Milan to Zurich,TRK_0015,420.6,228.29,Delayed,3.1,580.65,98.08,Fog,136.67,80.1
2025-09-13,Milan to Zurich,TRK_0017,432.0,215.45,On-Time,3.8,486.09,46.86,Fog,0.0,78.0
2025-04-22,Hamburg to Amsterdam,TRK_0008,1059.0,452.76,On-Time,3.2,1280.74,62.78,Snow,0.0,84.7
2026-01-03,Lyon to Milan,TRK_0020,905.9,438.64,Delayed,4.9,1293.54,56.18,Fog,141.55,74.2
2025-06-29,Warsaw to Krakow,TRK_0027,597.7,309.02,Delayed,3.5,911.49,46.08,Snow,125.62,97.2
2025-01-13,Vienna to Budapest,TRK_0049,1117.9,532.81,On-Time,3.8,1413.83,58.77,Fog,0.0,52.7
2025-10-30,Amsterdam to Brussels,TRK_0047,439.6,238.8,On-Time,2.7,686.6,112.81,Fog,0.0,27.5
2026-01-28,Zurich to Munich,TRK_0029,948.3,467.03,On-Time,4.4,1152.0,74.33,Fog,0.0,35.5
2025-04-25,Berlin to Hamburg,TRK_0032,496.4,278.46,On-Time,2.7,896.9,20.79,Fog,0.0,80.4
2025-07-03,Prague to Vienna,TRK_0008,377.0,169.84,On-Time,3.5,587.12,83.58,Rain,0.0,46.0
2025-03-25,Vienna to Budapest,TRK_0015,1129.5,534.57,Delayed,4.0,1821.71,41.48,Fog,83.83,54.3
2025-12-29,Milan to Zurich,TRK_0002,454.3,246.99,On-Time,4.3,761.73,15.24,Snow,0.0,72.8
2025-04-08,Berlin to Hamburg,TRK_0022,493.9,248.04,On-Time,2.7,708.8,40.46,Clear,0.0,27.4
2025-07-15,Budapest to Bucharest,TRK_0017,633.0,321.09,On-Time,4.4,848.59,26.2,Clear,0.0,43.7
2025-07-05,Budapest to Bucharest,TRK_0023,656.5,291.81,On-Time,3.6,930.34,46.78,Rain,0.0,51.7
2026-02-14,Berlin to Hamburg,TRK_0002,494.8,262.96,On-Time,4.9,764.6,17.88,Rain,0.0,28.1
2026-01-05,Prague to Vienna,TRK_0038,362.6,153.42,On-Time,4.8,356.08,116.73,Snow,0.0,65.9
2025-08-01,Amsterdam to Brussels,TRK_0014,466.5,237.78,On-Time,3.8,672.74,111.57,Fog,0.0,39.8
2026-02-13,Berlin to Prague,TRK_0045,452.5,196.6,On-Time,3.5,579.8,26.88,Fog,0.0,47.6
2025-02-28,Warsaw to Berlin,TRK_0028,977.3,508.86,On-Time,3.7,1132.32,23.25,Clear,0.0,38.1
2025-09-07,Warsaw to Krakow,TRK_0020,611.1,249.67,On-Time,4.3,762.22,15.38,Fog,0.0,51.3
2025-07-07,Berlin to Prague,TRK_0018,459.3,230.96,On-Time,4.2,524.79,108.24,Fog,0.0,55.3
2025-08-27,Brussels to Paris,TRK_0021,1067.0,537.89,On-Time,4.2,1496.15,43.96,Clear,0.0,41.8
2026-01-05,Warsaw to Berlin,TRK_0026,1002.1,517.34,On-Time,4.8,1679.55,36.17,Snow,0.0,62.1
2025-09-10,Zurich to Munich,TRK_0010,929.0,450.09,On-Time,2.5,1018.85,24.23,Snow,0.0,49.5
2025-11-01,Vienna to Budapest,TRK_0010,1068.5,496.64,On-Time,3.4,1546.94,80.2,Fog,0.0,25.5
2025-07-06,Paris to Lyon,TRK_0003,1064.4,522.7,On-Time,3.7,1239.79,79.83,Snow,0.0,30.4
2025-03-08,Berlin to Prague,TRK_0003,480.2,225.85,On-Time,3.1,703.87,116.8,Fog,0.0,86.4
2025-05-18,Brussels to Paris,TRK_0037,1078.6,565.55,On-Time,4.0,1320.04,71.23,Snow,0.0,91.8
2026-02-20,Berlin to Prague,TRK_0008,460.7,214.74,On-Time,3.2,518.45,17.04,Fog,0.0,49.4
2025-08-24,Paris to Lyon,TRK_0020,1147.8,677.81,On-Time,3.2,2205.54,101.81,Fog,0.0,36.6
2025-03-08,Amsterdam to Brussels,TRK_0023,434.9,220.63,Delayed,3.3,650.34,117.56,Fog,203.69,42.2
2025-11-27,Paris to Lyon,TRK_0028,1140.1,595.14,On-Time,3.0,1545.84,81.11,Snow,0.0,87.8
2025-11-15,Hamburg to Amsterdam,TRK_0030,1103.5,590.34,On-Time,2.8,1992.52,94.03,Snow,0.0,41.3
2025-09-23,Brussels to Paris,TRK_0044,994.4,484.57,Delayed,4.5,1236.27,71.06,Clear,188.92,34.2
2025-08-30,Milan to Zurich,TRK_0038,435.4,173.97,Delayed,3.2,518.75,58.99,Snow,162.1,59.9
2025-03-07,Zurich to Munich,TRK_0019,922.3,462.2,On-Time,2.8,1236.74,77.36,Clear,0.0,41.1
2026-02-05,Vienna to Budapest,TRK_0039,1059.4,570.26,On-Time,4.6,1977.04,110.8,Snow,0.0,35.8
2025-05-04,Paris to Lyon,TRK_0007,1065.2,547.36,On-Time,4.8,1388.22,115.8,Snow,0.0,55.7
2026-02-08,Zurich to Munich,TRK_0001,907.4,382.15,On-Time,4.5,948.75,49.65,Snow,0.0,57.7
2025-06-06,Prague to Vienna,TRK_0011,377.8,202.38,On-Time,4.1,530.23,58.81,Fog,0.0,91.5
2025-09-04,Lyon to Milan,TRK_0031,947.4,487.35,On-Time,4.5,1177.44,95.76,Rain,0.0,79.1
2025-08-27,Lyon to Milan,TRK_0047,884.1,378.11,On-Time,4.0,839.66,18.98,Clear,0.0,56.6
2025-08-21,Berlin to Prague,TRK_0027,480.9,233.03,On-Time,3.7,767.75,89.09,Snow,0.0,44.0
2025-01-27,Zurich to Munich,TRK_0046,933.4,435.92,On-Time,4.0,1369.38,93.74,Fog,0.0,57.3
2025-07-06,Amsterdam to Brussels,TRK_0018,441.5,218.76,On-Time,3.5,486.74,48.54,Rain,0.0,79.0
2025-12-10,Milan to Zurich,TRK_0038,425.1,223.39,On-Time,3.9,556.05,62.95,Rain,0.0,85.4
2026-02-27,Berlin to Prague,TRK_0033,482.2,240.83,On-Time,3.4,726.78,103.02,Rain,0.0,28.7
2025-04-28,Budapest to Bucharest,TRK_0028,605.9,263.71,On-Time,3.1,797.35,71.57,Rain,0.0,77.2
2025-08-23,Warsaw to Berlin,TRK_0011,978.1,445.61,Delayed,2.6,1124.32,28.87,Clear,219.21,60.6
2025-02-15,Warsaw to Krakow,TRK_0024,589.5,283.98,On-Time,4.9,858.83,88.32,Snow,0.0,36.1
2025-11-28,Brussels to Paris,TRK_0044,1021.1,462.82,Delayed,4.1,1241.62,54.09,Clear,102.37,42.0
2026-02-15,Berlin to Hamburg,TRK_0003,505.3,205.75,On-Time,4.9,713.1,51.25,Clear,0.0,50.5
2026-01-16,Paris to Lyon,TRK_0015,1128.9,537.91,On-Time,2.7,1681.96,64.4,Snow,0.0,75.5
2026-01-23,Warsaw to Krakow,TRK_0021,599.8,290.62,On-Time,3.1,1001.6,81.34,Rain,0.0,96.6
2025-07-29,Warsaw to Berlin,TRK_0016,1038.1,522.7,Delayed,4.6,1606.13,106.62,Snow,231.6,77.3
2025-05-02,Prague to Vienna,TRK_0021,356.6,183.41,On-Time,3.3,472.45,20.75,Fog,0.0,61.6
2025-07-03,Brussels to Paris,TRK_0043,1033.7,534.99,On-Time,4.2,1658.76,59.36,Clear,0.0,79.4
2025-10-31,Berlin to Prague,TRK_0003,442.8,248.33,On-Time,2.7,562.49,37.74,Rain,0.0,60.4
2025-09-20,Hamburg to Amsterdam,TRK_0034,1110.3,515.69,On-Time,4.9,1396.47,27.03,Rain,0.0,65.5
2025-02-28,Hamburg to Amsterdam,TRK_0027,1101.0,526.34,On-Time,4.2,1796.07,112.75,Clear,0.0,97.5
2025-11-18,Brussels to Paris,TRK_0003,1051.5,484.92,On-Time,4.4,1306.5,33.49,Clear,0.0,25.9
2025-03-21,Berlin to Hamburg,TRK_0046,475.1,211.81,On-Time,4.2,725.82,45.49,Rain,0.0,71.2
2025-08-23,Warsaw to Krakow,TRK_0014,595.2,260.25,On-Time,4.3,582.29,71.01,Clear,0.0,81.1
2025-11-06,Zurich to Munich,TRK_0029,955.9,488.82,On-Time,2.8,1237.64,117.58,Rain,0.0,55.1
2025-02-10,Krakow to Bratislava,TRK_0017,576.9,310.24,On-Time,3.8,851.05,54.12,Snow,0.0,80.7
2025-02-21,Krakow to Bratislava,TRK_0006,566.7,264.6,On-Time,3.4,720.46,119.68,Rain,0.0,92.6
2025-02-15,Warsaw to Berlin,TRK_0033,1045.8,498.59,On-Time,2.5,1117.88,51.7,Snow,0.0,56.3
2026-01-24,Vienna to Budapest,TRK_0014,1139.0,579.25,On-Time,4.2,1349.22,66.99,Fog,0.0,32.9
2026-02-05,Milan to Zurich,TRK_0011,435.3,208.35,On-Time,2.5,486.4,42.58,Clear,0.0,35.1
2025-07-11,Warsaw to Krakow,TRK_0019,589.3,326.48,On-Time,5.0,933.56,93.16,Clear,0.0,73.6
2025-10-28,Milan to Zurich,TRK_0036,426.2,219.85,On-Time,3.8,620.37,47.53,Clear,0.0,53.6
2025-01-07,Lyon to Milan,TRK_0013,934.7,436.47,On-Time,2.6,977.2,23.34,Rain,0.0,47.8
2025-11-11,Amsterdam to Brussels,TRK_0020,473.8,255.9,On-Time,3.2,708.58,74.65,Fog,0.0,47.9
2025-05-19,Lyon to Milan,TRK_0027,897.8,439.22,On-Time,2.7,1312.09,54.65,Rain,0.0,49.6
2025-08-20,Warsaw to Krakow,TRK_0050,607.9,250.21,On-Time,2.8,842.11,45.13,Snow,0.0,52.9
2025-08-28,Milan to Zurich,TRK_0029,454.3,229.25,Delayed,3.4,672.39,19.57,Snow,97.39,62.7
2025-11-19,Lyon to Milan,TRK_0011,940.9,451.37,Delayed,3.5,1018.51,71.94,Clear,224.47,40.9
2025-03-07,Hamburg to Amsterdam,TRK_0032,1109.9,573.02,On-Time,4.0,1544.92,35.34,Clear,0.0,48.8
2025-08-31,Amsterdam to Brussels,TRK_0026,446.0,233.56,On-Time,3.3,560.98,30.2,Snow,0.0,75.7
2025-03-18,Hamburg to Amsterdam,TRK_0017,1108.9,551.47,On-Time,3.7,1544.46,46.52,Clear,0.0,41.5
2025-02-07,Zurich to Munich,TRK_0008,957.1,476.3,On-Time,4.0,1123.27,42.67,Clear,0.0,69.1
2025-05-08,Amsterdam to Brussels,TRK_0043,449.9,194.27,On-Time,4.5,450.76,67.64,Clear,0.0,85.6
2026-02-22,Lyon to Milan,TRK_0038,935.2,403.62,On-Time,4.9,1242.95,30.02,Snow,0.0,78.0
2025-07-29,Hamburg to Amsterdam,TRK_0036,1122.7,469.65,Delayed,3.2,1204.73,35.79,Clear,167.66,33.1
2025-10-15,Berlin to Prague,TRK_0041,455.3,236.98,Delayed,4.3,569.59,81.8,Fog,228.56,73.8
2025-06-08,Berlin to Hamburg,TRK_0020,469.3,200.63,On-Time,4.5,651.78,109.79,Fog,0.0,32.3
2025-12-05,Berlin to Hamburg,TRK_0033,493.3,205.06,On-Time,4.5,654.51,55.92,Snow,0.0,59.6
2026-01-27,Berlin to Hamburg,TRK_0010,483.5,266.11,On-Time,3.6,678.06,38.36,Fog,0.0,44.4
2025-11-13,Amsterdam to Brussels,TRK_0041,459.2,245.19,On-Time,3.1,733.36,89.34,Fog,0.0,79.6
2025-11-11,Berlin to Prague,TRK_0019,449.4,246.01,Delayed,4.6,546.63,32.62,Fog,139.6,93.6
2025-12-26,Hamburg to Amsterdam,TRK_0042,1053.8,557.75,On-Time,4.2,1253.3,17.81,Fog,0.0,72.0
2025-06-01,Lyon to Milan,TRK_0027,871.2,400.34,On-Time,3.2,912.72,61.29,Fog,0.0,58.9
2025-06-03,Krakow to Bratislava,TRK_0036,593.9,317.03,On-Time,3.8,910.44,64.07,Rain,0.0,54.6
2025-02-24,Warsaw to Berlin,TRK_0002,1046.3,502.78,On-Time,3.6,1726.84,95.35,Rain,0.0,72.7
2025-06-10,Zurich to Munich,TRK_0037,935.9,401.63,On-Time,2.6,1159.16,26.62,Clear,0.0,57.3
2025-10-21,Lyon to Milan,TRK_0046,901.0,360.59,On-Time,2.9,836.81,45.09,Clear,0.0,94.0
2026-02-19,Warsaw to Krakow,TRK_0023,621.0,285.28,On-Time,4.2,820.09,84.68,Fog,0.0,96.9
2025-06-25,Prague to Vienna,TRK_0024,364.8,196.57,On-Time,4.5,618.2,52.82,Clear,0.0,89.0
2026-01-23,Budapest to Bucharest,TRK_0004,638.4,337.65,On-Time,3.5,895.58,90.53,Clear,0.0,94.9
2025-11-11,Brussels to Paris,TRK_0031,1076.5,542.03,On-Time,3.9,1406.28,59.9,Rain,0.0,44.9
2025-09-11,Paris to Lyon,TRK_0046,1069.5,603.06,On-Time,4.6,1989.82,54.49,Snow,0.0,95.8
2025-05-05,Prague to Vienna,TRK_0040,388.7,192.22,On-Time,2.7,598.13,119.06,Rain,0.0,45.0
2025-04-13,Zurich to Munich,TRK_0008,979.3,511.42,On-Time,3.6,1367.99,73.72,Clear,0.0,59.9
2025-04-28,Berlin to Hamburg,TRK_0021,497.3,231.56,On-Time,3.3,627.8,100.2,Rain,0.0,93.2
2025-07-09,Budapest to Bucharest,TRK_0049,624.3,316.52,On-Time,4.0,702.75,113.56,Snow,0.0,51.3
2025-01-03,Amsterdam to Brussels,TRK_0015,463.9,198.72,On-Time,5.0,624.3,118.48,Fog,0.0,94.6
2025-10-26,Warsaw to Krakow,TRK_0010,589.3,314.47,Delayed,2.6,1069.54,55.89,Clear,81.2,73.7
2026-02-06,Brussels to Paris,TRK_0008,1070.2,499.88,On-Time,3.5,1649.56,63.27,Snow,0.0,82.5
2026-01-30,Amsterdam to Brussels,TRK_0048,459.8,221.28,On-Time,2.5,680.29,73.38,Rain,0.0,72.8
2025-04-09,Milan to Zurich,TRK_0034,430.3,247.03,On-Time,4.4,763.96,108.41,Fog,0.0,59.9
2025-04-11,Zurich to Munich,TRK_0044,927.1,421.61,On-Time,3.7,1414.78,117.8,Rain,0.0,70.9
2025-07-31,Warsaw to Krakow,TRK_0024,613.5,251.98,On-Time,4.4,728.07,29.3,Rain,0.0,26.5
2025-04-20,Berlin to Prague,TRK_0049,465.2,267.24,Delayed,3.5,809.6,80.87,Rain,220.84,36.4
2025-07-31,Lyon to Milan,TRK_0017,873.2,447.57,On-Time,3.0,1515.91,79.0,Clear,0.0,55.2
2025-08-25,Budapest to Bucharest,TRK_0028,600.4,261.76,On-Time,2.7,770.37,38.95,Rain,0.0,96.4
2025-03-13,Prague to Vienna,TRK_0035,389.5,192.18,On-Time,2.8,517.87,78.26,Fog,0.0,67.6
2025-11-06,Amsterdam to Brussels,TRK_0040,445.9,254.99,On-Time,4.8,698.37,42.01,Snow,0.0,74.9
2025-05-23,Vienna to Budapest,TRK_0049,1142.4,580.33,On-Time,3.9,1659.44,106.57,Clear,0.0,30.4
2026-02-05,Vienna to Budapest,TRK_0015,1058.7,498.99,On-Time,3.3,1421.92,23.94,Snow,0.0,48.2
2025-06-28,Brussels to Paris,TRK_0039,1058.7,567.5,On-Time,4.2,1371.63,65.56,Fog,0.0,92.8
2025-01-27,Zurich to Munich,TRK_0011,940.3,389.92,On-Time,3.2,1055.6,39.71,Rain,0.0,33.5
2025-04-02,Krakow to Bratislava,TRK_0047,571.9,232.49,On-Time,3.2,673.23,15.7,Snow,0.0,50.2
2025-11-14,Amsterdam to Brussels,TRK_0038,474.5,217.91,On-Time,4.8,641.23,78.17,Snow,0.0,96.3
2025-10-24,Lyon to Milan,TRK_0021,894.0,455.03,Delayed,4.3,1160.45,23.96,Clear,161.51,40.8
2025-07-20,Warsaw to Berlin,TRK_0030,975.7,446.7,On-Time,4.9,1251.62,60.26,Clear,0.0,36.7
2025-10-12,Paris to Lyon,TRK_0019,1146.8,475.72,Delayed,2.6,1292.67,41.17,Rain,178.27,37.1
2025-05-10,Hamburg to Amsterdam,TRK_0041,1064.2,561.78,On-Time,2.9,1316.71,108.24,Rain,0.0,31.1
2025-11-22,Vienna to Budapest,TRK_0029,1133.0,643.5,On-Time,3.4,1569.53,64.55,Clear,0.0,29.7
2025-08-18,Hamburg to Amsterdam,TRK_0002,1081.4,507.79,On-Time,3.6,1590.1,66.46,Fog,0.0,80.6
2025-04-18,Krakow to Bratislava,TRK_0041,568.0,267.66,On-Time,3.3,827.01,17.05,Snow,0.0,89.6
2025-01-17,Berlin to Prague,TRK_0033,469.5,251.26,On-Time,2.8,839.27,36.84,Clear,0.0,25.9
2025-08-03,Berlin to Hamburg,TRK_0001,474.0,198.6,On-Time,3.8,437.65,109.96,Snow,0.0,74.8
2026-02-24,Budapest to Bucharest,TRK_0041,611.9,313.47,On-Time,5.0,1002.41,29.86,Clear,0.0,88.1
2025-02-27,Paris to Lyon,TRK_0027,1096.5,522.94,On-Time,4.0,1718.9,64.48,Snow,0.0,25.7
2025-04-16,Budapest to Bucharest,TRK_0001,623.0,303.9,Delayed,2.7,823.04,75.93,Clear,85.21,64.9
2025-05-29,Warsaw to Krakow,TRK_0048,603.1,280.16,Delayed,3.5,668.32,114.26,Rain,167.67,67.8
2025-06-01,Berlin to Prague,TRK_0007,457.4,194.3,On-Time,4.5,582.87,117.71,Fog,0.0,32.2
2026-01-04,Vienna to Budapest,TRK_0050,1067.1,582.55,On-Time,4.2,1808.94,28.98,Clear,0.0,48.7
2025-10-08,Berlin to Hamburg,TRK_0013,499.3,238.27,On-Time,4.4,819.9,104.34,Snow,0.0,61.3
2025-07-27,Warsaw to Krakow,TRK_0012,614.8,317.73,Delayed,2.8,746.84,49.61,Rain,218.9,48.3
2025-12-18,Milan to Zurich,TRK_0028,425.0,206.7,On-Time,3.5,514.14,118.23,Snow,0.0,63.8
2025-01-10,Warsaw to Berlin,TRK_0016,979.4,558.35,On-Time,4.5,1233.45,94.72,Fog,0.0,33.6
2025-10-06,Berlin to Prague,TRK_0028,477.9,242.19,On-Time,2.9,845.04,38.12,Snow,0.0,95.1
2026-01-29,Brussels to Paris,TRK_0019,1066.1,498.84,On-Time,4.5,1462.89,61.51,Fog,0.0,61.2
2025-11-07,Berlin to Prague,TRK_0006,472.4,268.5,On-Time,3.1,838.05,94.65,Fog,0.0,55.1
2025-03-15,Milan to Zurich,TRK_0029,428.0,229.21,Delayed,3.5,668.0,117.79,Snow,244.56,66.6
2025-01-20,Berlin to Prague,TRK_0049,481.5,265.29,On-Time,4.4,653.1,89.48,Fog,0.0,29.4
2025-09-21,Budapest to Bucharest,TRK_0013,628.4,292.6,On-Time,4.1,981.54,76.6,Rain,0.0,25.5
2025-09-11,Krakow to Bratislava,TRK_0018,601.3,324.1,On-Time,3.9,1031.17,65.31,Rain,0.0,59.1
2025-11-21,Paris to Lyon,TRK_0022,1096.2,507.93,On-Time,3.0,1564.32,93.56,Snow,0.0,89.4
2025-03-16,Warsaw to Krakow,TRK_0033,614.0,334.54,On-Time,3.5,1019.53,72.34,Snow,0.0,81.6
2025-10-22,Krakow to Bratislava,TRK_0030,589.4,279.6,On-Time,4.1,786.05,67.13,Snow,0.0,69.9
2025-11-10,Brussels to Paris,TRK_0047,1075.7,537.86,On-Time,4.1,1359.95,99.0,Snow,0.0,33.1
2025-01-23,Krakow to Bratislava,TRK_0029,582.7,319.67,Delayed,4.1,1088.2,44.9,Rain,130.61,58.0
2025-07-01,Berlin to Prague,TRK_0037,472.8,218.81,On-Time,3.4,666.92,69.12,Snow,0.0,94.7
2025-11-23,Milan to Zurich,TRK_0046,442.0,206.18,On-Time,3.9,568.63,68.16,Snow,0.0,57.9
2026-01-23,Zurich to Munich,TRK_0015,970.4,470.53,On-Time,2.7,1326.91,47.49,Rain,0.0,97.3
2025-12-13,Berlin to Hamburg,TRK_0003,508.8,236.87,On-Time,4.2,769.42,103.22,Fog,0.0,94.9
2025-02-18,Brussels to Paris,TRK_0044,1079.5,459.13,On-Time,3.7,1329.17,55.73,Rain,0.0,35.8
2025-04-12,Paris to Lyon,TRK_0046,1108.1,488.6,On-Time,4.0,1458.58,28.64,Snow,0.0,74.8
2025-01-23,Prague to Vienna,TRK_0047,364.7,205.41,On-Time,4.2,556.74,35.53,Fog,0.0,42.4
2025-12-22,Paris to Lyon,TRK_0043,1089.3,498.4,Delayed,4.0,1131.23,29.66,Rain,121.76,60.2
2025-02-08,Krakow to Bratislava,TRK_0019,594.9,254.23,On-Time,3.4,680.98,87.96,Clear,0.0,91.7
2025-03-18,Warsaw to Berlin,TRK_0003,995.1,442.82,On-Time,3.3,1513.61,98.26,Snow,0.0,83.4
2026-02-14,Berlin to Prague,TRK_0026,476.3,214.9,On-Time,4.0,740.01,30.48,Clear,0.0,86.5
2025-06-16,Berlin to Hamburg,TRK_0002,503.6,209.19,On-Time,4.8,607.35,39.87,Clear,0.0,51.6
2025-06-01,Krakow to Bratislava,TRK_0019,581.3,283.63,On-Time,3.4,743.39,113.66,Snow,0.0,28.7
2025-07-28,Paris to Lyon,TRK_0014,1089.5,473.48,On-Time,4.0,1455.39,111.91,Rain,0.0,41.9
2025-03-12,Krakow to Bratislava,TRK_0032,598.7,284.05,Delayed,4.2,776.7,18.07,Rain,198.03,85.2
2025-07-24,Krakow to Bratislava,TRK_0037,590.8,340.14,On-Time,3.6,1159.15,16.82,Rain,0.0,35.9
2025-10-16,Warsaw to Krakow,TRK_0029,626.9,311.96,On-Time,4.0,861.37,113.55,Fog,0.0,26.7
2026-01-05,Warsaw to Krakow,TRK_0005,610.7,252.71,On-Time,3.0,657.59,18.48,Fog,0.0,68.7
2025-03-25,Krakow to Bratislava,TRK_0008,559.6,254.49,On-Time,4.4,830.47,76.76,Clear,0.0,79.1
2025-03-22,Zurich to Munich,TRK_0037,942.4,442.84,Delayed,3.3,988.58,23.93,Rain,236.34,28.1
2025-01-29,Prague to Vienna,TRK_0036,389.4,196.21,On-Time,3.2,547.47,20.68,Snow,0.0,70.3
2025-06-15,Paris to Lyon,TRK_0032,1112.6,623.25,On-Time,4.8,1421.5,35.32,Rain,0.0,75.6
2025-09-23,Paris to Lyon,TRK_0045,1134.9,667.6,Delayed,4.9,1949.01,109.66,Snow,150.71,55.6
2025-09-15,Warsaw to Krakow,TRK_0038,578.2,305.68,Delayed,3.9,997.74,101.3,Fog,230.64,94.4
2025-08-14,Paris to Lyon,TRK_0010,1122.1,656.46,Delayed,3.7,1830.84,63.91,Snow,159.78,65.0
2025-10-02,Warsaw to Berlin,TRK_0017,998.1,541.02,On-Time,3.3,1519.47,96.42,Clear,0.0,97.6
2025-02-14,Zurich to Munich,TRK_0010,965.0,466.96,On-Time,3.9,1121.44,69.86,Rain,0.0,62.4
2025-03-17,Brussels to Paris,TRK_0026,1064.9,570.84,On-Time,3.6,1256.82,35.57,Fog,0.0,30.4
2025-09-22,Warsaw to Berlin,TRK_0028,987.4,496.57,On-Time,4.5,1140.4,103.13,Fog,0.0,52.6
2025-08-30,Milan to Zurich,TRK_0037,433.2,189.77,On-Time,4.7,634.62,94.9,Snow,0.0,34.7
2025-12-17,Vienna to Budapest,TRK_0024,1162.6,563.14,On-Time,4.5,1300.95,78.41,Snow,0.0,65.6
2025-09-25,Warsaw to Berlin,TRK_0029,1047.3,422.81,On-Time,4.3,1150.26,106.58,Clear,0.0,51.8
2025-01-21,Berlin to Hamburg,TRK_0031,499.3,233.89,On-Time,2.6,583.3,59.59,Snow,0.0,78.4
2025-11-02,Berlin to Hamburg,TRK_0025,501.8,242.96,Delayed,2.6,842.29,24.62,Clear,88.71,59.2
2026-02-22,Berlin to Hamburg,TRK_0007,494.7,244.4,Delayed,2.6,648.25,45.35,Fog,107.79,80.7
2025-11-17,Paris to Lyon,TRK_0015,1128.2,469.78,On-Time,2.9,1583.9,64.42,Fog,0.0,44.6
2025-08-24,Paris to Lyon,TRK_0044,1125.1,574.2,On-Time,4.0,1503.07,106.04,Fog,0.0,79.6
2025-05-11,Prague to Vienna,TRK_0049,369.2,181.65,On-Time,4.4,557.6,32.41,Snow,0.0,31.1
2025-05-26,Warsaw to Krakow,TRK_0008,616.7,270.42,On-Time,4.5,894.01,24.76,Rain,0.0,42.4
2026-02-04,Lyon to Milan,TRK_0040,883.5,419.73,On-Time,4.4,1344.34,87.11,Fog,0.0,52.7
2025-02-28,Brussels to Paris,TRK_0048,1083.7,506.8,On-Time,3.4,1620.17,99.88,Fog,0.0,47.0
2025-12-03,Lyon to Milan,TRK_0003,895.6,435.75,On-Time,2.7,1113.22,79.29,Clear,0.0,40.4
2026-02-24,Hamburg to Amsterdam,TRK_0022,1093.0,463.23,On-Time,3.1,1218.25,74.32,Fog,0.0,40.3
2025-05-13,Lyon to Milan,TRK_0024,884.7,393.4,On-Time,2.7,925.09,87.6,Clear,0.0,91.5
2025-09-23,Lyon to Milan,TRK_0024,925.5,411.49,On-Time,3.6,1178.99,73.16,Snow,0.0,68.5
2026-02-24,Berlin to Prague,TRK_0011,452.1,232.74,On-Time,3.0,759.75,62.67,Rain,0.0,72.5
2025-12-21,Warsaw to Berlin,TRK_0035,1041.9,426.3,On-Time,3.5,1023.68,79.7,Fog,0.0,73.4
2025-03-10,Warsaw to Krakow,TRK_0001,621.1,307.82,On-Time,3.8,1031.1,65.85,Clear,0.0,77.4
2025-03-14,Milan to Zurich,TRK_0005,450.4,228.36,On-Time,4.3,585.53,47.03,Clear,0.0,46.5
2025-10-26,Zurich to Munich,TRK_0016,949.8,440.99,On-Time,4.2,1535.82,107.36,Clear,0.0,44.1
2025-02-10,Prague to Vienna,TRK_0030,375.0,195.56,On-Time,2.9,641.8,34.0,Fog,0.0,88.1
2025-08-08,Zurich to Munich,TRK_0040,954.3,477.18,On-Time,3.8,1633.35,49.72,Snow,0.0,49.0
2025-05-13,Lyon to Milan,TRK_0029,889.4,375.78,Delayed,4.0,1312.84,90.81,Rain,150.71,90.0
2025-01-02,Warsaw to Krakow,TRK_0045,627.8,313.52,On-Time,5.0,1092.38,76.05,Snow,0.0,52.5
2025-05-08,Amsterdam to Brussels,TRK_0034,432.5,186.55,On-Time,3.2,481.86,78.42,Fog,0.0,77.5
2025-12-09,Krakow to Bratislava,TRK_0023,556.0,322.28,On-Time,4.5,766.04,28.89,Rain,0.0,88.4
2025-02-01,Warsaw to Berlin,TRK_0030,1019.8,456.7,Delayed,3.3,1142.52,54.77,Rain,200.11,57.8
2025-06-03,Vienna to Budapest,TRK_0016,1059.4,605.51,Delayed,4.7,1844.22,93.8,Fog,91.46,55.2
2025-11-29,Budapest to Bucharest,TRK_0011,618.3,317.5,On-Time,2.7,1031.38,28.66,Clear,0.0,40.3
2025-12-24,Berlin to Hamburg,TRK_0001,494.2,242.01,On-Time,4.5,817.52,58.7,Snow,0.0,75.9
2025-06-02,Amsterdam to Brussels,TRK_0023,470.4,216.84,On-Time,3.6,676.81,46.13,Clear,0.0,37.1
2025-10-10,Hamburg to Amsterdam,TRK_0044,1068.2,520.45,On-Time,3.8,1510.55,60.44,Clear,0.0,91.5
2025-06-11,Budapest to Bucharest,TRK_0040,624.1,340.14,On-Time,2.9,970.06,31.41,Snow,0.0,57.8
2025-01-19,Prague to Vienna,TRK_0022,357.9,149.83,On-Time,4.5,434.88,106.04,Fog,0.0,31.7
2026-01-11,Milan to Zurich,TRK_0049,424.4,236.21,On-Time,3.6,636.85,60.83,Snow,0.0,34.3
2025-08-15,Berlin to Hamburg,TRK_0048,494.2,240.88,On-Time,4.4,588.23,30.12,Fog,0.0,78.9
2025-01-15,Vienna to Budapest,TRK_0047,1070.1,564.95,On-Time,3.1,1440.19,116.84,Clear,0.0,54.7
2025-12-07,Vienna to Budapest,TRK_0035,1144.9,543.6,On-Time,4.4,1887.5,81.84,Snow,0.0,60.1
2025-06-25,Prague to Vienna,TRK_0028,363.5,196.15,On-Time,3.6,595.83,95.55,Clear,0.0,43.6
2025-04-20,Hamburg to Amsterdam,TRK_0022,1088.2,511.73,On-Time,4.4,1272.58,81.78,Rain,0.0,37.4
2025-06-26,Zurich to Munich,TRK_0029,993.3,434.44,On-Time,4.4,1504.14,49.76,Snow,0.0,46.2
2025-07-30,Amsterdam to Brussels,TRK_0034,464.3,224.09,On-Time,3.6,759.7,63.11,Clear,0.0,46.4
2025-02-23,Berlin to Hamburg,TRK_0027,515.2,275.94,On-Time,4.0,835.8,105.74,Fog,0.0,88.5
2025-08-24,Hamburg to Amsterdam,TRK_0015,1092.0,608.17,On-Time,2.5,2100.06,44.25,Snow,0.0,79.5
2025-08-09,Paris to Lyon,TRK_0032,1077.9,459.24,On-Time,4.9,1107.66,72.16,Snow,0.0,50.7
2025-08-27,Berlin to Hamburg,TRK_0045,468.8,233.47,Delayed,4.2,593.08,47.84,Snow,243.01,55.8
2025-01-17,Krakow to Bratislava,TRK_0032,550.5,262.76,Delayed,2.8,823.47,38.67,Rain,177.91,27.1
2025-03-02,Paris to Lyon,TRK_0016,1157.3,605.04,On-Time,3.9,1525.96,59.55,Clear,0.0,48.4
2025-10-08,Berlin to Prague,TRK_0050,442.6,243.84,On-Time,3.0,681.32,102.96,Rain,0.0,48.8
2025-08-23,Prague to Vienna,TRK_0002,380.1,171.64,On-Time,2.7,448.74,55.0,Fog,0.0,73.2
2025-07-08,Paris to Lyon,TRK_0030,1154.2,561.45,On-Time,3.4,1485.73,74.85,Snow,0.0,26.9
2025-06-25,Zurich to Munich,TRK_0021,968.2,481.71,On-Time,4.1,1337.25,46.54,Snow,0.0,88.9
2025-05-27,Hamburg to Amsterdam,TRK_0005,1073.6,472.86,On-Time,4.3,1447.73,53.53,Clear,0.0,93.8
2025-12-09,Hamburg to Amsterdam,TRK_0050,1120.0,576.01,Delayed,4.1,1339.32,22.05,Rain,95.73,85.8
2025-07-11,Budapest to Bucharest,TRK_0032,644.3,276.26,On-Time,4.5,846.53,64.73,Fog,0.0,80.8
2025-05-15,Vienna to Budapest,TRK_0030,1056.4,547.15,On-Time,2.6,1788.79,53.05,Rain,0.0,37.6
2025-02-16,Paris to Lyon,TRK_0011,1162.5,589.76,On-Time,2.9,1451.02,96.15,Rain,0.0,46.1
2026-02-11,Amsterdam to Brussels,TRK_0002,442.7,208.99,On-Time,4.8,558.05,102.2,Rain,0.0,50.8
2025-10-20,Amsterdam to Brussels,TRK_0021,457.1,223.63,On-Time,4.0,565.5,29.31,Rain,0.0,91.0
2025-06-16,Krakow to Bratislava,TRK_0020,549.6,276.5,On-Time,4.5,681.61,46.77,Rain,0.0,44.1
2025-09-15,Warsaw to Krakow,TRK_0046,598.4,278.15,On-Time,3.6,675.53,63.48,Fog,0.0,31.4
2025-09-10,Budapest to Bucharest,TRK_0016,651.2,269.23,Delayed,2.9,622.52,88.06,Rain,165.43,97.6
2025-01-21,Budapest to Bucharest,TRK_0006,636.8,270.66,On-Time,4.9,613.31,72.23,Clear,0.0,67.2
2025-12-13,Budapest to Bucharest,TRK_0027,650.5,271.7,On-Time,4.2,904.63,18.79,Rain,0.0,30.1
2025-04-22,Warsaw to Krakow,TRK_0013,593.6,311.8,On-Time,3.6,747.41,94.84,Fog,0.0,60.7
2025-06-03,Zurich to Munich,TRK_0046,972.7,428.15,Delayed,4.1,1326.42,109.7,Clear,185.12,89.8
2026-02-11,Berlin to Hamburg,TRK_0049,481.7,241.87,Delayed,4.3,777.91,17.41,Rain,126.31,83.3
2025-10-31,Krakow to Bratislava,TRK_0024,550.7,255.79,On-Time,4.4,677.44,101.77,Fog,0.0,58.1
2026-01-20,Prague to Vienna,TRK_0046,369.7,193.39,On-Time,4.6,615.5,36.94,Fog,0.0,26.9
2025-04-11,Berlin to Hamburg,TRK_0043,514.6,230.87,On-Time,4.6,731.32,95.76,Snow,0.0,81.2
2025-12-20,Berlin to Hamburg,TRK_0049,515.4,302.42,On-Time,3.9,814.37,96.01,Clear,0.0,56.0
2025-08-25,Warsaw to Berlin,TRK_0002,988.5,484.85,On-Time,4.6,1316.84,87.07,Rain,0.0,87.9
2025-03-12,Vienna to Budapest,TRK_0050,1077.7,474.13,Delayed,4.2,1365.39,15.93,Clear,178.6,88.3
2025-02-03,Brussels to Paris,TRK_0018,995.0,454.14,On-Time,3.0,1017.19,94.03,Snow,0.0,89.9
2026-02-03,Budapest to Bucharest,TRK_0032,617.5,326.4,On-Time,4.1,994.35,40.56,Snow,0.0,68.8
2025-01-03,Berlin to Hamburg,TRK_0037,476.6,251.6,On-Time,4.6,599.76,54.25,Snow,0.0,79.2
2025-07-02,Milan to Zurich,TRK_0021,422.0,195.75,On-Time,3.6,436.74,37.55,Snow,0.0,62.9
2025-03-26,Lyon to Milan,TRK_0050,884.0,436.27,On-Time,4.3,1070.64,107.19,Rain,0.0,35.6
2025-05-04,Warsaw to Berlin,TRK_0035,957.1,479.16,On-Time,3.8,1311.6,109.35,Snow,0.0,62.8
2026-01-13,Paris to Lyon,TRK_0031,1082.0,514.82,Delayed,2.6,1285.19,63.02,Snow,231.34,67.0
2025-09-04,Warsaw to Berlin,TRK_0026,966.0,439.29,On-Time,2.8,1409.74,41.57,Clear,0.0,52.0
2025-04-02,Berlin to Prague,TRK_0035,473.6,251.61,On-Time,2.7,729.85,27.42,Snow,0.0,53.2
2025-01-16,Zurich to Munich,TRK_0013,942.1,426.71,On-Time,4.4,1372.94,50.88,Snow,0.0,52.7
2025-06-29,Prague to Vienna,TRK_0017,384.1,178.38,On-Time,3.1,589.38,96.78,Rain,0.0,61.5
2025-02-15,Lyon to Milan,TRK_0018,865.1,426.01,On-Time,4.2,1092.74,50.49,Snow,0.0,74.2
2026-02-08,Warsaw to Berlin,TRK_0028,954.7,552.3,Delayed,4.9,1677.11,29.46,Fog,211.82,94.8
2025-09-25,Lyon to Milan,TRK_0025,915.9,505.29,On-Time,4.1,1589.04,95.43,Rain,0.0,53.5
2025-09-29,Hamburg to Amsterdam,TRK_0015,1089.4,517.03,On-Time,4.6,1561.57,17.25,Rain,0.0,43.9
2026-02-04,Amsterdam to Brussels,TRK_0046,457.3,236.35,On-Time,3.9,541.37,58.25,Snow,0.0,87.5
2026-01-21,Warsaw to Berlin,TRK_0050,978.0,523.76,On-Time,3.0,1659.88,64.76,Fog,0.0,27.5
2025-12-20,Prague to Vienna,TRK_0027,386.6,199.94,On-Time,3.3,624.37,47.01,Rain,0.0,68.4
2025-07-01,Budapest to Bucharest,TRK_0017,638.1,308.22,On-Time,4.6,1071.15,93.92,Fog,0.0,86.5
2025-12-24,Milan to Zurich,TRK_0023,436.2,198.19,Delayed,2.5,542.92,112.67,Clear,190.22,57.6
2025-05-19,Berlin to Hamburg,TRK_0020,495.9,267.18,On-Time,3.0,696.53,27.34,Fog,0.0,76.9
2025-10-10,Milan to Zurich,TRK_0015,424.2,205.77,On-Time,4.3,636.43,86.77,Clear,0.0,28.9
2025-08-16,Berlin to Hamburg,TRK_0001,494.8,246.28,On-Time,3.2,751.88,62.09,Clear,0.0,78.8
2025-05-03,Milan to Zurich,TRK_0003,428.9,252.74,On-Time,3.9,585.55,111.71,Snow,0.0,37.7
2025-12-28,Milan to Zurich,TRK_0041,456.1,218.77,On-Time,4.5,733.56,108.65,Rain,0.0,71.7
2025-09-05,Brussels to Paris,TRK_0011,1045.6,493.5,On-Time,3.7,1723.11,28.09,Rain,0.0,28.5
2025-03-12,Zurich to Munich,TRK_0027,937.4,431.02,On-Time,2.7,994.63,69.35,Rain,0.0,89.5
2026-01-09,Milan to Zurich,TRK_0005,440.1,236.74,Delayed,4.7,764.08,44.15,Clear,162.9,67.1
2025-03-01,Berlin to Prague,TRK_0027,444.3,226.66,On-Time,4.1,783.83,119.93,Rain,0.0,29.4
2025-10-23,Warsaw to Krakow,TRK_0030,618.0,294.26,On-Time,3.7,1014.46,100.4,Snow,0.0,95.8
2025-04-05,Berlin to Hamburg,TRK_0016,516.6,285.54,On-Time,4.6,898.43,63.14,Clear,0.0,59.2
2025-10-14,Brussels to Paris,TRK_0008,1005.2,447.84,Delayed,2.7,1363.56,95.94,Clear,173.6,36.9
2025-03-26,Berlin to Hamburg,TRK_0026,495.5,251.99,On-Time,3.5,560.78,71.82,Snow,0.0,91.5
2025-04-15,Vienna to Budapest,TRK_0036,1145.5,561.97,Delayed,3.3,1790.09,85.21,Rain,245.77,81.1
2025-01-01,Vienna to Budapest,TRK_0001,1129.3,526.22,On-Time,4.0,1830.73,61.94,Rain,0.0,60.6
2026-02-02,Hamburg to Amsterdam,TRK_0004,1118.5,567.39,On-Time,4.4,1802.54,113.62,Rain,0.0,37.0
2025-09-13,Paris to Lyon,TRK_0049,1056.5,611.98,On-Time,3.8,1818.82,85.6,Fog,0.0,60.9
2025-06-05,Berlin to Hamburg,TRK_0035,510.0,255.9,On-Time,2.6,720.92,45.07,Snow,0.0,84.3
2025-07-22,Berlin to Hamburg,TRK_0021,474.0,223.72,On-Time,4.4,640.46,67.73,Fog,0.0,97.8
2025-05-19,Berlin to Hamburg,TRK_0032,495.8,232.85,Delayed,3.3,743.75,94.25,Clear,111.6,96.2
2025-07-23,Vienna to Budapest,TRK_0040,1060.0,496.75,On-Time,4.8,1315.84,115.07,Snow,0.0,94.5
2025-04-25,Warsaw to Berlin,TRK_0016,1015.2,472.49,On-Time,4.4,1543.16,96.43,Clear,0.0,78.5
2025-04-27,Berlin to Prague,TRK_0022,460.9,223.37,On-Time,3.5,630.4,27.83,Snow,0.0,76.7
2025-04-13,Lyon to Milan,TRK_0031,920.1,416.39,On-Time,3.4,1369.83,37.04,Fog,0.0,68.8
2025-04-17,Prague to Vienna,TRK_0013,374.7,188.4,Delayed,3.8,501.41,57.03,Rain,159.11,90.4
2026-02-21,Berlin to Hamburg,TRK_0015,500.6,238.42,On-Time,2.6,775.55,90.33,Clear,0.0,25.5
2025-12-21,Budapest to Bucharest,TRK_0038,608.4,301.17,Delayed,4.4,666.94,35.74,Rain,230.77,39.4
2025-03-05,Brussels to Paris,TRK_0041,1045.9,515.33,On-Time,3.5,1646.92,23.66,Snow,0.0,72.1
2025-10-08,Zurich to Munich,TRK_0041,907.5,434.5,On-Time,4.5,1318.37,54.03,Clear,0.0,59.9
2025-08-04,Brussels to Paris,TRK_0037,1030.1,490.38,On-Time,3.2,1616.98,52.44,Snow,0.0,78.1
2025-12-20,Berlin to Prague,TRK_0010,457.9,233.57,On-Time,4.1,561.63,45.38,Snow,0.0,40.1
2025-03-16,Milan to Zurich,TRK_0041,436.8,241.19,On-Time,3.8,644.33,36.44,Rain,0.0,63.4
2025-10-12,Brussels to Paris,TRK_0014,1073.6,479.77,On-Time,4.0,1625.37,86.08,Rain,0.0,74.5
2025-02-11,Warsaw to Krakow,TRK_0045,571.4,262.91,On-Time,4.0,808.83,116.21,Snow,0.0,81.9
2025-12-15,Paris to Lyon,TRK_0044,1055.9,486.28,On-Time,4.8,1480.31,57.5,Clear,0.0,54.4
2025-08-23,Budapest to Bucharest,TRK_0015,630.6,327.86,On-Time,3.9,947.99,40.89,Snow,0.0,77.9
2025-02-15,Warsaw to Berlin,TRK_0047,977.0,442.66,On-Time,3.5,1061.73,49.15,Fog,0.0,42.7
2025-12-13,Budapest to Bucharest,TRK_0029,612.4,305.61,On-Time,3.1,806.16,77.63,Clear,0.0,39.7
2025-10-16,Warsaw to Krakow,TRK_0023,617.3,279.41,On-Time,4.1,686.76,64.34,Fog,0.0,40.9
2025-01-28,Paris to Lyon,TRK_0010,1147.0,465.56,On-Time,3.7,1147.71,85.51,Rain,0.0,74.9
2025-03-27,Paris to Lyon,TRK_0023,1095.9,537.55,On-Time,3.0,1844.44,36.47,Fog,0.0,44.6
2025-04-20,Berlin to Prague,TRK_0039,460.6,232.08,On-Time,2.6,513.71,72.62,Fog,0.0,53.9
2026-01-08,Paris to Lyon,TRK_0002,1101.6,623.07,On-Time,3.3,1982.67,96.22,Rain,0.0,73.5
2025-09-21,Amsterdam to Brussels,TRK_0023,447.8,221.01,On-Time,4.5,712.31,79.72,Clear,0.0,68.8
2025-09-11,Zurich to Munich,TRK_0007,945.9,530.93,On-Time,3.4,1823.46,26.28,Snow,0.0,50.6
2025-09-09,Paris to Lyon,TRK_0016,1082.7,528.56,On-Time,4.8,1707.57,87.31,Rain,0.0,64.4
2026-01-29,Zurich to Munich,TRK_0036,911.7,507.74,On-Time,2.8,1739.72,18.15,Snow,0.0,53.4
2025-06-26,Hamburg to Amsterdam,TRK_0006,1069.9,567.49,On-Time,3.6,1686.26,111.85,Rain,0.0,96.3
2025-05-21,Milan to Zurich,TRK_0016,428.6,199.65,On-Time,4.0,569.88,56.48,Snow,0.0,29.2
2025-05-03,Hamburg to Amsterdam,TRK_0003,1143.8,613.12,On-Time,3.5,1833.68,82.18,Snow,0.0,92.9
2025-06-02,Milan to Zurich,TRK_0050,427.2,193.45,On-Time,5.0,472.53,25.72,Snow,0.0,53.4
2026-02-26,Hamburg to Amsterdam,TRK_0016,1098.7,481.69,On-Time,4.7,1322.47,45.53,Fog,0.0,25.1
2025-06-03,Lyon to Milan,TRK_0038,867.9,401.96,On-Time,3.6,1361.92,27.87,Clear,0.0,56.1
2025-04-06,Berlin to Prague,TRK_0012,478.5,220.31,On-Time,4.5,600.69,47.87,Snow,0.0,65.2
2025-07-29,Hamburg to Amsterdam,TRK_0046,1127.3,590.51,On-Time,2.6,1903.91,46.78,Snow,0.0,63.0
2025-04-24,Vienna to Budapest,TRK_0014,1094.9,566.22,On-Time,3.5,1319.6,38.46,Snow,0.0,48.0
2025-01-01,Milan to Zurich,TRK_0050,418.2,219.59,On-Time,4.5,486.4,119.11,Clear,0.0,30.0
2025-05-31,Milan to Zurich,TRK_0023,437.5,217.02,On-Time,2.6,688.38,83.68,Clear,0.0,68.6
2025-11-08,Lyon to Milan,TRK_0037,915.1,408.03,On-Time,3.4,1362.91,50.28,Clear,0.0,74.0
2026-01-14,Vienna to Budapest,TRK_0038,1146.0,572.59,Delayed,3.6,1751.18,23.06,Clear,171.17,71.9
2025-11-09,Amsterdam to Brussels,TRK_0010,469.9,251.66,On-Time,4.6,850.44,115.19,Snow,0.0,26.3
2025-12-26,Amsterdam to Brussels,TRK_0007,450.5,206.61,On-Time,2.9,659.32,44.34,Snow,0.0,36.9
2025-03-11,Amsterdam to Brussels,TRK_0003,470.9,263.11,Delayed,2.6,918.16,37.39,Clear,239.06,59.4
2025-07-05,Hamburg to Amsterdam,TRK_0034,1087.3,485.27,On-Time,3.5,1134.6,87.5,Rain,0.0,91.1
2026-02-08,Prague to Vienna,TRK_0048,383.3,208.97,On-Time,4.0,685.26,114.04,Fog,0.0,48.2
2025-12-11,Prague to Vienna,TRK_0006,360.4,162.51,On-Time,3.9,547.49,85.06,Rain,0.0,88.0
2025-12-30,Lyon to Milan,TRK_0042,883.5,478.43,On-Time,3.0,1165.81,52.5,Fog,0.0,67.4
2025-03-11,Krakow to Bratislava,TRK_0004,594.6,287.65,On-Time,3.4,793.8,84.1,Clear,0.0,86.7
2025-10-26,Krakow to Bratislava,TRK_0046,585.7,285.1,On-Time,4.9,760.39,51.1,Clear,0.0,29.8
2026-01-22,Milan to Zurich,TRK_0004,426.6,205.43,On-Time,3.2,479.51,87.35,Clear,0.0,43.5
2026-01-18,Milan to Zurich,TRK_0027,418.9,189.43,On-Time,4.8,479.95,99.47,Rain,0.0,44.9
2025-10-16,Budapest to Bucharest,TRK_0021,617.1,296.72,On-Time,4.0,965.83,92.72,Clear,0.0,55.2
2025-03-09,Berlin to Hamburg,TRK_0045,480.3,233.39,On-Time,4.0,679.23,102.47,Clear,0.0,60.6
2025-03-14,Budapest to Bucharest,TRK_0039,604.4,277.93,Delayed,4.1,775.59,105.24,Fog,234.31,38.1
2025-04-08,Lyon to Milan,TRK_0044,919.5,420.0,On-Time,2.7,1251.91,51.27,Clear,0.0,32.0
2025-05-27,Prague to Vienna,TRK_0032,375.9,175.07,On-Time,4.2,470.57,69.47,Clear,0.0,34.8
2026-02-05,Krakow to Bratislava,TRK_0044,556.6,315.97,Delayed,4.4,854.08,95.72,Fog,154.02,81.1
2025-06-07,Hamburg to Amsterdam,TRK_0039,1062.9,543.74,On-Time,4.8,1901.62,85.89,Fog,0.0,72.5
2025-03-05,Warsaw to Krakow,TRK_0026,592.7,326.02,On-Time,3.2,784.27,109.17,Fog,0.0,94.5
2025-04-16,Paris to Lyon,TRK_0006,1156.5,518.59,On-Time,3.4,1371.17,92.99,Clear,0.0,25.1
2025-06-14,Milan to Zurich,TRK_0048,440.0,224.8,On-Time,3.6,526.12,115.36,Clear,0.0,49.8
2025-03-18,Brussels to Paris,TRK_0001,1027.4,499.7,On-Time,2.7,1566.4,69.08,Snow,0.0,92.1
2025-01-09,Amsterdam to Brussels,TRK_0022,474.9,228.47,Delayed,2.9,718.15,89.67,Clear,182.77,89.5
2025-10-24,Zurich to Munich,TRK_0018,930.9,500.09,On-Time,3.2,1554.21,98.87,Snow,0.0,87.9
2026-02-18,Zurich to Munich,TRK_0035,981.7,458.76,On-Time,4.6,1415.36,81.69,Fog,0.0,68.2
2025-10-06,Paris to Lyon,TRK_0010,1149.4,470.16,On-Time,3.6,1358.84,38.95,Rain,0.0,60.9
2025-10-17,Zurich to Munich,TRK_0044,977.5,400.06,Delayed,2.6,1234.34,55.2,Snow,107.65,54.8
2025-08-26,Lyon to Milan,TRK_0034,918.6,507.77,On-Time,3.4,1429.63,117.1,Snow,0.0,88.3
2025-08-02,Lyon to Milan,TRK_0014,926.4,491.99,Delayed,4.4,1716.94,101.52,Rain,133.48,46.6
2025-04-06,Brussels to Paris,TRK_0009,1023.4,440.25,On-Time,3.8,1287.39,34.59,Clear,0.0,49.2
2025-05-08,Warsaw to Krakow,TRK_0017,591.9,294.01,On-Time,3.7,649.54,42.51,Fog,0.0,59.5
2025-07-14,Paris to Lyon,TRK_0025,1057.5,477.92,On-Time,3.3,1484.03,67.56,Clear,0.0,77.8
2025-03-08,Brussels to Paris,TRK_0004,1039.1,491.27,On-Time,4.3,1329.88,52.79,Rain,0.0,32.5
2026-02-02,Paris to Lyon,TRK_0049,1067.7,492.76,Delayed,4.6,1540.09,113.76,Snow,214.36,44.2
2025-01-02,Milan to Zurich,TRK_0041,422.4,202.39,On-Time,3.4,600.72,106.06,Fog,0.0,93.0
2025-06-30,Berlin to Hamburg,TRK_0046,482.7,243.96,On-Time,4.0,688.57,100.13,Snow,0.0,41.6
2026-02-24,Zurich to Munich,TRK_0016,932.7,459.15,On-Time,4.6,1289.12,24.68,Clear,0.0,79.5
2026-02-10,Budapest to Bucharest,TRK_0041,613.7,291.95,On-Time,4.3,908.35,100.44,Fog,0.0,70.8
2026-01-11,Hamburg to Amsterdam,TRK_0034,1104.7,577.19,On-Time,4.9,2017.15,99.94,Rain,0.0,33.4
2025-10-21,Prague to Vienna,TRK_0038,375.0,171.67,On-Time,3.0,406.14,109.82,Clear,0.0,94.5
2025-04-18,Berlin to Prague,TRK_0014,448.2,218.19,On-Time,3.9,743.63,61.09,Snow,0.0,57.9
2025-12-18,Budapest to Bucharest,TRK_0008,645.6,366.71,On-Time,4.5,1071.62,47.51,Fog,0.0,77.8
2025-09-12,Warsaw to Berlin,TRK_0017,999.9,447.76,On-Time,5.0,1190.7,16.31,Fog,0.0,52.6
2026-01-03,Prague to Vienna,TRK_0009,388.3,178.87,On-Time,3.0,553.37,71.57,Clear,0.0,67.4
2025-04-19,Krakow to Bratislava,TRK_0033,599.1,293.83,On-Time,4.4,697.48,42.45,Rain,0.0,68.7
2025-04-12,Zurich to Munich,TRK_0001,934.9,498.29,On-Time,3.6,1203.83,94.85,Fog,0.0,54.3
2025-07-23,Zurich to Munich,TRK_0003,932.4,417.43,On-Time,3.1,1414.42,36.59,Snow,0.0,63.0
2026-01-08,Amsterdam to Brussels,TRK_0018,471.2,215.76,On-Time,3.3,715.95,60.46,Clear,0.0,36.2
2025-05-14,Berlin to Prague,TRK_0012,442.1,199.73,On-Time,2.7,636.0,16.99,Rain,0.0,82.6
2025-05-10,Hamburg to Amsterdam,TRK_0041,1059.3,562.6,On-Time,4.8,1777.56,101.13,Snow,0.0,66.8
2025-05-13,Berlin to Prague,TRK_0011,469.7,240.62,On-Time,3.0,796.24,35.31,Fog,0.0,49.6
2025-09-12,Berlin to Hamburg,TRK_0012,487.1,233.66,On-Time,3.9,623.67,73.69,Clear,0.0,40.2
2026-02-02,Berlin to Prague,TRK_0020,463.3,230.49,On-Time,4.4,805.48,17.47,Snow,0.0,38.1
2026-02-07,Milan to Zurich,TRK_0032,422.8,196.68,On-Time,3.7,536.51,53.15,Clear,0.0,27.4
2025-02-08,Vienna to Budapest,TRK_0006,1121.2,529.89,Delayed,3.2,1681.98,58.33,Snow,164.9,36.4
2025-02-08,Amsterdam to Brussels,TRK_0017,458.7,217.74,On-Time,3.5,705.54,55.37,Snow,0.0,85.3
2025-12-27,Warsaw to Berlin,TRK_0039,985.1,523.54,On-Time,4.9,1384.98,110.1,Rain,0.0,63.7
2025-01-14,Berlin to Hamburg,TRK_0025,497.6,245.03,On-Time,3.6,850.54,76.32,Fog,0.0,33.6
2026-02-15,Lyon to Milan,TRK_0012,880.2,384.28,On-Time,2.6,1099.65,55.63,Fog,0.0,96.6
2025-05-17,Amsterdam to Brussels,TRK_0024,476.0,226.05,On-Time,3.4,697.73,79.9,Rain,0.0,81.1
2025-09-08,Warsaw to Berlin,TRK_0030,965.7,472.29,On-Time,4.6,1325.49,67.41,Rain,0.0,78.3
2025-07-31,Milan to Zurich,TRK_0001,459.5,213.75,On-Time,4.2,711.3,87.1,Fog,0.0,80.1
2025-01-18,Hamburg to Amsterdam,TRK_0049,1086.7,511.48,On-Time,3.4,1769.05,105.51,Snow,0.0,85.5
2025-12-23,Milan to Zurich,TRK_0013,435.1,201.5,Delayed,3.0,571.66,103.16,Fog,230.45,80.9
2025-06-29,Krakow to Bratislava,TRK_0039,595.8,324.33,On-Time,4.1,876.8,80.0,Snow,0.0,96.0
2026-01-17,Warsaw to Krakow,TRK_0006,591.2,310.58,On-Time,3.6,785.32,48.57,Clear,0.0,77.3
2025-03-08,Warsaw to Berlin,TRK_0017,1031.6,474.28,On-Time,2.5,1490.41,86.32,Fog,0.0,48.0
2025-04-27,Amsterdam to Brussels,TRK_0042,443.0,222.51,On-Time,3.4,649.76,113.89,Fog,0.0,63.3
2025-07-11,Hamburg to Amsterdam,TRK_0015,1072.6,536.74,On-Time,3.0,1684.34,27.69,Fog,0.0,68.9
2025-06-05,Hamburg to Amsterdam,TRK_0048,1053.5,596.13,Delayed,3.1,1473.48,116.6,Snow,94.85,25.1
2025-07-17,Prague to Vienna,TRK_0014,386.7,210.41,On-Time,2.6,664.8,29.82,Snow,0.0,62.7
2025-09-30,Brussels to Paris,TRK_0029,1050.5,515.66,On-Time,3.7,1568.66,42.98,Fog,0.0,88.1
2026-01-17,Vienna to Budapest,TRK_0003,1077.8,528.03,On-Time,4.6,1553.19,64.83,Clear,0.0,49.5
2025-03-17,Paris to Lyon,TRK_0004,1158.4,610.5,Delayed,4.7,1359.88,80.97,Fog,87.64,83.7
2025-02-26,Milan to Zurich,TRK_0044,443.2,190.18,On-Time,4.0,532.49,74.41,Fog,0.0,39.8
2025-04-11,Milan to Zurich,TRK_0016,453.7,207.96,On-Time,3.3,690.61,53.98,Fog,0.0,63.6
2025-04-18,Warsaw to Berlin,TRK_0022,1048.8,577.12,On-Time,4.2,1577.19,34.5,Fog,0.0,27.1
2025-07-26,Berlin to Hamburg,TRK_0034,483.8,228.43,Delayed,4.6,710.3,86.42,Clear,240.04,68.8
2025-05-03,Krakow to Bratislava,TRK_0047,602.4,322.13,Delayed,3.7,814.87,77.81,Snow,243.19,32.5
2026-01-13,Zurich to Munich,TRK_0014,993.4,525.67,On-Time,3.3,1630.34,96.74,Clear,0.0,60.7
2025-02-03,Warsaw to Berlin,TRK_0049,1016.8,559.48,On-Time,4.7,1826.29,43.07,Fog,0.0,27.6
2025-08-21,Vienna to Budapest,TRK_0034,1138.0,555.73,On-Time,3.2,1922.65,99.58,Rain,0.0,43.6
2026-01-29,Berlin to Hamburg,TRK_0023,477.9,247.13,On-Time,4.2,822.54,107.15,Rain,0.0,60.0
2025-09-21,Amsterdam to Brussels,TRK_0004,431.7,191.07,On-Time,3.8,617.05,97.52,Snow,0.0,42.9
2025-02-12,Berlin to Hamburg,TRK_0028,504.0,242.23,On-Time,4.9,845.87,108.32,Snow,0.0,97.7
2025-10-28,Warsaw to Berlin,TRK_0014,973.9,453.1,On-Time,4.7,1253.47,103.7,Snow,0.0,36.3
2025-11-14,Lyon to Milan,TRK_0040,867.5,416.98,On-Time,4.1,1404.64,78.74,Fog,0.0,52.8
2025-04-23,Amsterdam to Brussels,TRK_0002,468.6,201.35,On-Time,3.5,512.27,15.34,Rain,0.0,27.1
2025-11-02,Amsterdam to Brussels,TRK_0042,436.6,218.39,On-Time,4.5,674.26,36.89,Rain,0.0,26.9
2025-03-16,Amsterdam to Brussels,TRK_0041,447.5,217.08,On-Time,2.6,513.7,23.23,Rain,0.0,76.1
2026-01-24,Milan to Zurich,TRK_0045,433.9,225.33,Delayed,3.8,532.18,87.78,Rain,234.71,29.1
2025-06-27,Hamburg to Amsterdam,TRK_0020,1080.6,563.45,On-Time,4.4,1595.15,61.94,Rain,0.0,67.8
2025-09-27,Prague to Vienna,TRK_0048,366.4,192.52,On-Time,3.8,449.82,105.09,Rain,0.0,60.5
2025-12-14,Lyon to Milan,TRK_0013,909.4,442.43,On-Time,4.0,1472.63,25.34,Snow,0.0,38.5
2025-07-05,Brussels to Paris,TRK_0024,1038.6,500.63,On-Time,4.3,1320.41,50.54,Clear,0.0,42.8
2025-09-20,Amsterdam to Brussels,TRK_0008,450.5,245.82,On-Time,3.3,777.84,62.62,Clear,0.0,74.3
2025-06-23,Milan to Zurich,TRK_0001,448.2,211.02,On-Time,2.8,659.84,49.16,Clear,0.0,62.3
2025-03-11,Budapest to Bucharest,TRK_0042,617.6,287.69,On-Time,2.6,981.77,58.36,Snow,0.0,50.3
2025-06-30,Paris to Lyon,TRK_0039,1141.2,595.37,On-Time,3.8,1974.51,68.32,Rain,0.0,73.5
2025-08-17,Lyon to Milan,TRK_0029,892.5,458.67,On-Time,4.8,1170.97,75.31,Rain,0.0,52.0
2025-12-29,Prague to Vienna,TRK_0008,364.4,187.8,On-Time,4.5,473.78,77.59,Clear,0.0,26.2
2025-02-01,Budapest to Bucharest,TRK_0046,654.6,354.22,On-Time,4.6,1041.39,92.41,Fog,0.0,90.4
2026-01-04,Krakow to Bratislava,TRK_0007,573.7,264.5,On-Time,4.1,749.9,31.17,Snow,0.0,67.8
2025-06-25,Zurich to Munich,TRK_0002,922.4,440.81,On-Time,4.5,1185.02,28.01,Rain,0.0,91.5
2025-03-20,Prague to Vienna,TRK_0032,381.7,171.44,Delayed,3.2,459.14,26.88,Rain,126.97,61.2
2025-11-23,Warsaw to Berlin,TRK_0004,987.8,514.8,On-Time,3.2,1370.57,116.16,Snow,0.0,92.4
2026-02-15,Berlin to Prague,TRK_0012,460.5,248.46,On-Time,3.4,859.95,84.09,Fog,0.0,55.3
2025-01-28,Milan to Zurich,TRK_0036,451.4,193.02,On-Time,4.4,447.64,67.79,Clear,0.0,46.4
2025-02-10,Berlin to Prague,TRK_0031,458.0,213.97,On-Time,2.9,644.79,75.8,Rain,0.0,41.3
2025-10-12,Zurich to Munich,TRK_0025,910.7,505.1,On-Time,2.7,1557.71,18.78,Snow,0.0,72.2
2025-01-13,Warsaw to Berlin,TRK_0006,990.8,520.11,On-Time,2.7,1394.03,36.48,Clear,0.0,36.8
2025-05-26,Warsaw to Berlin,TRK_0004,1015.2,477.4,On-Time,3.0,1404.45,40.51,Clear,0.0,38.5
2025-01-02,Brussels to Paris,TRK_0043,1082.6,547.75,On-Time,4.9,1913.05,21.59,Rain,0.0,63.6
2025-05-26,Hamburg to Amsterdam,TRK_0029,1059.8,575.76,On-Time,3.1,1926.82,107.47,Rain,0.0,79.0
2025-10-06,Budapest to Bucharest,TRK_0015,631.8,269.37,On-Time,3.5,694.9,44.2,Fog,0.0,47.4
2025-01-16,Berlin to Hamburg,TRK_0017,499.3,235.31,Delayed,3.7,768.65,57.68,Fog,180.96,72.5
2025-09-23,Brussels to Paris,TRK_0006,1062.1,548.03,On-Time,4.0,1325.9,55.76,Fog,0.0,73.5
2025-06-06,Krakow to Bratislava,TRK_0017,596.2,288.28,On-Time,3.3,668.64,49.34,Fog,0.0,54.4
2025-12-01,Vienna to Budapest,TRK_0010,1121.8,455.29,On-Time,4.5,1450.88,103.92,Fog,0.0,44.6
2025-10-29,Krakow to Bratislava,TRK_0025,573.3,311.93,On-Time,2.8,1086.22,34.12,Rain,0.0,67.1
2026-02-09,Vienna to Budapest,TRK_0010,1127.3,621.0,On-Time,3.2,1818.44,29.42,Clear,0.0,41.5
2025-04-17,Berlin to Hamburg,TRK_0015,502.2,237.61,On-Time,4.3,585.68,58.44,Snow,0.0,76.6
2025-09-24,Berlin to Hamburg,TRK_0021,492.1,206.5,On-Time,4.0,638.59,110.9,Snow,0.0,74.3
2025-08-19,Krakow to Bratislava,TRK_0043,586.8,313.8,On-Time,4.5,895.32,73.97,Clear,0.0,29.0
2025-06-30,Berlin to Prague,TRK_0022,480.2,210.92,On-Time,4.1,535.63,41.82,Snow,0.0,40.7
2025-08-01,Prague to Vienna,TRK_0015,373.8,163.68,On-Time,3.4,547.94,98.96,Rain,0.0,28.1
2025-05-30,Berlin to Prague,TRK_0010,486.3,235.35,On-Time,2.7,630.56,20.32,Snow,0.0,31.0
2025-10-22,Amsterdam to Brussels,TRK_0006,475.4,243.53,Delayed,3.4,654.19,25.63,Rain,133.82,87.2
2025-06-13,Hamburg to Amsterdam,TRK_0004,1058.5,460.0,On-Time,3.0,1348.47,106.14,Fog,0.0,90.6
2025-07-30,Vienna to Budapest,TRK_0046,1074.2,532.53,On-Time,4.4,1260.77,36.47,Clear,0.0,25.1
2025-01-21,Lyon to Milan,TRK_0048,908.5,512.4,On-Time,2.6,1227.93,78.33,Snow,0.0,50.5
2025-12-02,Milan to Zurich,TRK_0050,457.4,239.04,On-Time,4.0,629.6,28.93,Clear,0.0,76.3
2025-06-29,Amsterdam to Brussels,TRK_0040,450.8,256.64,On-Time,4.8,732.69,35.34,Snow,0.0,93.8
2025-01-04,Berlin to Hamburg,TRK_0041,491.0,271.96,Delayed,2.6,625.47,77.51,Rain,232.51,96.4
2025-02-25,Hamburg to Amsterdam,TRK_0026,1113.7,548.53,On-Time,3.6,1408.23,61.94,Rain,0.0,28.2
2025-05-06,Amsterdam to Brussels,TRK_0006,437.0,214.81,Delayed,3.6,570.71,104.87,Rain,117.68,54.3
2025-07-31,Warsaw to Krakow,TRK_0023,600.6,268.18,On-Time,3.3,642.22,62.97,Rain,0.0,90.3
2025-12-12,Krakow to Bratislava,TRK_0016,585.5,259.82,On-Time,3.3,574.21,108.37,Snow,0.0,90.9
2025-12-17,Hamburg to Amsterdam,TRK_0028,1102.6,478.56,On-Time,2.7,1097.0,33.67,Clear,0.0,87.0
2025-08-21,Amsterdam to Brussels,TRK_0045,440.5,189.77,On-Time,3.0,615.71,94.83,Rain,0.0,26.2
2025-07-09,Hamburg to Amsterdam,TRK_0018,1079.9,518.22,Delayed,4.7,1362.97,100.86,Fog,178.89,38.7
2025-02-25,Hamburg to Amsterdam,TRK_0046,1073.9,453.06,On-Time,3.5,1307.9,50.1,Snow,0.0,79.0
2025-10-21,Prague to Vienna,TRK_0002,383.3,191.36,On-Time,2.7,597.64,72.16,Clear,0.0,81.9
2025-02-20,Amsterdam to Brussels,TRK_0004,441.3,216.05,On-Time,3.1,592.33,95.22,Clear,0.0,48.0
2025-12-29,Warsaw to Krakow,TRK_0050,612.0,289.27,Delayed,3.9,839.56,44.59,Fog,211.08,44.2
2025-08-19,Warsaw to Berlin,TRK_0029,1018.0,483.4,Delayed,4.9,1232.87,21.46,Rain,137.97,76.1
2025-11-15,Hamburg to Amsterdam,TRK_0011,1148.0,570.03,On-Time,4.8,1861.54,93.21,Clear,0.0,57.8
2025-10-04,Krakow to Bratislava,TRK_0024,579.7,285.85,On-Time,3.4,663.95,114.94,Rain,0.0,95.7
2026-02-01,Vienna to Budapest,TRK_0037,1056.9,589.33,On-Time,4.3,1980.28,76.91,Fog,0.0,69.3
2025-10-08,Vienna to Budapest,TRK_0013,1133.1,509.43,On-Time,3.4,1546.96,17.93,Snow,0.0,77.8
2025-01-23,Warsaw to Krakow,TRK_0025,612.3,306.39,On-Time,3.4,733.5,92.71,Rain,0.0,93.0
2025-07-08,Warsaw to Berlin,TRK_0030,1020.5,588.29,On-Time,2.5,1493.81,33.89,Clear,0.0,59.2
2025-11-28,Krakow to Bratislava,TRK_0021,557.6,280.59,Delayed,4.2,675.7,17.74,Rain,246.29,85.6
2025-12-03,Lyon to Milan,TRK_0025,929.8,463.65,On-Time,4.7,1032.07,27.34,Rain,0.0,56.8
2025-01-02,Brussels to Paris,TRK_0038,997.0,469.24,On-Time,2.7,1317.42,20.14,Rain,0.0,97.6
2025-09-13,Krakow to Bratislava,TRK_0045,587.6,279.97,On-Time,4.2,867.18,63.49,Fog,0.0,87.1
2026-02-06,Berlin to Prague,TRK_0004,453.7,209.89,On-Time,2.8,723.39,26.04,Snow,0.0,56.2
2025-12-02,Paris to Lyon,TRK_0050,1119.1,527.58,On-Time,3.6,1596.7,115.98,Snow,0.0,53.5
2026-02-13,Brussels to Paris,TRK_0037,1001.6,466.97,Delayed,4.7,1574.65,27.61,Rain,142.63,42.5
2026-01-09,Zurich to Munich,TRK_0037,976.8,452.72,On-Time,4.2,1098.81,19.71,Fog,0.0,51.1
2025-08-06,Paris to Lyon,TRK_0030,1082.0,567.46,On-Time,3.0,1647.76,72.85,Clear,0.0,60.8
2025-09-12,Hamburg to Amsterdam,TRK_0017,1098.4,593.44,On-Time,3.4,2065.39,112.49,Snow,0.0,72.8
2025-06-07,Hamburg to Amsterdam,TRK_0014,1074.8,519.34,On-Time,2.8,1379.3,96.17,Clear,0.0,69.6
2025-02-01,Krakow to Bratislava,TRK_0045,600.7,292.81,Delayed,4.5,686.79,24.35,Fog,243.57,67.0
2025-04-18,Vienna to Budapest,TRK_0024,1128.8,473.66,On-Time,3.7,1175.52,48.7,Fog,0.0,63.7
2025-09-21,Paris to Lyon,TRK_0048,1139.3,512.99,On-Time,2.9,1588.43,20.59,Snow,0.0,81.6
2025-09-09,Berlin to Hamburg,TRK_0017,492.2,222.18,On-Time,4.6,658.99,45.49,Snow,0.0,33.9
2025-04-29,Prague to Vienna,TRK_0037,386.3,164.05,On-Time,3.7,452.93,110.09,Clear,0.0,82.9
2025-10-18,Budapest to Bucharest,TRK_0042,642.7,331.56,On-Time,4.1,753.35,49.19,Fog,0.0,75.6
2025-09-11,Berlin to Hamburg,TRK_0047,505.8,248.39,On-Time,4.8,762.59,37.23,Snow,0.0,40.1
2025-05-07,Zurich to Munich,TRK_0033,972.7,415.31,On-Time,4.6,989.66,116.71,Rain,0.0,28.7
2025-05-20,Warsaw to Berlin,TRK_0033,1027.4,475.13,On-Time,3.6,1262.91,58.86,Snow,0.0,39.4
2025-10-23,Krakow to Bratislava,TRK_0007,580.1,325.11,On-Time,4.5,942.25,49.07,Fog,0.0,66.8
2025-05-20,Lyon to Milan,TRK_0015,946.4,455.8,On-Time,2.7,1427.52,16.64,Rain,0.0,87.6
2026-02-04,Amsterdam to Brussels,TRK_0048,452.8,220.44,On-Time,2.9,748.85,15.15,Clear,0.0,61.9
2025-11-24,Krakow to Bratislava,TRK_0040,584.4,321.69,On-Time,2.9,1062.15,80.9,Rain,0.0,52.0
2025-06-14,Hamburg to Amsterdam,TRK_0014,1082.7,542.69,Delayed,3.3,1546.3,104.78,Snow,157.87,53.9
2025-11-26,Milan to Zurich,TRK_0006,460.0,234.76,On-Time,2.9,573.66,102.38,Snow,0.0,91.3
2025-05-26,Prague to Vienna,TRK_0027,356.4,149.78,On-Time,4.3,483.93,80.41,Rain,0.0,35.5
2025-05-08,Budapest to Bucharest,TRK_0037,599.7,289.32,On-Time,4.2,722.66,55.42,Clear,0.0,92.0
2026-02-15,Zurich to Munich,TRK_0040,938.8,499.09,Delayed,4.2,1368.63,98.59,Rain,237.48,63.4
2025-02-09,Berlin to Hamburg,TRK_0004,495.8,237.34,On-Time,2.8,602.29,95.07,Clear,0.0,79.0
2025-01-01,Prague to Vienna,TRK_0011,367.2,158.48,Delayed,3.8,535.2,50.43,Snow,192.96,31.3
2026-01-10,Budapest to Bucharest,TRK_0022,607.1,261.57,On-Time,4.3,579.65,69.38,Clear,0.0,49.0
2025-08-09,Lyon to Milan,TRK_0045,942.4,459.96,On-Time,4.2,1446.64,72.62,Clear,0.0,76.4
2025-04-01,Lyon to Milan,TRK_0048,890.2,371.2,On-Time,2.8,1147.47,83.29,Rain,0.0,66.6
2025-11-08,Hamburg to Amsterdam,TRK_0018,1061.3,428.11,Delayed,4.5,1476.95,87.8,Fog,233.22,67.4
2025-10-25,Budapest to Bucharest,TRK_0008,653.4,291.84,On-Time,4.6,953.45,18.21,Fog,0.0,47.0
2025-01-22,Warsaw to Berlin,TRK_0010,1016.0,477.77,On-Time,4.0,1363.63,115.84,Fog,0.0,54.4
2025-11-16,Hamburg to Amsterdam,TRK_0020,1057.0,517.25,On-Time,4.0,1304.24,55.49,Snow,0.0,94.3
2025-02-22,Budapest to Bucharest,TRK_0027,659.8,341.01,On-Time,4.9,835.07,30.7,Clear,0.0,65.9
2025-01-14,Berlin to Prague,TRK_0007,449.6,236.69,On-Time,3.4,775.74,71.03,Rain,0.0,89.8
2025-05-01,Prague to Vienna,TRK_0019,376.6,220.06,On-Time,2.9,691.98,92.15,Snow,0.0,53.8
2025-07-21,Milan to Zurich,TRK_0031,420.6,204.12,Delayed,2.8,514.58,102.68,Snow,107.02,64.2
2025-08-14,Milan to Zurich,TRK_0003,436.7,200.16,Delayed,4.8,491.85,119.25,Fog,188.76,91.4
2025-08-07,Krakow to Bratislava,TRK_0046,601.7,306.5,On-Time,4.7,873.21,105.64,Clear,0.0,27.9
2025-11-29,Prague to Vienna,TRK_0022,386.0,185.23,On-Time,3.0,416.13,98.09,Clear,0.0,26.4
2025-12-11,Amsterdam to Brussels,TRK_0049,463.7,244.31,On-Time,3.7,847.03,51.19,Rain,0.0,56.6
2025-05-29,Krakow to Bratislava,TRK_0005,592.2,301.68,On-Time,4.0,854.06,103.62,Rain,0.0,67.4
2025-06-13,Prague to Vienna,TRK_0045,364.5,195.07,Delayed,4.8,575.36,110.32,Rain,244.94,70.7
2026-02-02,Hamburg to Amsterdam,TRK_0030,1120.7,546.8,On-Time,4.8,1397.87,83.32,Rain,0.0,50.7
2025-08-22,Brussels to Paris,TRK_0050,1014.0,507.23,On-Time,2.7,1169.08,59.77,Rain,0.0,74.2
2025-11-30,Warsaw to Krakow,TRK_0013,585.0,311.49,On-Time,4.5,1083.5,119.65,Clear,0.0,61.2
2025-07-11,Paris to Lyon,TRK_0001,1114.5,641.12,On-Time,4.1,1918.39,98.2,Fog,0.0,39.4
2025-06-27,Krakow to Bratislava,TRK_0030,578.3,290.3,On-Time,3.1,991.28,100.25,Snow,0.0,30.3
2026-02-04,Hamburg to Amsterdam,TRK_0017,1079.7,535.18,Delayed,3.4,1408.94,25.59,Rain,200.36,79.2
2025-11-10,Warsaw to Krakow,TRK_0005,587.6,275.61,On-Time,2.8,874.22,112.0,Clear,0.0,26.9
2025-07-30,Budapest to Bucharest,TRK_0032,621.1,343.97,On-Time,3.6,936.45,52.33,Clear,0.0,93.8
2025-06-21,Warsaw to Berlin,TRK_0047,979.1,476.8,On-Time,2.9,1196.02,29.1,Fog,0.0,86.6
2026-02-07,Milan to Zurich,TRK_0030,459.2,209.42,On-Time,4.6,507.68,81.5,Clear,0.0,35.2
2025-02-11,Berlin to Prague,TRK_0029,481.9,270.39,On-Time,3.9,675.73,114.18,Snow,0.0,74.3
2026-01-15,Milan to Zurich,TRK_0044,449.9,259.01,Delayed,4.8,718.39,48.3,Fog,121.51,87.5
2026-02-23,Berlin to Prague,TRK_0014,444.9,241.89,On-Time,5.0,814.44,119.61,Fog,0.0,36.8
2025-05-04,Milan to Zurich,TRK_0004,436.0,237.79,On-Time,3.1,779.88,17.81,Clear,0.0,62.2
2025-01-10,Paris to Lyon,TRK_0016,1098.9,528.75,Delayed,2.6,1193.86,22.11,Rain,131.77,76.6
2025-01-13,Berlin to Prague,TRK_0035,461.6,197.53,On-Time,3.6,575.84,70.96,Rain,0.0,38.4
2025-02-02,Amsterdam to Brussels,TRK_0019,458.8,240.82,Delayed,4.2,831.18,44.41,Snow,192.93,43.7
2026-01-06,Budapest to Bucharest,TRK_0014,618.7,270.8,Delayed,2.6,603.09,103.56,Clear,91.16,70.9
2025-02-26,Berlin to Prague,TRK_0013,451.7,233.05,On-Time,3.3,527.05,64.6,Rain,0.0,75.0
2025-03-07,Vienna to Budapest,TRK_0044,1119.7,555.49,On-Time,3.7,1696.48,66.36,Clear,0.0,76.9
2026-02-14,Amsterdam to Brussels,TRK_0049,471.8,237.1,On-Time,3.9,783.3,62.67,Fog,0.0,59.8
2025-08-13,Milan to Zurich,TRK_0024,419.8,203.57,Delayed,4.5,608.35,23.82,Rain,184.5,72.0
2026-02-14,Warsaw to Berlin,TRK_0011,981.7,434.26,On-Time,4.0,1135.51,92.62,Fog,0.0,92.8
2026-02-18,Brussels to Paris,TRK_0006,1066.6,538.08,On-Time,3.8,1812.51,18.22,Fog,0.0,81.9
2026-01-08,Warsaw to Berlin,TRK_0044,978.7,454.61,On-Time,4.5,1301.55,80.08,Clear,0.0,81.0
2025-10-04,Warsaw to Krakow,TRK_0041,584.3,259.01,On-Time,3.2,672.74,35.08,Rain,0.0,67.6
2025-08-18,Brussels to Paris,TRK_0006,1048.6,525.21,On-Time,3.3,1442.55,62.89,Rain,0.0,96.3
2026-01-14,Brussels to Paris,TRK_0030,997.7,467.67,On-Time,3.0,1446.42,51.37,Snow,0.0,77.5
2026-01-22,Brussels to Paris,TRK_0015,1023.2,499.28,Delayed,4.4,1694.51,89.36,Fog,157.53,76.0
2025-09-15,Hamburg to Amsterdam,TRK_0034,1156.1,617.44,On-Time,4.7,1467.07,117.21,Clear,0.0,80.6
2025-01-17,Warsaw to Berlin,TRK_0048,999.5,463.38,On-Time,2.6,1474.9,47.59,Clear,0.0,97.1
2026-02-05,Budapest to Bucharest,TRK_0012,624.8,309.63,On-Time,4.2,1040.44,44.35,Clear,0.0,94.5
2025-06-09,Krakow to Bratislava,TRK_0036,572.7,249.63,On-Time,2.9,689.83,95.81,Snow,0.0,85.1
2025-09-12,Paris to Lyon,TRK_0004,1081.3,530.55,Delayed,2.5,1248.23,63.63,Clear,119.26,36.5
2025-08-26,Warsaw to Berlin,TRK_0050,1023.4,489.77,On-Time,3.7,1163.2,103.21,Fog,0.0,81.4
2025-10-17,Milan to Zurich,TRK_0040,438.2,237.13,On-Time,2.6,587.59,96.46,Snow,0.0,83.3
2025-04-27,Berlin to Prague,TRK_0033,478.0,234.62,On-Time,4.8,691.06,42.42,Rain,0.0,45.7
2025-01-12,Milan to Zurich,TRK_0019,440.2,212.58,On-Time,2.7,585.4,117.65,Rain,0.0,34.9
2025-02-12,Zurich to Munich,TRK_0017,940.4,435.69,On-Time,2.8,1221.17,77.44,Fog,0.0,29.2
2025-05-06,Vienna to Budapest,TRK_0018,1153.8,525.71,On-Time,3.4,1417.17,86.68,Snow,0.0,27.1
2026-02-21,Warsaw to Krakow,TRK_0045,582.6,240.89,On-Time,2.9,568.62,101.27,Snow,0.0,33.0
2025-02-04,Amsterdam to Brussels,TRK_0008,469.3,256.32,Delayed,2.5,598.05,92.39,Rain,88.97,27.4
2025-03-07,Berlin to Prague,TRK_0012,486.2,212.54,On-Time,4.5,588.54,118.56,Rain,0.0,79.6
2025-07-07,Hamburg to Amsterdam,TRK_0013,1078.1,509.56,Delayed,4.6,1193.02,86.97,Snow,125.92,35.3
2026-02-10,Berlin to Prague,TRK_0045,465.6,236.97,On-Time,4.4,828.4,48.26,Rain,0.0,54.3
2025-03-07,Brussels to Paris,TRK_0047,1055.0,429.34,On-Time,4.0,1420.14,47.65,Clear,0.0,38.4
2025-04-09,Vienna to Budapest,TRK_0009,1092.1,490.8,On-Time,2.6,1211.36,85.31,Snow,0.0,88.9
2025-03-29,Hamburg to Amsterdam,TRK_0033,1052.1,487.03,On-Time,4.7,1524.84,68.39,Fog,0.0,84.0
2025-07-04,Lyon to Milan,TRK_0017,934.3,404.31,On-Time,4.3,1138.28,66.31,Snow,0.0,45.8
2025-05-21,Krakow to Bratislava,TRK_0037,564.4,255.57,On-Time,4.5,578.47,15.91,Rain,0.0,53.5
2025-10-07,Prague to Vienna,TRK_0028,392.3,193.62,On-Time,3.0,542.41,38.93,Snow,0.0,90.9
2025-05-29,Lyon to Milan,TRK_0042,897.1,414.96,Delayed,4.6,926.05,31.5,Snow,123.06,96.4
2026-01-10,Amsterdam to Brussels,TRK_0013,451.1,197.76,On-Time,5.0,654.74,100.5,Rain,0.0,86.5
2026-01-16,Berlin to Hamburg,TRK_0017,468.9,227.56,Delayed,4.2,764.73,25.94,Fog,130.43,34.1
2025-07-21,Warsaw to Berlin,TRK_0050,975.6,476.11,On-Time,4.2,1476.09,76.37,Rain,0.0,74.2
2025-11-02,Zurich to Munich,TRK_0033,957.0,557.28,On-Time,3.9,1338.52,112.09,Fog,0.0,31.6
2025-09-13,Zurich to Munich,TRK_0038,931.5,425.63,On-Time,3.3,1322.96,109.06,Snow,0.0,86.5
2026-01-11,Zurich to Munich,TRK_0033,917.4,416.5,Delayed,4.3,1072.18,91.43,Rain,154.71,32.8
2025-04-28,Milan to Zurich,TRK_0009,423.4,231.87,Delayed,4.0,573.01,105.56,Rain,160.89,32.5
2025-07-29,Paris to Lyon,TRK_0018,1056.0,584.16,On-Time,4.8,1540.58,53.49,Clear,0.0,36.9
2025-07-13,Hamburg to Amsterdam,TRK_0015,1057.6,428.76,Delayed,2.8,1427.89,28.78,Rain,86.44,81.6
2025-05-30,Brussels to Paris,TRK_0044,1025.2,512.09,On-Time,4.9,1757.28,61.45,Fog,0.0,60.8
2026-02-11,Prague to Vienna,TRK_0018,364.0,172.69,On-Time,4.4,563.99,119.45,Fog,0.0,39.1
2026-02-08,Paris to Lyon,TRK_0009,1101.4,605.52,On-Time,3.9,1394.97,115.64,Clear,0.0,28.0
2025-03-12,Warsaw to Berlin,TRK_0025,1003.0,474.33,On-Time,4.1,1198.53,119.65,Fog,0.0,94.8
2025-10-19,Lyon to Milan,TRK_0043,897.3,496.25,On-Time,3.7,1324.76,52.43,Rain,0.0,33.1
2025-01-14,Prague to Vienna,TRK_0023,356.4,166.19,On-Time,3.1,509.35,74.68,Snow,0.0,28.8
2025-11-15,Milan to Zurich,TRK_0014,427.3,219.44,On-Time,5.0,657.44,118.83,Snow,0.0,93.7
2026-01-15,Hamburg to Amsterdam,TRK_0020,1086.3,606.62,On-Time,3.6,2054.13,54.18,Clear,0.0,63.4
2025-07-30,Paris to Lyon,TRK_0035,1054.7,524.41,Delayed,3.9,1582.0,23.97,Rain,240.44,33.9
2025-10-27,Budapest to Bucharest,TRK_0049,621.4,313.7,On-Time,3.9,1005.14,28.8,Rain,0.0,30.5
2025-06-17,Zurich to Munich,TRK_0040,980.7,513.1,On-Time,2.8,1369.47,97.9,Clear,0.0,39.4
2025-04-11,Milan to Zurich,TRK_0001,458.1,205.65,On-Time,2.5,614.18,113.59,Fog,0.0,49.5
2025-03-28,Budapest to Bucharest,TRK_0047,607.1,252.43,On-Time,4.1,694.22,83.21,Fog,0.0,48.7
2025-12-16,Warsaw to Krakow,TRK_0035,627.0,263.95,On-Time,3.3,595.48,79.95,Fog,0.0,37.8
2025-05-08,Krakow to Bratislava,TRK_0026,585.1,275.54,Delayed,3.6,727.66,71.72,Clear,128.97,75.4
2025-01-21,Lyon to Milan,TRK_0020,950.5,440.33,On-Time,3.3,995.05,115.22,Snow,0.0,91.2
2025-03-16,Berlin to Hamburg,TRK_0007,510.5,222.0,On-Time,4.7,736.11,109.95,Clear,0.0,56.1
2026-01-02,Zurich to Munich,TRK_0049,942.3,395.88,On-Time,4.2,1216.78,87.97,Snow,0.0,63.9
2025-08-17,Amsterdam to Brussels,TRK_0018,434.7,204.78,On-Time,4.8,572.37,30.88,Fog,0.0,46.1
2025-02-16,Berlin to Hamburg,TRK_0033,498.1,249.04,On-Time,3.3,695.04,20.5,Rain,0.0,45.3
2025-04-19,Krakow to Bratislava,TRK_0008,591.9,288.98,On-Time,2.9,971.55,118.13,Fog,0.0,64.9
2025-05-19,Warsaw to Berlin,TRK_0029,983.2,486.43,On-Time,2.7,1391.99,61.94,Fog,0.0,82.4
2025-04-02,Zurich to Munich,TRK_0028,972.8,508.5,On-Time,4.4,1740.4,38.16,Rain,0.0,59.3
2025-04-17,Lyon to Milan,TRK_0022,907.7,399.1,On-Time,3.0,915.57,104.53,Clear,0.0,27.0
2026-02-04,Berlin to Hamburg,TRK_0022,499.9,256.03,On-Time,3.4,610.48,47.02,Snow,0.0,81.6
2025-07-14,Warsaw to Berlin,TRK_0002,1012.1,561.4,On-Time,3.3,1593.5,71.46,Fog,0.0,72.7
2025-01-24,Vienna to Budapest,TRK_0045,1057.0,537.0,On-Time,4.9,1755.11,57.59,Rain,0.0,34.1
2025-09-21,Krakow to Bratislava,TRK_0021,591.4,297.63,On-Time,5.0,826.5,90.61,Fog,0.0,84.6
2025-01-15,Berlin to Hamburg,TRK_0048,506.8,221.01,On-Time,3.4,725.14,97.65,Rain,0.0,88.6
2025-01-17,Lyon to Milan,TRK_0004,887.8,461.91,On-Time,5.0,1551.68,44.79,Fog,0.0,65.9
2025-02-12,Paris to Lyon,TRK_0043,1123.2,577.22,On-Time,4.3,1597.55,106.87,Snow,0.0,90.1
2025-12-29,Lyon to Milan,TRK_0032,889.9,373.72,On-Time,4.6,1034.56,27.8,Rain,0.0,46.2
2025-10-04,Berlin to Hamburg,TRK_0047,482.5,223.28,On-Time,3.1,509.65,26.43,Fog,0.0,37.6
2025-04-17,Budapest to Bucharest,TRK_0046,642.7,298.42,Delayed,4.3,880.07,76.45,Rain,100.85,66.1
2025-01-13,Berlin to Hamburg,TRK_0001,501.8,240.17,Delayed,4.2,618.75,43.68,Snow,236.91,50.6
2025-08-21,Berlin to Prague,TRK_0031,457.7,228.88,On-Time,3.7,710.55,56.01,Snow,0.0,48.0
2025-10-08,Milan to Zurich,TRK_0038,427.2,174.62,On-Time,4.3,468.29,83.56,Fog,0.0,92.2
2026-02-24,Berlin to Hamburg,TRK_0043,504.4,234.83,On-Time,3.6,639.0,41.43,Fog,0.0,28.4
2025-06-30,Warsaw to Berlin,TRK_0009,1004.0,500.28,On-Time,4.0,1302.78,107.45,Rain,0.0,30.2
2025-07-06,Budapest to Bucharest,TRK_0004,635.6,312.61,Delayed,3.9,885.92,30.08,Snow,130.84,45.1
2025-03-27,Krakow to Bratislava,TRK_0001,553.6,274.75,Delayed,4.7,665.23,101.82,Fog,213.22,41.9
2025-09-27,Lyon to Milan,TRK_0028,924.8,395.43,On-Time,3.3,1312.47,60.34,Clear,0.0,42.9
2026-02-14,Budapest to Bucharest,TRK_0006,615.0,282.24,On-Time,3.9,950.33,40.39,Clear,0.0,90.5
2025-02-25,Lyon to Milan,TRK_0008,941.5,395.13,On-Time,3.8,1035.4,69.92,Snow,0.0,52.1
2025-12-23,Warsaw to Krakow,TRK_0019,579.2,267.69,On-Time,3.5,748.11,41.56,Fog,0.0,76.6
2025-09-25,Warsaw to Krakow,TRK_0014,574.4,281.39,On-Time,4.1,785.97,112.17,Rain,0.0,49.0
2025-07-23,Zurich to Munich,TRK_0028,965.2,495.37,On-Time,4.5,1439.24,99.59,Snow,0.0,76.9
2026-01-17,Krakow to Bratislava,TRK_0035,587.5,267.02,On-Time,3.3,824.36,109.92,Clear,0.0,68.8
2026-01-19,Berlin to Prague,TRK_0038,476.8,250.99,On-Time,3.6,748.85,81.55,Fog,0.0,76.4
2025-03-28,Vienna to Budapest,TRK_0038,1097.2,630.64,On-Time,3.6,2092.47,102.83,Fog,0.0,95.5
2025-08-23,Krakow to Bratislava,TRK_0013,576.9,301.95,On-Time,2.7,1008.83,28.77,Fog,0.0,84.4
2025-11-07,Warsaw to Berlin,TRK_0049,1022.0,534.01,On-Time,4.2,1263.13,15.95,Fog,0.0,36.6
2025-03-07,Lyon to Milan,TRK_0008,940.7,408.92,Delayed,3.2,1086.66,98.63,Rain,220.46,84.5
2026-01-06,Krakow to Bratislava,TRK_0018,588.9,244.35,On-Time,3.5,738.38,39.76,Rain,0.0,96.9
2025-06-30,Hamburg to Amsterdam,TRK_0003,1066.0,449.9,Delayed,3.1,1304.71,115.21,Clear,119.95,72.0
2025-06-10,Milan to Zurich,TRK_0021,443.2,208.58,On-Time,4.7,475.49,107.84,Snow,0.0,38.8
2025-06-27,Berlin to Hamburg,TRK_0004,481.2,228.05,On-Time,4.3,574.86,34.33,Clear,0.0,87.4
2025-11-24,Amsterdam to Brussels,TRK_0037,467.2,194.72,Delayed,4.8,479.57,17.53,Clear,159.57,32.0
2025-10-13,Vienna to Budapest,TRK_0012,1128.7,547.09,On-Time,4.4,1551.36,81.11,Rain,0.0,60.7
2025-07-01,Budapest to Bucharest,TRK_0022,627.3,256.7,On-Time,4.9,677.38,47.55,Clear,0.0,46.0
2025-02-19,Zurich to Munich,TRK_0012,943.5,439.22,On-Time,4.0,1422.29,75.6,Rain,0.0,69.3
2025-04-02,Paris to Lyon,TRK_0030,1058.3,435.6,Delayed,4.1,1075.93,41.74,Rain,188.22,66.6
2025-08-12,Berlin to Hamburg,TRK_0011,497.8,279.47,On-Time,3.3,680.57,45.24,Fog,0.0,59.5
2025-04-21,Zurich to Munich,TRK_0046,985.7,404.23,On-Time,4.7,1005.47,111.49,Clear,0.0,35.8
2025-08-15,Amsterdam to Brussels,TRK_0023,442.3,219.41,On-Time,4.8,753.37,99.21,Clear,0.0,82.7
2025-02-15,Brussels to Paris,TRK_0027,1009.4,487.0,On-Time,4.6,1528.27,49.15,Clear,0.0,28.3
2026-01-03,Milan to Zurich,TRK_0018,428.1,218.96,On-Time,3.2,541.56,31.84,Fog,0.0,67.9
2025-05-10,Prague to Vienna,TRK_0010,382.1,214.78,On-Time,3.7,514.47,111.58,Fog,0.0,54.1
2025-09-14,Warsaw to Krakow,TRK_0016,579.4,302.48,On-Time,4.7,840.85,72.26,Fog,0.0,32.8
2025-11-05,Vienna to Budapest,TRK_0014,1113.5,481.14,Delayed,2.6,1096.04,59.41,Rain,138.16,78.4
2025-08-06,Berlin to Hamburg,TRK_0042,513.2,260.6,On-Time,3.5,735.74,73.04,Snow,0.0,95.4
2025-12-01,Vienna to Budapest,TRK_0002,1085.6,580.87,On-Time,4.3,1897.16,52.14,Fog,0.0,87.5
2025-09-28,Milan to Zurich,TRK_0019,450.9,222.24,On-Time,3.3,623.43,66.98,Snow,0.0,96.0
2026-01-23,Milan to Zurich,TRK_0005,460.5,230.31,On-Time,3.7,677.01,55.59,Snow,0.0,91.7
2025-07-29,Lyon to Milan,TRK_0021,900.0,427.42,On-Time,4.8,1067.38,37.99,Snow,0.0,36.2
2025-10-19,Paris to Lyon,TRK_0026,1082.7,465.13,Delayed,2.9,1610.28,28.43,Clear,204.5,49.7
2025-09-03,Brussels to Paris,TRK_0038,1028.3,521.88,Delayed,3.7,1428.48,43.67,Snow,104.47,56.4
2025-04-20,Prague to Vienna,TRK_0004,379.5,185.74,On-Time,3.7,451.83,73.75,Clear,0.0,26.2
2026-02-03,Warsaw to Krakow,TRK_0013,608.3,294.61,On-Time,4.0,711.79,81.99,Clear,0.0,31.3
2025-12-11,Zurich to Munich,TRK_0043,935.5,414.34,On-Time,3.7,1144.52,82.87,Snow,0.0,39.5
2025-01-28,Berlin to Hamburg,TRK_0035,493.9,247.53,On-Time,3.7,691.92,80.49,Clear,0.0,94.4
2025-08-13,Prague to Vienna,TRK_0033,367.9,191.94,On-Time,3.3,562.5,60.3,Clear,0.0,74.6
2025-10-17,Budapest to Bucharest,TRK_0041,612.7,273.71,On-Time,3.4,861.48,70.58,Snow,0.0,67.3
2025-06-21,Krakow to Bratislava,TRK_0041,558.6,254.75,On-Time,4.4,608.92,99.76,Rain,0.0,48.9
2026-01-12,Berlin to Hamburg,TRK_0011,479.5,268.14,On-Time,4.8,875.76,78.6,Rain,0.0,59.6
2025-01-29,Brussels to Paris,TRK_0047,1018.1,486.48,On-Time,3.1,1229.25,107.17,Fog,0.0,55.4
2025-02-23,Warsaw to Krakow,TRK_0003,576.0,315.72,On-Time,2.7,714.37,54.73,Fog,0.0,37.3
2026-02-21,Krakow to Bratislava,TRK_0036,592.9,316.87,On-Time,4.9,950.89,32.79,Snow,0.0,69.1
2025-05-11,Lyon to Milan,TRK_0002,884.9,497.61,On-Time,4.1,1148.68,115.49,Snow,0.0,55.4
2025-02-14,Brussels to Paris,TRK_0015,1021.1,453.7,On-Time,4.2,1136.94,25.66,Rain,0.0,64.7
2025-03-04,Amsterdam to Brussels,TRK_0026,465.0,212.02,Delayed,2.8,695.92,111.44,Fog,244.14,69.0
2026-02-06,Brussels to Paris,TRK_0016,1090.9,486.79,On-Time,4.7,1172.15,98.98,Clear,0.0,53.1
2025-02-19,Lyon to Milan,TRK_0033,895.9,401.49,On-Time,2.7,962.56,22.69,Rain,0.0,42.7
2026-02-27,Brussels to Paris,TRK_0026,1069.1,448.11,On-Time,4.0,1089.2,32.64,Clear,0.0,38.4
2025-03-04,Amsterdam to Brussels,TRK_0036,472.8,209.32,Delayed,4.1,624.97,109.24,Rain,96.61,81.4
2025-09-06,Warsaw to Krakow,TRK_0041,593.9,305.62,Delayed,2.5,714.16,76.09,Clear,241.71,52.5
2025-06-25,Milan to Zurich,TRK_0014,450.3,257.65,On-Time,3.1,640.09,105.71,Fog,0.0,33.3
2025-02-07,Budapest to Bucharest,TRK_0021,644.8,308.07,Delayed,4.9,701.22,90.13,Fog,81.84,60.2
2025-09-30,Zurich to Munich,TRK_0012,909.5,382.99,On-Time,5.0,1200.56,16.02,Rain,0.0,45.7
2026-01-01,Brussels to Paris,TRK_0037,1001.8,491.99,On-Time,4.2,1098.37,105.42,Rain,0.0,38.0
2025-12-24,Hamburg to Amsterdam,TRK_0005,1074.6,572.9,On-Time,3.6,1379.68,30.49,Clear,0.0,89.5
2025-02-15,Berlin to Prague,TRK_0015,445.4,209.47,On-Time,3.8,707.37,37.59,Fog,0.0,61.1
2025-01-14,Paris to Lyon,TRK_0007,1136.5,543.26,Delayed,3.6,1847.03,98.44,Fog,205.27,94.6
2025-01-04,Warsaw to Krakow,TRK_0012,575.8,256.47,On-Time,2.9,711.74,96.87,Rain,0.0,37.5
2025-11-11,Budapest to Bucharest,TRK_0037,604.7,333.08,On-Time,4.1,742.8,114.27,Clear,0.0,51.4
2025-04-12,Amsterdam to Brussels,TRK_0005,455.0,215.88,On-Time,3.6,698.15,15.28,Snow,0.0,61.6
2025-03-25,Budapest to Bucharest,TRK_0036,625.5,278.87,On-Time,3.8,771.64,79.05,Clear,0.0,78.6
2025-10-14,Paris to Lyon,TRK_0042,1077.8,465.94,On-Time,3.2,1049.5,113.05,Rain,0.0,48.5
2026-01-03,Berlin to Prague,TRK_0001,463.9,196.05,On-Time,5.0,493.08,91.13,Rain,0.0,66.2
2025-03-02,Hamburg to Amsterdam,TRK_0045,1149.0,501.07,Delayed,2.9,1640.67,41.84,Fog,232.22,87.0
2025-10-01,Berlin to Prague,TRK_0002,481.9,234.0,Delayed,2.6,610.56,21.95,Fog,188.47,85.7
2025-09-01,Paris to Lyon,TRK_0005,1062.4,457.06,On-Time,4.8,1515.22,74.51,Fog,0.0,94.5
2025-11-19,Berlin to Prague,TRK_0043,448.4,254.76,On-Time,3.6,779.14,17.65,Snow,0.0,64.6
2025-02-11,Hamburg to Amsterdam,TRK_0016,1157.3,576.24,On-Time,2.7,1831.86,103.67,Snow,0.0,76.0
2025-09-13,Krakow to Bratislava,TRK_0045,576.0,253.08,On-Time,2.8,742.5,92.47,Clear,0.0,60.3
2025-10-18,Lyon to Milan,TRK_0010,871.2,404.34,On-Time,3.7,1387.66,94.63,Clear,0.0,34.4
2025-03-20,Vienna to Budapest,TRK_0043,1115.1,562.7,On-Time,3.3,1607.21,32.03,Fog,0.0,73.0
2025-06-15,Paris to Lyon,TRK_0013,1069.1,520.38,On-Time,4.2,1504.81,70.03,Fog,0.0,82.2
2025-07-04,Hamburg to Amsterdam,TRK_0046,1103.9,649.07,On-Time,4.7,1588.42,81.01,Snow,0.0,76.1
2025-12-17,Warsaw to Berlin,TRK_0041,970.2,469.0,On-Time,3.1,1338.5,84.93,Rain,0.0,77.1
2026-02-14,Budapest to Bucharest,TRK_0034,647.8,288.78,Delayed,3.6,855.13,39.41,Fog,215.33,50.3
2025-12-30,Amsterdam to Brussels,TRK_0016,434.8,219.67,On-Time,2.9,760.62,64.7,Snow,0.0,96.1
2025-04-26,Milan to Zurich,TRK_0016,430.7,183.1,Delayed,4.6,500.65,35.42,Snow,212.52,33.5
2025-12-20,Berlin to Prague,TRK_0009,458.2,222.11,On-Time,3.4,769.38,58.64,Fog,0.0,37.5
2025-09-28,Krakow to Bratislava,TRK_0036,559.6,249.33,Delayed,3.2,666.45,98.92,Clear,205.83,89.5
2025-06-06,Budapest to Bucharest,TRK_0014,654.4,322.12,Delayed,3.3,1081.11,42.82,Snow,161.27,46.1
2026-01-27,Brussels to Paris,TRK_0006,1047.6,503.08,On-Time,3.3,1262.19,26.51,Snow,0.0,30.4
2025-11-16,Berlin to Prague,TRK_0008,486.2,243.89,On-Time,2.9,616.35,55.68,Rain,0.0,67.8
2025-09-14,Prague to Vienna,TRK_0029,365.7,181.2,On-Time,4.1,523.09,67.06,Clear,0.0,51.3
2025-01-02,Berlin to Hamburg,TRK_0004,483.0,210.38,On-Time,2.7,607.52,104.95,Fog,0.0,89.5
2025-04-01,Zurich to Munich,TRK_0044,928.7,434.36,On-Time,2.9,1138.7,35.64,Clear,0.0,26.9
2025-09-15,Prague to Vienna,TRK_0006,365.7,213.04,On-Time,3.7,645.92,101.72,Fog,0.0,93.6
2025-06-07,Paris to Lyon,TRK_0014,1057.9,507.1,On-Time,3.5,1396.3,92.32,Fog,0.0,33.3
2025-01-14,Lyon to Milan,TRK_0025,941.1,448.87,On-Time,3.3,1047.29,100.27,Clear,0.0,62.9
2025-09-09,Paris to Lyon,TRK_0039,1122.3,483.29,Delayed,4.4,1338.28,51.75,Clear,97.4,90.7
2025-06-13,Prague to Vienna,TRK_0001,383.5,171.53,Delayed,3.1,389.12,110.59,Fog,108.06,92.8
2025-11-14,Krakow to Bratislava,TRK_0035,594.7,320.9,On-Time,2.8,1092.07,21.31,Fog,0.0,89.9
2025-05-16,Paris to Lyon,TRK_0048,1121.0,509.49,On-Time,4.0,1626.15,79.88,Fog,0.0,61.9
2025-05-14,Warsaw to Berlin,TRK_0011,1047.3,506.2,On-Time,3.2,1283.02,16.45,Fog,0.0,41.3
2025-09-08,Vienna to Budapest,TRK_0011,1131.8,548.4,On-Time,3.4,1468.99,69.48,Snow,0.0,79.0
2025-12-29,Budapest to Bucharest,TRK_0039,628.3,293.07,On-Time,4.7,986.76,88.74,Rain,0.0,68.3
2025-01-15,Warsaw to Krakow,TRK_0022,599.9,306.99,On-Time,3.8,1007.35,55.95,Fog,0.0,26.2
2025-06-09,Brussels to Paris,TRK_0047,1000.3,448.33,On-Time,4.2,1046.58,15.47,Snow,0.0,84.7
2025-04-28,Warsaw to Berlin,TRK_0037,1051.7,524.93,On-Time,4.7,1517.03,95.59,Fog,0.0,70.2
2025-07-16,Paris to Lyon,TRK_0028,1054.3,498.7,On-Time,3.7,1691.8,16.79,Fog,0.0,48.8
2025-02-11,Berlin to Prague,TRK_0011,443.4,200.99,Delayed,2.8,523.39,83.82,Clear,169.49,89.0
2025-03-08,Warsaw to Krakow,TRK_0018,604.9,258.74,On-Time,4.1,677.42,54.22,Snow,0.0,36.5
2025-05-22,Vienna to Budapest,TRK_0042,1105.7,558.01,On-Time,2.6,1552.07,108.92,Snow,0.0,81.5
2025-06-15,Zurich to Munich,TRK_0030,927.6,467.14,On-Time,4.5,1241.85,111.65,Rain,0.0,49.1
2025-03-29,Warsaw to Krakow,TRK_0011,626.3,342.96,On-Time,4.5,1131.57,20.39,Fog,0.0,83.8
2026-01-31,Milan to Zurich,TRK_0011,424.0,216.14,On-Time,4.1,633.59,94.88,Fog,0.0,48.9
2025-03-24,Lyon to Milan,TRK_0014,919.3,463.99,On-Time,4.8,1392.68,29.93,Rain,0.0,73.5
2025-06-23,Warsaw to Berlin,TRK_0018,997.7,419.15,Delayed,3.9,966.89,28.53,Rain,150.52,79.0
2025-08-29,Vienna to Budapest,TRK_0021,1146.4,518.0,On-Time,4.2,1549.21,65.62,Rain,0.0,49.4
2025-11-11,Krakow to Bratislava,TRK_0019,553.2,244.79,Delayed,3.2,701.19,29.78,Fog,214.4,39.9
2025-07-28,Berlin to Prague,TRK_0005,465.3,226.92,On-Time,3.8,691.18,109.7,Rain,0.0,73.1
2025-12-21,Warsaw to Berlin,TRK_0033,982.6,513.33,On-Time,4.5,1666.79,20.07,Rain,0.0,39.8
2026-01-13,Vienna to Budapest,TRK_0044,1060.3,531.64,Delayed,4.1,1342.25,83.53,Fog,89.22,38.2
2025-01-09,Amsterdam to Brussels,TRK_0041,473.0,208.59,On-Time,2.6,501.84,110.39,Clear,0.0,67.4
2025-08-01,Paris to Lyon,TRK_0032,1160.8,620.98,On-Time,3.7,1560.04,58.68,Fog,0.0,52.6
2025-07-02,Budapest to Bucharest,TRK_0023,620.3,310.23,On-Time,3.8,929.88,99.62,Snow,0.0,39.7
2026-01-31,Paris to Lyon,TRK_0048,1064.9,526.86,On-Time,3.9,1413.51,39.68,Clear,0.0,64.2
2026-01-10,Prague to Vienna,TRK_0049,363.5,172.56,On-Time,3.0,531.89,118.26,Snow,0.0,96.1
2025-09-24,Warsaw to Krakow,TRK_0021,614.8,243.91,On-Time,2.5,580.55,98.54,Clear,0.0,53.1
2025-05-25,Berlin to Prague,TRK_0046,455.6,258.9,On-Time,4.5,730.3,31.5,Fog,0.0,95.0
2025-10-15,Paris to Lyon,TRK_0016,1162.2,582.41,On-Time,4.7,1624.75,20.73,Snow,0.0,28.9
2025-10-18,Milan to Zurich,TRK_0021,438.0,185.38,Delayed,3.1,600.05,115.57,Rain,157.17,81.1
2025-03-24,Hamburg to Amsterdam,TRK_0024,1068.8,541.08,On-Time,4.7,1606.61,108.49,Snow,0.0,85.6
2025-07-03,Krakow to Bratislava,TRK_0006,588.3,281.04,On-Time,4.3,719.23,102.8,Fog,0.0,72.9
2025-05-31,Krakow to Bratislava,TRK_0020,563.6,250.87,On-Time,2.6,575.57,53.89,Snow,0.0,88.7
2026-01-13,Krakow to Bratislava,TRK_0034,577.7,260.69,On-Time,4.5,743.68,64.34,Fog,0.0,68.7
2025-06-27,Warsaw to Berlin,TRK_0049,966.3,479.36,On-Time,4.4,1438.5,94.11,Fog,0.0,60.8
2026-01-24,Warsaw to Krakow,TRK_0042,624.2,346.56,On-Time,2.6,1073.83,84.93,Fog,0.0,60.3
2025-12-31,Milan to Zurich,TRK_0003,444.9,212.7,On-Time,4.2,497.21,25.26,Snow,0.0,25.9
2025-09-07,Amsterdam to Brussels,TRK_0038,437.1,204.47,On-Time,3.4,535.85,33.64,Snow,0.0,46.1
2025-04-02,Hamburg to Amsterdam,TRK_0046,1127.4,537.83,Delayed,3.9,1462.63,87.16,Snow,236.47,95.0
2025-12-15,Krakow to Bratislava,TRK_0004,601.5,310.74,Delayed,3.4,872.72,87.72,Snow,222.09,74.4
2025-02-11,Krakow to Bratislava,TRK_0027,581.4,277.95,Delayed,3.1,949.06,40.09,Snow,149.25,26.0
2025-10-19,Warsaw to Krakow,TRK_0024,577.2,295.84,Delayed,3.0,779.39,118.34,Rain,102.39,91.2
2025-02-08,Prague to Vienna,TRK_0033,370.2,169.55,Delayed,4.9,514.35,60.11,Fog,223.76,90.1
2025-10-13,Paris to Lyon,TRK_0049,1149.8,577.25,On-Time,3.9,1890.76,80.88,Fog,0.0,79.0
2025-02-13,Krakow to Bratislava,TRK_0037,602.8,248.08,On-Time,3.1,611.85,74.92,Rain,0.0,38.2
2025-06-27,Paris to Lyon,TRK_0037,1061.3,464.34,On-Time,2.8,1191.51,76.57,Clear,0.0,33.1
2025-07-19,Berlin to Prague,TRK_0014,475.7,224.42,On-Time,3.1,784.36,83.42,Snow,0.0,73.7
2025-04-26,Warsaw to Berlin,TRK_0025,996.0,421.79,On-Time,3.4,1185.9,82.32,Snow,0.0,60.8
2025-07-11,Amsterdam to Brussels,TRK_0026,464.5,214.36,On-Time,2.7,694.32,107.39,Clear,0.0,40.8
2026-01-17,Berlin to Hamburg,TRK_0011,477.4,202.73,On-Time,2.9,563.15,105.81,Fog,0.0,40.1
2026-02-11,Prague to Vienna,TRK_0021,381.9,169.87,On-Time,2.8,487.41,94.04,Clear,0.0,95.5
2025-10-04,Brussels to Paris,TRK_0001,1077.7,586.9,On-Time,3.3,1799.47,58.37,Rain,0.0,73.3
2025-10-15,Vienna to Budapest,TRK_0022,1155.4,667.92,On-Time,2.7,2277.04,67.76,Clear,0.0,59.1
2026-02-12,Warsaw to Berlin,TRK_0039,1035.1,462.77,On-Time,3.1,1409.7,113.54,Snow,0.0,60.1
2025-09-17,Brussels to Paris,TRK_0005,1015.6,519.27,On-Time,3.2,1149.26,36.11,Fog,0.0,69.6
2026-01-03,Brussels to Paris,TRK_0012,1059.1,538.53,On-Time,3.7,1337.88,81.46,Rain,0.0,73.6
2025-02-25,Vienna to Budapest,TRK_0043,1070.8,478.87,On-Time,3.6,1482.23,58.53,Clear,0.0,67.5
2025-06-25,Milan to Zurich,TRK_0004,452.4,223.43,On-Time,3.8,652.88,62.89,Clear,0.0,34.2
2026-01-31,Warsaw to Krakow,TRK_0026,579.1,311.92,On-Time,4.0,889.17,31.8,Rain,0.0,62.1
2025-03-28,Zurich to Munich,TRK_0001,974.3,437.73,On-Time,3.7,1115.65,24.37,Fog,0.0,78.0
2025-07-29,Berlin to Hamburg,TRK_0023,487.8,230.4,On-Time,4.9,717.48,99.52,Fog,0.0,32.9
2025-10-18,Warsaw to Krakow,TRK_0042,609.4,315.15,On-Time,4.7,1085.4,74.09,Snow,0.0,67.4
2025-06-01,Brussels to Paris,TRK_0013,1078.7,589.68,On-Time,3.7,1917.3,57.97,Fog,0.0,30.6
2025-05-02,Hamburg to Amsterdam,TRK_0035,1142.0,521.49,On-Time,4.9,1768.02,89.24,Clear,0.0,75.9
2025-11-01,Paris to Lyon,TRK_0023,1097.0,496.91,On-Time,3.9,1513.85,92.83,Snow,0.0,95.0
2026-01-23,Lyon to Milan,TRK_0038,879.7,496.45,On-Time,3.2,1191.73,63.27,Fog,0.0,52.9
2025-10-15,Warsaw to Krakow,TRK_0050,610.3,303.62,On-Time,2.6,1037.43,29.26,Rain,0.0,27.1
2025-04-25,Paris to Lyon,TRK_0041,1076.4,532.28,Delayed,2.5,1802.75,79.87,Fog,224.91,56.3
2025-04-23,Prague to Vienna,TRK_0029,391.7,176.53,On-Time,3.1,439.72,109.06,Snow,0.0,55.7
2025-01-01,Brussels to Paris,TRK_0030,1000.4,454.06,On-Time,4.6,1288.39,45.14,Rain,0.0,68.0
2025-09-08,Warsaw to Berlin,TRK_0031,985.7,465.13,On-Time,2.7,1175.21,77.68,Snow,0.0,44.7
2025-08-06,Brussels to Paris,TRK_0036,1045.4,511.37,On-Time,4.4,1469.03,67.77,Clear,0.0,29.2
2025-03-24,Vienna to Budapest,TRK_0022,1162.3,530.73,Delayed,4.6,1457.09,48.2,Fog,212.15,90.3
2025-12-18,Amsterdam to Brussels,TRK_0003,446.2,177.71,Delayed,3.2,419.18,48.13,Fog,210.66,25.9
2025-01-14,Zurich to Munich,TRK_0005,961.6,454.99,Delayed,3.0,1300.55,48.62,Fog,154.97,80.4
2025-04-29,Budapest to Bucharest,TRK_0041,645.4,319.93,On-Time,3.1,942.47,116.79,Snow,0.0,32.6
2025-02-24,Hamburg to Amsterdam,TRK_0037,1083.9,537.83,On-Time,2.9,1323.85,16.39,Snow,0.0,34.2
2025-12-05,Brussels to Paris,TRK_0035,1016.3,495.28,On-Time,2.8,1711.89,76.21,Clear,0.0,39.3
2025-06-30,Budapest to Bucharest,TRK_0039,653.7,273.36,On-Time,3.2,894.82,47.92,Fog,0.0,70.4
2026-01-14,Warsaw to Berlin,TRK_0038,1027.0,495.92,On-Time,3.9,1379.63,58.97,Fog,0.0,53.4
2025-08-09,Brussels to Paris,TRK_0003,1030.3,486.17,On-Time,3.3,1698.66,22.46,Rain,0.0,82.0
2025-06-08,Brussels to Paris,TRK_0002,1012.0,552.83,On-Time,3.8,1422.32,85.26,Rain,0.0,26.6
2025-02-21,Vienna to Budapest,TRK_0033,1098.7,520.64,On-Time,4.1,1736.01,100.99,Clear,0.0,38.2
2026-01-21,Vienna to Budapest,TRK_0025,1110.1,584.28,On-Time,3.3,1346.06,49.2,Rain,0.0,41.3
2025-02-23,Milan to Zurich,TRK_0005,437.7,203.22,On-Time,3.5,566.58,22.5,Rain,0.0,97.1
2026-02-05,Hamburg to Amsterdam,TRK_0043,1109.8,452.92,On-Time,4.8,1308.88,118.17,Fog,0.0,48.3
2025-08-13,Warsaw to Berlin,TRK_0018,989.7,535.79,On-Time,4.6,1324.46,16.36,Fog,0.0,60.7
2025-09-04,Amsterdam to Brussels,TRK_0008,470.9,223.75,On-Time,4.8,602.2,50.87,Fog,0.0,29.7
2025-07-27,Amsterdam to Brussels,TRK_0019,469.5,217.4,On-Time,4.2,565.66,39.03,Snow,0.0,80.9
2025-07-01,Paris to Lyon,TRK_0029,1085.9,585.84,On-Time,3.8,1400.21,104.89,Rain,0.0,77.6
2025-12-02,Amsterdam to Brussels,TRK_0039,475.2,257.56,On-Time,2.8,876.51,100.99,Snow,0.0,78.7
2025-09-01,Lyon to Milan,TRK_0016,883.7,428.02,On-Time,3.2,1175.6,119.28,Snow,0.0,29.4
2025-07-31,Milan to Zurich,TRK_0049,454.2,243.68,On-Time,3.8,602.47,22.11,Rain,0.0,43.9
2025-06-15,Warsaw to Berlin,TRK_0045,971.6,473.63,On-Time,3.1,1427.18,93.39,Snow,0.0,52.5
2025-12-19,Milan to Zurich,TRK_0016,426.1,195.72,On-Time,4.9,522.07,44.28,Snow,0.0,58.0
2025-06-23,Warsaw to Krakow,TRK_0005,621.8,342.97,On-Time,4.8,1038.98,57.25,Clear,0.0,85.1
2025-04-14,Budapest to Bucharest,TRK_0011,662.3,367.43,On-Time,3.4,1126.03,93.48,Fog,0.0,81.4
2026-01-02,Hamburg to Amsterdam,TRK_0045,1149.2,591.88,On-Time,3.1,1623.74,99.57,Rain,0.0,71.2
2025-01-13,Brussels to Paris,TRK_0014,1047.9,506.25,On-Time,3.6,1686.49,34.47,Clear,0.0,66.7
2025-04-07,Lyon to Milan,TRK_0008,918.1,422.07,On-Time,4.4,1319.62,33.45,Rain,0.0,35.2
2026-01-21,Warsaw to Berlin,TRK_0045,1040.9,575.07,On-Time,3.1,1698.58,106.09,Clear,0.0,91.5
2025-07-04,Warsaw to Krakow,TRK_0018,592.1,263.09,Delayed,3.8,760.01,111.86,Rain,94.54,80.9
2025-01-27,Warsaw to Krakow,TRK_0015,594.1,279.98,Delayed,2.9,788.79,49.27,Snow,228.08,25.7
2025-08-17,Milan to Zurich,TRK_0038,450.2,235.31,Delayed,4.6,671.78,89.95,Rain,95.7,35.8
2026-01-14,Warsaw to Berlin,TRK_0024,1006.5,459.19,On-Time,3.3,1184.63,80.64,Snow,0.0,57.0
2025-01-26,Brussels to Paris,TRK_0044,1044.5,556.36,On-Time,3.9,1839.52,72.16,Rain,0.0,63.0
2026-02-10,Brussels to Paris,TRK_0042,1020.1,530.29,On-Time,3.0,1440.06,40.63,Snow,0.0,53.3
2025-02-22,Prague to Vienna,TRK_0031,384.2,193.13,On-Time,3.1,476.98,108.51,Snow,0.0,69.4
2025-09-21,Lyon to Milan,TRK_0019,943.1,466.75,On-Time,3.6,1632.86,41.68,Rain,0.0,87.7
2025-12-15,Vienna to Budapest,TRK_0003,1158.1,554.81,Delayed,3.5,1774.94,60.31,Rain,169.11,51.5
2025-06-12,Berlin to Prague,TRK_0020,454.3,202.48,On-Time,4.8,670.13,54.73,Rain,0.0,90.3
2025-06-30,Lyon to Milan,TRK_0005,938.6,472.95,On-Time,2.7,1275.76,118.16,Fog,0.0,79.6
2026-01-14,Lyon to Milan,TRK_0043,868.1,493.04,On-Time,4.0,1493.07,61.43,Snow,0.0,39.5
2025-11-21,Berlin to Prague,TRK_0040,483.0,266.03,Delayed,3.3,610.37,17.51,Fog,186.5,64.8
2025-05-28,Berlin to Hamburg,TRK_0021,510.4,248.57,On-Time,3.6,564.94,33.66,Snow,0.0,36.2
2025-04-19,Hamburg to Amsterdam,TRK_0050,1112.0,549.04,On-Time,2.5,1262.32,22.11,Clear,0.0,75.2
2026-01-23,Amsterdam to Brussels,TRK_0011,454.7,188.68,On-Time,5.0,571.76,93.65,Fog,0.0,56.7
2025-02-18,Hamburg to Amsterdam,TRK_0017,1086.3,598.74,On-Time,3.7,1379.95,62.78,Snow,0.0,51.0
2026-01-12,Prague to Vienna,TRK_0005,377.4,198.53,Delayed,4.4,586.2,31.44,Rain,166.3,74.0
2025-10-09,Warsaw to Krakow,TRK_0005,617.2,280.47,On-Time,4.2,667.6,103.7,Fog,0.0,65.0
2025-03-03,Krakow to Bratislava,TRK_0011,584.2,287.84,On-Time,4.4,811.82,38.94,Rain,0.0,45.3
2025-11-04,Vienna to Budapest,TRK_0005,1152.0,490.56,On-Time,4.2,1186.86,19.81,Rain,0.0,60.5
2025-11-04,Milan to Zurich,TRK_0026,423.7,231.33,On-Time,3.2,523.14,110.82,Rain,0.0,60.2
2025-07-21,Budapest to Bucharest,TRK_0023,612.7,290.94,On-Time,3.9,774.85,70.08,Rain,0.0,41.4
2025-01-14,Krakow to Bratislava,TRK_0034,586.1,293.97,On-Time,3.1,695.67,83.13,Snow,0.0,84.3
2025-06-20,Lyon to Milan,TRK_0004,938.0,503.57,On-Time,2.8,1490.53,102.81,Clear,0.0,65.7
2025-04-19,Berlin to Hamburg,TRK_0030,475.8,191.39,On-Time,3.1,563.47,39.31,Clear,0.0,75.5
2025-08-30,Berlin to Hamburg,TRK_0008,513.6,244.84,On-Time,3.1,664.21,86.36,Snow,0.0,91.8
2025-09-29,Warsaw to Krakow,TRK_0026,610.5,280.41,On-Time,3.2,754.83,54.59,Clear,0.0,57.3
2025-04-23,Krakow to Bratislava,TRK_0026,591.3,326.65,On-Time,3.2,781.47,73.62,Clear,0.0,39.1
2025-09-22,Vienna to Budapest,TRK_0039,1109.1,532.78,Delayed,3.8,1826.02,80.64,Clear,132.04,67.4
2026-02-01,Berlin to Prague,TRK_0024,459.5,210.54,On-Time,3.7,583.93,28.9,Fog,0.0,55.6
2025-05-29,Zurich to Munich,TRK_0036,911.2,425.51,On-Time,3.7,974.57,48.09,Snow,0.0,85.9
2025-10-11,Vienna to Budapest,TRK_0005,1091.1,570.98,Delayed,4.6,1958.95,39.15,Rain,81.94,94.8
2026-01-26,Vienna to Budapest,TRK_0023,1120.0,521.84,On-Time,2.6,1591.35,118.08,Rain,0.0,38.2
2026-02-17,Milan to Zurich,TRK_0036,437.6,209.13,Delayed,2.7,628.48,78.25,Snow,157.4,49.0
2026-01-08,Vienna to Budapest,TRK_0032,1128.1,608.94,Delayed,4.4,2093.9,19.18,Fog,158.0,30.0
2025-06-08,Milan to Zurich,TRK_0024,451.8,236.23,On-Time,3.6,706.91,24.88,Clear,0.0,73.4
2026-01-31,Budapest to Bucharest,TRK_0044,600.8,314.43,On-Time,4.8,989.85,25.14,Clear,0.0,62.9
2026-01-17,Budapest to Bucharest,TRK_0002,650.6,331.98,On-Time,3.6,1006.19,108.49,Clear,0.0,59.6
2026-01-01,Lyon to Milan,TRK_0011,872.0,456.98,On-Time,4.2,1481.73,86.13,Fog,0.0,94.6
2025-10-23,Berlin to Prague,TRK_0038,458.8,210.47,On-Time,3.3,482.23,18.37,Snow,0.0,57.1
2025-10-12,Krakow to Bratislava,TRK_0046,575.1,332.72,On-Time,4.5,1032.27,72.67,Clear,0.0,65.4
2025-03-15,Amsterdam to Brussels,TRK_0050,469.4,211.8,On-Time,4.1,613.0,53.54,Rain,0.0,43.9
2025-12-11,Berlin to Prague,TRK_0038,469.8,230.51,On-Time,4.3,611.31,119.94,Snow,0.0,88.9
2025-04-09,Paris to Lyon,TRK_0030,1077.7,526.66,On-Time,3.5,1243.53,48.69,Fog,0.0,95.9
2025-01-12,Milan to Zurich,TRK_0032,422.5,231.91,On-Time,4.3,765.68,43.45,Snow,0.0,25.2
2025-01-31,Paris to Lyon,TRK_0048,1082.7,547.85,Delayed,3.1,1818.8,27.92,Fog,133.1,81.6
2025-08-16,Amsterdam to Brussels,TRK_0050,453.4,226.57,Delayed,4.3,646.7,109.33,Snow,106.16,92.4
2026-01-16,Budapest to Bucharest,TRK_0018,662.2,343.45,On-Time,2.9,1141.26,27.07,Fog,0.0,75.3
2026-02-20,Krakow to Bratislava,TRK_0027,585.6,339.37,On-Time,4.8,971.06,102.76,Rain,0.0,94.7
2025-09-05,Zurich to Munich,TRK_0005,912.0,437.03,On-Time,4.2,1162.93,89.96,Clear,0.0,83.1
2025-12-21,Berlin to Hamburg,TRK_0032,473.3,231.27,Delayed,4.1,651.74,112.48,Clear,123.72,95.3
2025-03-22,Krakow to Bratislava,TRK_0023,604.2,255.45,On-Time,2.7,788.5,103.91,Fog,0.0,50.7
2025-09-03,Warsaw to Berlin,TRK_0050,997.8,580.17,On-Time,4.3,1795.68,25.77,Fog,0.0,40.5
2025-06-16,Krakow to Bratislava,TRK_0001,599.6,290.46,On-Time,2.9,911.15,111.26,Snow,0.0,40.4
2025-10-08,Berlin to Prague,TRK_0041,463.4,235.53,Delayed,4.7,777.87,61.03,Rain,205.5,47.8
2025-02-06,Brussels to Paris,TRK_0026,1092.4,459.55,On-Time,5.0,1173.93,65.66,Snow,0.0,55.6
2026-02-27,Krakow to Bratislava,TRK_0019,595.7,323.22,On-Time,2.6,796.87,80.14,Fog,0.0,75.6
2025-02-25,Paris to Lyon,TRK_0021,1140.7,555.5,On-Time,4.8,1393.65,18.1,Fog,0.0,41.5
2025-03-11,Lyon to Milan,TRK_0010,932.6,435.29,On-Time,3.6,1187.35,48.91,Clear,0.0,48.7
2026-01-12,Prague to Vienna,TRK_0041,366.7,189.52,On-Time,3.5,556.19,38.23,Rain,0.0,76.2
2025-09-14,Krakow to Bratislava,TRK_0048,601.9,301.03,On-Time,4.7,756.09,116.54,Clear,0.0,94.6
2025-08-20,Prague to Vienna,TRK_0015,360.6,181.46,On-Time,4.4,614.5,73.81,Snow,0.0,51.1
2025-07-10,Krakow to Bratislava,TRK_0009,555.5,245.41,On-Time,3.4,656.48,67.26,Snow,0.0,95.4
2025-03-22,Warsaw to Krakow,TRK_0040,572.2,272.69,On-Time,3.2,644.84,35.05,Fog,0.0,72.9
2025-06-12,Krakow to Bratislava,TRK_0036,583.6,293.5,On-Time,2.6,893.0,50.15,Snow,0.0,29.6
2025-02-14,Lyon to Milan,TRK_0031,931.7,486.65,On-Time,3.4,1618.5,36.08,Snow,0.0,67.9
2025-04-22,Milan to Zurich,TRK_0005,460.0,209.32,On-Time,3.1,696.73,70.65,Clear,0.0,73.8
2025-11-16,Krakow to Bratislava,TRK_0032,588.9,285.01,On-Time,2.7,729.74,54.55,Snow,0.0,35.9
2025-12-25,Lyon to Milan,TRK_0028,893.1,374.31,On-Time,4.5,1262.86,96.25,Clear,0.0,79.1
2025-09-19,Warsaw to Berlin,TRK_0007,964.6,437.96,On-Time,3.6,1313.9,71.2,Clear,0.0,81.5
2025-10-12,Zurich to Munich,TRK_0039,998.6,455.91,On-Time,3.3,1397.74,111.32,Clear,0.0,84.1
2025-07-25,Berlin to Prague,TRK_0033,463.4,235.67,On-Time,3.8,524.02,69.07,Clear,0.0,49.1
2025-12-02,Warsaw to Berlin,TRK_0033,1008.7,439.29,On-Time,4.6,1160.56,18.5,Clear,0.0,75.7
2025-01-25,Krakow to Bratislava,TRK_0022,605.8,300.09,On-Time,4.3,916.62,100.09,Clear,0.0,71.3
2025-02-24,Vienna to Budapest,TRK_0050,1164.4,537.83,On-Time,3.5,1805.29,115.88,Clear,0.0,36.7
2025-05-29,Berlin to Hamburg,TRK_0028,508.2,245.2,Delayed,4.3,770.25,51.41,Rain,147.41,36.6
2025-08-23,Amsterdam to Brussels,TRK_0018,454.4,239.58,On-Time,4.2,627.06,22.86,Rain,0.0,53.4
2025-10-24,Warsaw to Berlin,TRK_0010,978.4,461.8,On-Time,3.4,1597.46,52.16,Clear,0.0,80.4
2025-07-20,Berlin to Hamburg,TRK_0023,509.3,278.75,On-Time,3.2,821.51,51.26,Clear,0.0,47.1
2025-09-14,Brussels to Paris,TRK_0037,1068.4,458.92,On-Time,2.6,1239.68,106.94,Snow,0.0,38.9
2025-03-08,Prague to Vienna,TRK_0050,388.0,185.62,On-Time,4.7,644.6,73.02,Fog,0.0,53.1
2025-02-18,Krakow to Bratislava,TRK_0012,554.8,271.88,On-Time,4.6,873.57,66.45,Snow,0.0,64.7
2025-03-02,Paris to Lyon,TRK_0033,1054.1,494.79,On-Time,3.3,1708.84,69.4,Snow,0.0,44.8
2026-02-22,Milan to Zurich,TRK_0018,423.2,213.63,On-Time,3.9,611.61,76.9,Clear,0.0,56.6
2025-07-16,Krakow to Bratislava,TRK_0024,584.5,273.37,On-Time,4.5,939.69,60.74,Rain,0.0,35.1
2025-08-01,Vienna to Budapest,TRK_0035,1062.7,466.41,On-Time,2.8,1150.92,92.65,Snow,0.0,95.5
2025-11-22,Milan to Zurich,TRK_0031,441.7,247.43,Delayed,4.9,842.95,104.27,Rain,231.98,26.3
2025-08-21,Berlin to Prague,TRK_0032,472.3,191.57,On-Time,4.7,425.87,93.63,Snow,0.0,44.5
2025-04-25,Warsaw to Krakow,TRK_0050,610.0,310.18,On-Time,3.2,781.88,22.69,Rain,0.0,38.6
2025-05-03,Paris to Lyon,TRK_0048,1066.3,558.2,On-Time,4.9,1849.75,81.9,Fog,0.0,55.8
2025-09-07,Budapest to Bucharest,TRK_0048,629.2,294.81,Delayed,4.8,679.04,106.61,Snow,80.26,41.8
2025-05-09,Paris to Lyon,TRK_0016,1104.5,535.02,On-Time,4.1,1487.92,89.71,Snow,0.0,72.0
2025-04-07,Zurich to Munich,TRK_0048,933.3,395.19,On-Time,4.0,938.23,28.46,Fog,0.0,59.8
2026-01-30,Berlin to Hamburg,TRK_0012,489.8,239.64,Delayed,5.0,732.31,69.72,Snow,111.74,32.3
2025-05-25,Budapest to Bucharest,TRK_0034,626.7,285.56,On-Time,3.1,935.28,89.71,Fog,0.0,64.6
2025-09-16,Prague to Vienna,TRK_0020,386.7,176.58,On-Time,3.7,595.12,80.71,Rain,0.0,51.9
2025-09-15,Budapest to Bucharest,TRK_0039,627.7,327.2,On-Time,4.9,1072.63,86.66,Rain,0.0,63.4
2025-05-04,Brussels to Paris,TRK_0009,1056.5,519.33,On-Time,3.5,1717.85,89.83,Fog,0.0,68.2
2025-05-29,Paris to Lyon,TRK_0027,1162.0,588.48,On-Time,3.8,1877.39,69.26,Fog,0.0,40.7
2025-08-01,Zurich to Munich,TRK_0048,913.8,424.89,On-Time,3.2,1286.73,117.7,Rain,0.0,76.4
2025-02-03,Paris to Lyon,TRK_0008,1114.7,537.93,On-Time,3.3,1624.27,24.18,Snow,0.0,58.6
2025-09-11,Amsterdam to Brussels,TRK_0032,450.5,202.49,On-Time,4.0,678.01,52.07,Fog,0.0,74.6
2025-10-19,Paris to Lyon,TRK_0006,1105.6,517.85,On-Time,2.8,1168.89,90.4,Clear,0.0,26.7
2025-01-16,Paris to Lyon,TRK_0007,1080.9,518.86,On-Time,2.6,1264.39,24.01,Fog,0.0,48.6
2025-06-24,Budapest to Bucharest,TRK_0007,654.2,355.48,On-Time,3.5,827.42,88.22,Clear,0.0,73.5
2025-01-05,Paris to Lyon,TRK_0001,1082.0,581.62,On-Time,3.0,1397.99,33.32,Snow,0.0,89.0
2026-01-04,Amsterdam to Brussels,TRK_0045,474.8,236.87,Delayed,3.2,680.09,104.62,Snow,99.54,34.1
2025-08-26,Paris to Lyon,TRK_0010,1089.4,467.03,On-Time,3.0,1600.0,49.39,Fog,0.0,58.8
2025-12-12,Brussels to Paris,TRK_0029,1040.3,477.43,On-Time,4.6,1291.16,102.46,Snow,0.0,63.8
2025-09-04,Warsaw to Berlin,TRK_0021,974.6,413.64,On-Time,3.6,959.56,15.11,Fog,0.0,30.5
2025-12-18,Prague to Vienna,TRK_0041,388.8,179.49,Delayed,4.2,529.38,18.7,Snow,249.4,53.7
2025-12-29,Amsterdam to Brussels,TRK_0027,465.9,233.55,Delayed,4.6,792.11,24.46,Clear,207.62,37.4
2026-01-29,Warsaw to Krakow,TRK_0015,593.4,307.12,On-Time,4.3,762.71,51.57,Rain,0.0,53.2
2025-10-21,Paris to Lyon,TRK_0024,1068.6,508.93,On-Time,4.7,1443.58,48.62,Clear,0.0,59.6
2025-10-14,Berlin to Prague,TRK_0049,475.4,225.34,On-Time,4.1,582.91,63.43,Fog,0.0,44.6
2026-01-07,Paris to Lyon,TRK_0027,1127.8,567.41,On-Time,3.2,1762.93,97.81,Rain,0.0,72.9
2025-12-10,Berlin to Prague,TRK_0016,476.6,243.13,On-Time,3.3,755.51,41.84,Clear,0.0,67.6
2025-02-02,Amsterdam to Brussels,TRK_0041,469.3,245.01,On-Time,2.5,746.68,36.09,Rain,0.0,76.9
2025-03-02,Warsaw to Krakow,TRK_0004,610.7,265.85,On-Time,4.7,918.4,100.03,Clear,0.0,88.6
2025-09-14,Berlin to Prague,TRK_0007,450.3,239.05,On-Time,3.0,815.6,91.59,Rain,0.0,69.1
2025-07-06,Berlin to Hamburg,TRK_0011,512.8,285.87,On-Time,4.0,831.13,61.27,Fog,0.0,75.9
2025-06-21,Budapest to Bucharest,TRK_0024,632.1,330.89,On-Time,5.0,1026.23,111.59,Fog,0.0,69.5
2025-11-04,Warsaw to Krakow,TRK_0007,587.5,316.58,On-Time,2.5,966.81,75.26,Rain,0.0,81.6
2026-02-27,Vienna to Budapest,TRK_0007,1162.3,561.47,On-Time,3.2,1249.62,21.76,Fog,0.0,80.3
2025-10-02,Berlin to Prague,TRK_0019,457.5,230.8,On-Time,5.0,665.67,33.14,Snow,0.0,29.6
2025-10-30,Lyon to Milan,TRK_0023,900.2,394.02,On-Time,3.4,1152.65,31.43,Rain,0.0,75.6
2025-07-05,Paris to Lyon,TRK_0009,1113.2,568.24,On-Time,4.7,1394.15,97.3,Rain,0.0,81.0
2025-10-08,Milan to Zurich,TRK_0050,448.4,212.17,On-Time,4.9,616.59,61.08,Fog,0.0,32.6
2026-01-07,Warsaw to Krakow,TRK_0013,618.2,303.07,On-Time,2.9,874.09,47.53,Fog,0.0,44.4
2025-05-22,Warsaw to Krakow,TRK_0044,589.3,265.59,On-Time,2.8,587.68,116.32,Snow,0.0,78.0
2025-01-26,Hamburg to Amsterdam,TRK_0034,1054.2,500.79,On-Time,4.5,1714.98,93.77,Snow,0.0,64.6
2025-11-30,Warsaw to Krakow,TRK_0001,601.8,271.51,On-Time,4.7,888.06,66.08,Fog,0.0,83.7
2025-05-14,Berlin to Hamburg,TRK_0017,488.8,240.82,On-Time,4.3,828.71,54.58,Fog,0.0,82.4
2025-06-01,Lyon to Milan,TRK_0025,892.6,453.43,On-Time,3.6,1435.96,57.88,Rain,0.0,39.5
2025-09-03,Zurich to Munich,TRK_0037,988.4,477.23,On-Time,4.8,1155.54,27.02,Clear,0.0,50.2
2025-04-03,Berlin to Hamburg,TRK_0014,481.7,244.16,On-Time,5.0,553.11,116.18,Clear,0.0,68.8
2025-01-05,Zurich to Munich,TRK_0021,966.7,414.14,On-Time,4.1,1376.43,82.37,Fog,0.0,37.0
2025-02-08,Warsaw to Krakow,TRK_0018,627.0,289.65,On-Time,3.4,852.67,93.86,Snow,0.0,67.4
2025-11-07,Berlin to Prague,TRK_0036,461.2,234.93,On-Time,3.6,579.45,61.33,Snow,0.0,63.3
2026-02-17,Hamburg to Amsterdam,TRK_0020,1131.3,557.73,On-Time,3.4,1311.45,26.89,Snow,0.0,95.0
2025-05-16,Amsterdam to Brussels,TRK_0047,473.6,206.24,On-Time,3.3,544.6,41.35,Fog,0.0,60.3
2025-05-02,Brussels to Paris,TRK_0029,1006.3,452.86,On-Time,3.6,1222.06,100.56,Clear,0.0,92.7
2026-01-23,Milan to Zurich,TRK_0037,439.8,206.43,On-Time,3.8,715.37,28.32,Rain,0.0,84.4
2025-01-21,Lyon to Milan,TRK_0041,865.2,387.68,On-Time,3.4,910.0,39.16,Snow,0.0,65.2
2025-05-26,Warsaw to Krakow,TRK_0003,613.8,256.4,On-Time,3.0,700.32,105.27,Fog,0.0,32.5
2025-03-10,Amsterdam to Brussels,TRK_0013,441.9,255.54,On-Time,4.4,673.89,36.23,Rain,0.0,89.0
2025-07-08,Berlin to Hamburg,TRK_0040,482.8,261.28,On-Time,3.9,913.64,31.43,Rain,0.0,78.3
2025-03-03,Krakow to Bratislava,TRK_0039,602.1,299.07,On-Time,3.3,840.95,83.42,Rain,0.0,81.8
2026-02-07,Vienna to Budapest,TRK_0031,1105.1,563.32,On-Time,3.7,1400.04,82.33,Rain,0.0,88.3
2025-07-17,Warsaw to Berlin,TRK_0027,1010.9,559.85,On-Time,3.3,1475.47,16.17,Clear,0.0,75.1
2025-05-30,Warsaw to Krakow,TRK_0018,609.7,273.51,On-Time,4.9,919.85,91.58,Clear,0.0,75.1
2025-01-09,Amsterdam to Brussels,TRK_0029,441.8,217.91,On-Time,2.9,625.8,51.29,Fog,0.0,42.3
2025-06-20,Budapest to Bucharest,TRK_0040,641.8,325.15,Delayed,3.6,850.38,76.33,Fog,107.98,83.5
2025-06-11,Berlin to Prague,TRK_0036,474.1,251.95,On-Time,4.2,876.0,85.48,Snow,0.0,25.5
2025-06-18,Warsaw to Krakow,TRK_0046,615.9,332.05,On-Time,4.4,876.73,80.8,Rain,0.0,56.9
2025-04-22,Warsaw to Krakow,TRK_0040,572.0,286.99,Delayed,2.7,702.22,19.77,Fog,156.23,29.7
2025-03-07,Berlin to Prague,TRK_0035,455.5,227.04,On-Time,4.6,553.55,105.83,Snow,0.0,41.4
2025-10-19,Lyon to Milan,TRK_0036,876.7,444.31,On-Time,3.3,1106.11,25.86,Rain,0.0,25.2
2025-08-07,Vienna to Budapest,TRK_0045,1116.4,588.22,On-Time,2.6,1721.75,86.76,Rain,0.0,96.4
2025-08-06,Zurich to Munich,TRK_0050,979.1,515.84,Delayed,3.8,1420.23,85.0,Clear,238.83,59.7
2025-07-10,Amsterdam to Brussels,TRK_0023,447.4,242.83,On-Time,3.3,565.95,15.32,Fog,0.0,60.1
2025-12-04,Warsaw to Krakow,TRK_0009,628.6,274.64,On-Time,4.5,794.58,79.56,Clear,0.0,26.9
2025-10-04,Lyon to Milan,TRK_0021,892.1,406.43,On-Time,3.2,1084.24,64.63,Rain,0.0,28.4
2025-01-11,Budapest to Bucharest,TRK_0010,658.8,275.22,On-Time,4.5,868.51,113.31,Snow,0.0,67.3
2025-03-01,Krakow to Bratislava,TRK_0026,549.9,274.82,On-Time,2.8,727.24,53.51,Fog,0.0,95.8
2025-02-15,Brussels to Paris,TRK_0015,1019.5,514.41,On-Time,2.6,1159.41,102.07,Snow,0.0,65.3
2025-01-18,Hamburg to Amsterdam,TRK_0042,1113.6,496.86,On-Time,4.7,1495.48,18.9,Fog,0.0,47.6
2026-02-09,Amsterdam to Brussels,TRK_0020,442.3,206.68,On-Time,4.7,676.2,114.27,Rain,0.0,82.6
2025-07-21,Hamburg to Amsterdam,TRK_0014,1072.8,464.88,Delayed,3.4,1488.82,111.21,Clear,162.37,63.3
2025-04-24,Warsaw to Krakow,TRK_0016,573.9,284.93,On-Time,3.0,727.65,81.79,Fog,0.0,54.3
2025-05-07,Amsterdam to Brussels,TRK_0043,432.9,172.7,On-Time,4.0,592.8,72.62,Snow,0.0,76.2
2026-01-06,Milan to Zurich,TRK_0036,450.4,230.76,On-Time,4.6,539.02,16.08,Fog,0.0,33.0
2025-08-13,Amsterdam to Brussels,TRK_0004,457.6,231.78,On-Time,2.5,687.69,116.7,Fog,0.0,95.8
2025-10-01,Berlin to Prague,TRK_0036,451.1,210.27,On-Time,3.4,492.27,33.97,Clear,0.0,51.6
2025-02-21,Budapest to Bucharest,TRK_0025,620.0,324.1,Delayed,3.6,760.08,105.94,Rain,151.69,34.3
2025-07-26,Hamburg to Amsterdam,TRK_0038,1098.7,532.69,On-Time,4.9,1576.34,112.43,Snow,0.0,60.6
2025-07-06,Hamburg to Amsterdam,TRK_0003,1055.4,523.2,On-Time,2.8,1765.73,83.46,Clear,0.0,80.4
2026-02-01,Berlin to Prague,TRK_0032,484.1,202.91,On-Time,4.9,468.16,102.6,Snow,0.0,57.7
2025-08-02,Warsaw to Berlin,TRK_0022,1039.0,443.76,On-Time,3.2,1535.01,86.63,Rain,0.0,68.8
2026-02-10,Paris to Lyon,TRK_0027,1118.6,559.34,Delayed,4.2,1647.46,107.76,Rain,238.44,84.7
2025-10-13,Budapest to Bucharest,TRK_0003,637.0,305.7,Delayed,3.0,890.15,35.19,Rain,181.02,93.0
2026-01-12,Budapest to Bucharest,TRK_0011,656.2,354.23,Delayed,4.5,908.85,85.97,Snow,154.21,86.7
2025-05-19,Lyon to Milan,TRK_0001,878.1,420.39,On-Time,2.9,1117.9,55.47,Rain,0.0,35.5
2025-08-09,Prague to Vienna,TRK_0047,387.4,168.51,Delayed,4.2,446.23,103.46,Snow,126.44,34.7
2025-11-18,Lyon to Milan,TRK_0024,875.4,384.99,On-Time,3.9,1166.6,68.61,Snow,0.0,72.2
2025-09-27,Paris to Lyon,TRK_0012,1054.1,435.97,On-Time,3.0,977.62,84.72,Rain,0.0,60.7
2025-02-23,Lyon to Milan,TRK_0047,885.1,395.21,On-Time,2.9,1079.81,62.13,Fog,0.0,57.0
2025-08-11,Warsaw to Krakow,TRK_0040,624.7,347.54,On-Time,4.6,1109.0,71.43,Fog,0.0,71.7
2025-08-23,Budapest to Bucharest,TRK_0049,636.3,290.75,On-Time,4.0,937.25,36.13,Fog,0.0,50.3
2025-09-11,Milan to Zurich,TRK_0011,453.5,229.36,On-Time,4.3,684.55,107.05,Snow,0.0,41.8
2025-11-29,Zurich to Munich,TRK_0028,948.2,486.7,Delayed,2.7,1148.84,89.88,Rain,228.63,60.3
2025-11-02,Warsaw to Krakow,TRK_0001,584.6,241.81,On-Time,3.1,594.76,83.69,Clear,0.0,62.4
2025-02-23,Krakow to Bratislava,TRK_0026,565.3,275.91,On-Time,3.8,918.6,106.49,Rain,0.0,61.6
2025-12-21,Zurich to Munich,TRK_0048,964.9,555.13,Delayed,3.4,1780.5,85.16,Rain,175.77,64.7
2025-02-18,Berlin to Hamburg,TRK_0024,479.5,267.64,On-Time,2.7,823.23,96.36,Clear,0.0,61.5
2025-04-04,Paris to Lyon,TRK_0016,1094.7,472.58,On-Time,3.5,1647.19,33.33,Rain,0.0,47.7
2025-09-11,Brussels to Paris,TRK_0036,1053.0,512.35,On-Time,4.1,1493.67,88.11,Fog,0.0,95.2
2025-02-20,Vienna to Budapest,TRK_0050,1091.0,544.06,Delayed,3.2,1251.67,105.98,Fog,236.95,26.3
2025-03-11,Amsterdam to Brussels,TRK_0046,471.4,210.46,On-Time,4.1,513.34,115.38,Fog,0.0,55.5
2025-07-11,Hamburg to Amsterdam,TRK_0004,1072.5,556.68,On-Time,4.5,1899.79,26.94,Clear,0.0,57.3
2025-04-26,Vienna to Budapest,TRK_0031,1059.5,533.81,On-Time,4.4,1575.88,35.48,Clear,0.0,69.0
2025-03-21,Zurich to Munich,TRK_0002,911.3,501.26,On-Time,3.5,1128.55,15.76,Rain,0.0,96.9
2025-05-26,Budapest to Bucharest,TRK_0032,631.9,305.42,On-Time,4.3,1006.68,79.68,Clear,0.0,41.9
2025-08-25,Hamburg to Amsterdam,TRK_0015,1061.7,467.35,On-Time,4.6,1133.23,75.36,Rain,0.0,95.4
2025-06-17,Warsaw to Berlin,TRK_0017,965.1,513.82,On-Time,4.2,1695.34,46.05,Snow,0.0,46.3
2025-11-25,Hamburg to Amsterdam,TRK_0006,1108.1,560.1,On-Time,3.9,1274.04,100.47,Rain,0.0,78.8
2025-05-19,Krakow to Bratislava,TRK_0049,561.6,273.92,On-Time,3.7,727.4,117.7,Snow,0.0,72.3
2025-05-24,Hamburg to Amsterdam,TRK_0022,1075.7,477.56,On-Time,3.7,1339.18,18.29,Clear,0.0,78.4
2025-03-01,Lyon to Milan,TRK_0029,875.7,403.98,On-Time,3.4,1197.33,67.53,Snow,0.0,39.1
2025-05-02,Lyon to Milan,TRK_0008,931.4,479.65,On-Time,2.8,1107.23,57.6,Clear,0.0,89.7
2025-12-13,Zurich to Munich,TRK_0013,993.9,422.09,On-Time,2.9,1024.16,117.03,Clear,0.0,75.1
2025-04-17,Krakow to Bratislava,TRK_0005,592.1,259.51,On-Time,3.1,610.38,24.92,Clear,0.0,91.0
2025-03-21,Berlin to Prague,TRK_0013,441.2,222.16,Delayed,4.5,573.98,63.84,Snow,87.85,80.7
2025-11-06,Brussels to Paris,TRK_0043,1049.6,420.95,On-Time,2.5,1386.59,94.49,Snow,0.0,55.2
2025-08-14,Brussels to Paris,TRK_0015,1027.2,586.82,On-Time,3.4,1650.96,60.38,Snow,0.0,38.3
2025-02-26,Brussels to Paris,TRK_0016,1088.4,460.28,On-Time,3.8,1465.63,65.29,Clear,0.0,29.0
2025-08-01,Paris to Lyon,TRK_0021,1099.5,505.1,On-Time,3.4,1403.91,61.6,Clear,0.0,73.5
2025-10-24,Warsaw to Krakow,TRK_0003,598.2,274.54,Delayed,3.7,847.49,112.65,Fog,198.0,74.5
2025-06-28,Krakow to Bratislava,TRK_0011,606.0,281.83,On-Time,4.1,953.47,112.07,Clear,0.0,54.3
2026-01-09,Milan to Zurich,TRK_0036,428.0,192.06,On-Time,2.8,439.18,32.06,Snow,0.0,33.5
2025-05-30,Lyon to Milan,TRK_0045,908.1,528.89,On-Time,3.6,1214.69,85.64,Rain,0.0,57.4
2026-01-15,Zurich to Munich,TRK_0031,986.6,464.8,On-Time,2.5,1270.22,77.7,Snow,0.0,91.0
2025-06-12,Warsaw to Berlin,TRK_0042,1008.3,519.43,On-Time,2.5,1225.29,117.95,Clear,0.0,93.1
2025-07-26,Berlin to Hamburg,TRK_0006,468.8,214.83,Delayed,2.8,507.74,37.39,Rain,225.7,73.5
2025-09-25,Milan to Zurich,TRK_0041,445.6,195.78,On-Time,3.3,580.15,52.55,Fog,0.0,43.9
2025-01-16,Amsterdam to Brussels,TRK_0005,434.2,231.46,On-Time,3.3,766.72,97.02,Clear,0.0,76.8
2025-08-13,Milan to Zurich,TRK_0036,459.2,221.85,On-Time,3.2,566.3,87.29,Snow,0.0,95.1
2025-12-29,Milan to Zurich,TRK_0005,422.4,222.42,On-Time,4.1,761.88,30.17,Rain,0.0,34.3
2025-02-01,Krakow to Bratislava,TRK_0042,600.8,295.24,Delayed,2.7,1002.85,42.48,Clear,118.13,83.9
2025-11-02,Berlin to Prague,TRK_0023,469.9,206.13,On-Time,4.2,558.24,30.42,Fog,0.0,45.9
2025-05-12,Vienna to Budapest,TRK_0021,1138.0,567.92,On-Time,3.2,1834.53,16.0,Clear,0.0,81.9
2025-11-27,Berlin to Prague,TRK_0019,445.3,234.75,On-Time,4.1,800.67,82.4,Snow,0.0,71.8
2026-01-16,Brussels to Paris,TRK_0016,1000.9,552.58,On-Time,4.6,1248.37,65.77,Fog,0.0,67.1
2025-12-17,Warsaw to Krakow,TRK_0048,597.2,262.21,On-Time,3.8,912.26,43.8,Snow,0.0,71.3
2025-05-23,Budapest to Bucharest,TRK_0041,630.3,314.23,On-Time,3.1,1093.98,102.13,Fog,0.0,43.1
2026-01-24,Berlin to Hamburg,TRK_0039,469.1,237.52,On-Time,4.6,634.57,40.35,Fog,0.0,83.2
2025-06-13,Budapest to Bucharest,TRK_0004,661.5,325.13,Delayed,4.8,764.14,49.38,Fog,174.69,75.8
2025-05-18,Warsaw to Berlin,TRK_0042,1027.9,492.17,On-Time,4.5,1682.98,18.41,Snow,0.0,60.3
2025-10-20,Hamburg to Amsterdam,TRK_0010,1056.2,510.74,On-Time,3.8,1387.04,36.58,Rain,0.0,46.0
2025-08-07,Berlin to Prague,TRK_0041,445.0,200.49,On-Time,4.3,681.45,81.81,Fog,0.0,38.0
2025-09-07,Brussels to Paris,TRK_0033,1082.8,542.87,On-Time,4.3,1657.36,56.34,Rain,0.0,31.5
2025-03-04,Brussels to Paris,TRK_0010,1075.5,528.8,On-Time,4.7,1265.46,101.73,Rain,0.0,40.3
2025-02-11,Warsaw to Krakow,TRK_0012,593.4,281.0,On-Time,4.3,696.44,104.39,Fog,0.0,34.0
2025-03-31,Berlin to Hamburg,TRK_0045,501.8,257.46,On-Time,4.5,732.69,89.38,Rain,0.0,35.5
2025-06-11,Berlin to Hamburg,TRK_0042,478.8,222.17,On-Time,2.8,747.53,90.86,Clear,0.0,69.5
2025-04-05,Berlin to Hamburg,TRK_0003,496.6,251.61,On-Time,3.8,574.97,89.44,Snow,0.0,35.5
2025-01-26,Warsaw to Krakow,TRK_0043,629.8,307.74,On-Time,3.1,1025.04,82.3,Clear,0.0,88.0
2025-10-22,Warsaw to Krakow,TRK_0024,611.3,317.22,On-Time,4.5,989.08,38.49,Snow,0.0,74.0
2025-04-04,Vienna to Budapest,TRK_0032,1104.6,485.72,On-Time,4.1,1335.22,86.51,Clear,0.0,34.3
2025-03-18,Vienna to Budapest,TRK_0006,1089.1,521.13,Delayed,4.1,1180.85,18.09,Snow,111.91,94.0
2025-12-13,Prague to Vienna,TRK_0003,388.8,188.59,On-Time,4.6,614.1,89.7,Clear,0.0,37.4
2025-03-13,Prague to Vienna,TRK_0047,363.1,206.36,On-Time,4.5,594.49,48.78,Fog,0.0,29.3
2026-01-29,Lyon to Milan,TRK_0049,927.9,440.47,On-Time,3.1,975.87,70.31,Snow,0.0,66.0
2025-08-14,Vienna to Budapest,TRK_0034,1106.8,474.07,On-Time,3.6,1626.17,73.16,Rain,0.0,52.4
2025-01-28,Warsaw to Berlin,TRK_0034,1015.8,500.26,Delayed,2.8,1251.38,112.17,Snow,125.89,68.7
2025-10-14,Lyon to Milan,TRK_0050,885.0,380.24,On-Time,4.1,1275.43,99.41,Clear,0.0,32.0
2026-02-11,Berlin to Hamburg,TRK_0014,470.4,207.12,Delayed,4.6,539.98,18.27,Fog,230.0,26.1
2025-06-14,Zurich to Munich,TRK_0015,940.3,475.11,Delayed,3.0,1208.18,90.97,Clear,212.44,27.0
2025-10-12,Amsterdam to Brussels,TRK_0012,460.9,231.82,Delayed,4.8,729.75,71.17,Fog,161.81,96.2
2026-01-27,Warsaw to Krakow,TRK_0011,600.9,292.01,Delayed,3.4,934.78,25.53,Rain,116.78,27.4
2026-01-31,Krakow to Bratislava,TRK_0002,572.9,290.6,On-Time,4.2,791.03,95.38,Rain,0.0,31.6
2025-10-21,Paris to Lyon,TRK_0005,1100.3,451.25,On-Time,3.3,1428.94,17.68,Rain,0.0,60.8
2026-01-07,Milan to Zurich,TRK_0008,425.4,204.96,On-Time,2.7,575.21,96.27,Rain,0.0,60.5
2025-11-20,Vienna to Budapest,TRK_0042,1056.6,473.24,Delayed,2.6,1050.09,118.42,Snow,167.95,28.3
2025-03-15,Krakow to Bratislava,TRK_0007,559.6,283.05,On-Time,3.2,828.36,112.83,Rain,0.0,35.8
2026-02-09,Warsaw to Berlin,TRK_0021,1030.9,588.92,On-Time,4.0,1552.32,108.57,Fog,0.0,83.9
2025-08-14,Brussels to Paris,TRK_0040,1002.4,433.47,Delayed,4.7,1364.02,80.25,Fog,173.28,73.3
2025-11-06,Milan to Zurich,TRK_0002,427.3,226.18,Delayed,4.9,526.62,78.47,Fog,171.73,83.5
2026-01-18,Budapest to Bucharest,TRK_0017,619.8,302.45,On-Time,4.4,948.2,96.88,Fog,0.0,44.2
2025-04-05,Warsaw to Krakow,TRK_0003,585.6,321.25,On-Time,4.9,1091.47,111.94,Snow,0.0,55.6
2026-02-13,Warsaw to Berlin,TRK_0018,1010.4,423.7,On-Time,3.7,1106.17,92.31,Rain,0.0,27.6
2025-01-13,Vienna to Budapest,TRK_0005,1151.6,558.17,On-Time,3.4,1684.5,20.48,Fog,0.0,26.4
2025-02-06,Lyon to Milan,TRK_0017,933.9,488.26,On-Time,2.5,1105.29,19.22,Snow,0.0,27.7
2025-05-30,Krakow to Bratislava,TRK_0046,563.8,273.0,On-Time,4.5,705.54,116.62,Fog,0.0,50.6
2025-07-04,Warsaw to Berlin,TRK_0027,982.1,529.79,Delayed,3.2,1458.25,48.21,Fog,90.29,95.5
2025-09-29,Paris to Lyon,TRK_0003,1104.7,476.87,On-Time,2.8,1462.97,26.21,Fog,0.0,50.8
2025-12-15,Warsaw to Krakow,TRK_0043,573.6,283.53,On-Time,2.6,712.32,50.51,Clear,0.0,57.1
2025-02-06,Berlin to Hamburg,TRK_0050,480.0,249.81,On-Time,4.5,827.82,116.92,Fog,0.0,89.1
2026-02-24,Milan to Zurich,TRK_0050,452.8,235.65,On-Time,4.4,566.31,40.99,Fog,0.0,54.3
2025-01-30,Warsaw to Krakow,TRK_0011,588.4,274.67,On-Time,3.2,739.86,59.04,Snow,0.0,80.6
2025-11-26,Amsterdam to Brussels,TRK_0033,472.3,221.8,Delayed,4.2,553.68,68.39,Clear,227.36,87.5
2026-02-12,Milan to Zurich,TRK_0016,436.5,212.17,On-Time,3.2,602.79,89.8,Rain,0.0,82.0
2025-08-23,Paris to Lyon,TRK_0048,1088.6,563.09,On-Time,4.6,1949.89,110.5,Snow,0.0,26.5
2025-01-03,Brussels to Paris,TRK_0037,1022.2,505.61,On-Time,4.7,1266.56,116.9,Rain,0.0,72.0
2025-05-29,Paris to Lyon,TRK_0036,1146.0,566.44,On-Time,3.7,1425.77,56.72,Fog,0.0,55.5
2025-05-11,Berlin to Hamburg,TRK_0037,512.9,225.99,On-Time,4.6,600.18,74.1,Fog,0.0,34.0
2025-03-06,Amsterdam to Brussels,TRK_0035,451.6,230.55,On-Time,4.2,627.18,21.02,Clear,0.0,67.9
2025-11-04,Zurich to Munich,TRK_0013,941.1,425.92,On-Time,4.1,1275.45,26.89,Fog,0.0,88.1
2025-09-12,Hamburg to Amsterdam,TRK_0001,1136.4,582.74,On-Time,2.8,1758.04,103.8,Fog,0.0,78.6
2025-04-19,Amsterdam to Brussels,TRK_0047,460.9,237.31,Delayed,3.3,607.68,61.76,Fog,235.84,97.6
2025-05-20,Warsaw to Krakow,TRK_0003,618.3,323.08,On-Time,2.8,864.16,114.92,Clear,0.0,75.9
2025-07-04,Budapest to Bucharest,TRK_0024,615.6,293.76,On-Time,4.2,981.59,48.67,Snow,0.0,34.6
2025-07-19,Vienna to Budapest,TRK_0041,1108.0,568.23,On-Time,3.2,1498.78,50.37,Fog,0.0,53.5
2026-01-21,Krakow to Bratislava,TRK_0044,561.3,304.84,On-Time,2.5,1029.17,50.07,Snow,0.0,94.5
2026-02-04,Brussels to Paris,TRK_0001,1036.7,525.59,Delayed,4.1,1631.52,30.01,Fog,177.2,74.1
2025-10-12,Warsaw to Berlin,TRK_0032,1048.9,567.69,On-Time,4.7,1791.63,82.74,Fog,0.0,84.6
2025-01-12,Krakow to Bratislava,TRK_0016,602.6,317.0,On-Time,3.0,888.9,86.54,Snow,0.0,44.3
2025-03-30,Zurich to Munich,TRK_0042,979.8,558.58,On-Time,4.2,1262.41,115.85,Fog,0.0,83.5
2025-08-10,Vienna to Budapest,TRK_0023,1106.6,581.07,On-Time,2.8,1649.23,59.11,Snow,0.0,66.2
2025-02-03,Berlin to Prague,TRK_0038,458.9,242.79,On-Time,4.6,750.85,99.3,Snow,0.0,69.3
2025-06-26,Berlin to Prague,TRK_0003,458.8,199.94,On-Time,2.7,602.29,29.9,Clear,0.0,59.9
2025-01-24,Hamburg to Amsterdam,TRK_0002,1055.8,515.65,On-Time,4.3,1146.75,36.89,Fog,0.0,46.9
2025-04-02,Amsterdam to Brussels,TRK_0028,470.4,224.67,On-Time,2.7,495.38,88.15,Snow,0.0,91.3
2025-11-10,Berlin to Prague,TRK_0008,470.7,227.52,On-Time,3.2,573.68,119.05,Rain,0.0,65.4
2025-11-03,Budapest to Bucharest,TRK_0007,626.9,287.7,On-Time,4.1,643.22,34.8,Rain,0.0,66.1
2026-01-19,Warsaw to Krakow,TRK_0004,606.2,284.61,On-Time,3.9,683.19,75.27,Snow,0.0,85.4
2025-10-13,Vienna to Budapest,TRK_0044,1133.5,573.4,On-Time,5.0,1922.38,70.64,Snow,0.0,53.1
2025-08-31,Berlin to Hamburg,TRK_0047,479.3,246.72,On-Time,4.3,545.9,118.02,Rain,0.0,88.8
2025-09-01,Brussels to Paris,TRK_0009,1072.5,589.79,On-Time,3.5,1571.83,114.62,Snow,0.0,50.7
2025-03-22,Berlin to Hamburg,TRK_0028,497.8,239.6,On-Time,3.3,768.21,68.66,Fog,0.0,35.5
2025-10-13,Berlin to Hamburg,TRK_0046,504.9,264.15,On-Time,4.7,761.93,102.37,Clear,0.0,83.5
2025-09-27,Berlin to Hamburg,TRK_0028,475.6,220.69,On-Time,3.5,662.41,20.46,Clear,0.0,57.3
2025-12-27,Amsterdam to Brussels,TRK_0011,448.4,237.6,On-Time,4.6,609.73,93.08,Fog,0.0,41.1
2025-12-07,Warsaw to Berlin,TRK_0033,967.9,429.5,On-Time,2.5,1394.75,74.51,Rain,0.0,68.4
2026-02-16,Vienna to Budapest,TRK_0018,1140.8,480.7,On-Time,3.6,1331.13,111.93,Snow,0.0,70.3
2025-04-24,Warsaw to Krakow,TRK_0023,571.8,277.14,On-Time,4.2,620.64,26.95,Snow,0.0,62.3
2025-07-09,Berlin to Hamburg,TRK_0026,508.9,251.94,On-Time,2.6,569.44,88.22,Clear,0.0,97.1
2025-12-21,Budapest to Bucharest,TRK_0030,635.2,306.66,On-Time,4.9,994.34,119.89,Clear,0.0,38.5
2025-02-23,Zurich to Munich,TRK_0046,973.1,576.21,On-Time,3.0,1892.25,65.51,Clear,0.0,31.1
2025-01-03,Brussels to Paris,TRK_0007,1081.7,471.45,Delayed,4.6,1637.51,79.74,Rain,236.29,36.6
2026-01-07,Zurich to Munich,TRK_0044,931.2,495.25,On-Time,3.5,1263.33,87.71,Fog,0.0,92.6
2025-01-28,Zurich to Munich,TRK_0011,968.3,557.07,On-Time,3.4,1748.32,102.63,Fog,0.0,31.1
2025-10-13,Milan to Zurich,TRK_0046,418.4,236.49,On-Time,2.7,617.38,40.45,Clear,0.0,76.7
2025-10-20,Amsterdam to Brussels,TRK_0021,475.2,272.91,On-Time,2.6,942.46,65.6,Rain,0.0,83.3
2025-12-26,Lyon to Milan,TRK_0018,946.8,535.61,On-Time,3.5,1768.34,41.95,Snow,0.0,52.4
2025-06-12,Warsaw to Krakow,TRK_0031,570.5,248.11,On-Time,3.2,564.19,77.02,Snow,0.0,73.4
2025-12-21,Krakow to Bratislava,TRK_0033,592.8,322.94,On-Time,3.1,754.92,69.41,Fog,0.0,81.7
2025-02-25,Budapest to Bucharest,TRK_0008,634.9,306.61,Delayed,4.9,682.94,22.94,Fog,194.1,88.0
2025-07-01,Warsaw to Berlin,TRK_0032,1009.7,504.41,On-Time,4.9,1691.72,42.58,Snow,0.0,31.7
2025-06-03,Paris to Lyon,TRK_0018,1067.8,549.45,Delayed,3.5,1773.77,16.97,Clear,199.0,86.9
2025-02-03,Milan to Zurich,TRK_0022,422.5,203.92,On-Time,4.4,495.49,68.53,Fog,0.0,28.1
2025-03-15,Berlin to Prague,TRK_0017,459.9,227.93,On-Time,4.7,776.1,61.75,Fog,0.0,73.1
2025-02-10,Brussels to Paris,TRK_0029,991.0,437.32,On-Time,3.6,1290.01,31.19,Rain,0.0,68.5
2025-11-30,Krakow to Bratislava,TRK_0030,572.9,232.8,On-Time,4.7,749.26,48.86,Clear,0.0,83.1
2025-08-10,Berlin to Prague,TRK_0001,472.7,242.45,On-Time,4.3,702.61,15.63,Fog,0.0,91.6
2025-10-11,Prague to Vienna,TRK_0017,375.3,197.15,On-Time,3.8,543.4,65.74,Clear,0.0,56.6
2025-09-07,Paris to Lyon,TRK_0009,1062.8,576.46,Delayed,4.4,1492.58,105.73,Snow,114.9,94.4
2025-10-31,Berlin to Prague,TRK_0010,457.6,207.23,On-Time,3.7,515.73,59.4,Fog,0.0,91.5
2025-05-24,Warsaw to Berlin,TRK_0045,1043.7,488.95,On-Time,2.6,1452.63,99.88,Snow,0.0,75.2
2025-11-18,Krakow to Bratislava,TRK_0050,583.3,335.81,On-Time,2.7,1031.78,32.34,Fog,0.0,83.2
2025-02-01,Vienna to Budapest,TRK_0035,1099.6,605.26,On-Time,2.9,1717.82,84.11,Clear,0.0,87.0
2025-11-29,Paris to Lyon,TRK_0011,1057.8,556.68,On-Time,3.1,1493.66,50.39,Snow,0.0,89.6
2025-11-15,Warsaw to Krakow,TRK_0007,577.4,271.52,Delayed,4.3,650.88,75.12,Snow,172.09,53.9
2026-01-18,Krakow to Bratislava,TRK_0013,598.6,277.62,On-Time,4.7,796.06,34.74,Rain,0.0,84.1
2025-11-13,Prague to Vienna,TRK_0010,368.5,155.94,On-Time,4.9,347.05,79.52,Clear,0.0,69.7
2025-10-14,Milan to Zurich,TRK_0030,426.0,235.82,On-Time,4.8,769.34,71.26,Rain,0.0,71.4
2025-05-28,Lyon to Milan,TRK_0008,867.7,344.8,On-Time,3.8,989.53,119.19,Rain,0.0,87.2
2026-01-22,Vienna to Budapest,TRK_0037,1159.4,572.47,Delayed,4.3,1492.51,83.26,Fog,80.22,64.0
2025-12-23,Berlin to Hamburg,TRK_0041,511.1,246.17,On-Time,3.1,660.93,98.66,Snow,0.0,45.6
2025-11-09,Brussels to Paris,TRK_0004,1076.4,509.24,On-Time,3.2,1130.1,66.3,Clear,0.0,36.7
2025-08-22,Budapest to Bucharest,TRK_0028,622.7,305.27,On-Time,2.6,1037.15,98.48,Clear,0.0,90.3
2025-10-07,Zurich to Munich,TRK_0021,953.1,419.57,On-Time,4.4,1218.65,33.89,Snow,0.0,26.8
2025-03-23,Prague to Vienna,TRK_0033,375.1,192.61,On-Time,3.1,427.03,87.81,Snow,0.0,30.3
2025-07-09,Berlin to Prague,TRK_0004,449.5,201.49,Delayed,3.6,576.9,85.61,Snow,82.29,51.4
2025-04-17,Paris to Lyon,TRK_0040,1129.2,613.18,Delayed,2.6,1945.78,101.28,Clear,101.62,95.6
2026-02-27,Berlin to Hamburg,TRK_0001,480.1,280.26,On-Time,3.4,737.25,75.95,Rain,0.0,40.8
2026-01-31,Berlin to Hamburg,TRK_0010,487.4,258.05,On-Time,3.9,875.46,42.85,Rain,0.0,62.3
2025-11-10,Warsaw to Berlin,TRK_0013,1010.8,443.75,On-Time,4.0,1192.85,20.38,Fog,0.0,39.5
2026-02-20,Berlin to Hamburg,TRK_0003,471.4,233.35,Delayed,3.7,698.34,46.19,Clear,103.27,47.8
2026-02-21,Amsterdam to Brussels,TRK_0005,441.4,215.4,On-Time,3.6,532.0,59.89,Rain,0.0,31.1
2025-06-06,Warsaw to Krakow,TRK_0048,611.6,322.24,On-Time,3.6,1027.56,53.66,Snow,0.0,97.4
2025-05-31,Paris to Lyon,TRK_0025,1078.4,594.89,On-Time,4.0,1756.48,107.13,Rain,0.0,42.5
2025-12-11,Warsaw to Berlin,TRK_0049,966.7,392.35,On-Time,3.1,976.41,69.41,Rain,0.0,32.6
2025-10-19,Warsaw to Berlin,TRK_0025,1031.0,494.1,On-Time,2.9,1097.4,15.61,Snow,0.0,42.9
2025-10-07,Zurich to Munich,TRK_0028,942.5,458.8,On-Time,4.1,1241.2,92.51,Fog,0.0,48.0
2026-01-11,Amsterdam to Brussels,TRK_0033,450.3,212.65,Delayed,3.0,743.05,35.32,Clear,223.33,81.5
2025-03-17,Vienna to Budapest,TRK_0013,1151.5,501.27,Delayed,4.5,1481.27,32.82,Fog,165.0,71.1
2025-08-27,Berlin to Prague,TRK_0024,465.1,231.02,Delayed,3.8,696.05,98.59,Fog,222.71,54.5
2025-09-28,Prague to Vienna,TRK_0044,375.2,203.2,On-Time,3.9,450.02,54.73,Fog,0.0,87.3
2025-09-16,Zurich to Munich,TRK_0044,956.2,472.47,On-Time,3.3,1571.09,53.8,Snow,0.0,52.6
2025-09-15,Krakow to Bratislava,TRK_0002,580.7,254.25,Delayed,4.1,592.69,79.17,Fog,248.88,57.3
2025-04-22,Warsaw to Berlin,TRK_0008,1009.8,473.81,On-Time,4.0,1605.44,51.3,Snow,0.0,43.8
2025-09-29,Hamburg to Amsterdam,TRK_0030,1112.1,631.02,On-Time,4.9,1590.6,41.77,Snow,0.0,64.4
2025-12-21,Zurich to Munich,TRK_0030,976.5,400.83,Delayed,2.7,1400.73,87.21,Fog,199.55,79.6
2025-08-01,Warsaw to Berlin,TRK_0020,985.9,533.24,On-Time,4.2,1327.42,17.55,Fog,0.0,77.9
2025-01-05,Vienna to Budapest,TRK_0045,1102.9,545.33,On-Time,4.3,1795.9,61.08,Rain,0.0,55.5
2025-09-27,Berlin to Hamburg,TRK_0034,468.5,233.19,On-Time,3.3,676.87,81.84,Rain,0.0,71.1
2025-08-14,Paris to Lyon,TRK_0013,1061.2,605.61,Delayed,3.7,1598.62,118.13,Snow,161.68,69.0
2026-01-05,Vienna to Budapest,TRK_0017,1075.3,523.85,Delayed,3.1,1702.18,51.94,Fog,149.45,34.8
2025-09-28,Milan to Zurich,TRK_0020,417.7,223.44,On-Time,3.5,752.09,95.22,Snow,0.0,57.3
2025-05-31,Krakow to Bratislava,TRK_0027,557.1,288.7,On-Time,3.3,795.56,81.27,Snow,0.0,90.9
2025-12-06,Prague to Vienna,TRK_0020,366.1,178.48,On-Time,4.0,525.5,20.76,Fog,0.0,36.8
2026-01-03,Berlin to Hamburg,TRK_0027,497.7,225.38,Delayed,5.0,571.95,38.9,Rain,154.51,92.5
2025-04-30,Krakow to Bratislava,TRK_0036,587.9,316.0,On-Time,4.5,1037.94,84.97,Fog,0.0,35.1
2025-07-03,Zurich to Munich,TRK_0042,930.4,491.1,On-Time,3.5,1355.41,24.12,Rain,0.0,51.3
2025-07-10,Budapest to Bucharest,TRK_0032,639.9,303.85,On-Time,4.1,699.76,47.07,Rain,0.0,55.0
2025-09-04,Brussels to Paris,TRK_0015,1028.0,471.37,On-Time,2.9,1299.26,105.49,Fog,0.0,71.5
2025-01-19,Lyon to Milan,TRK_0038,902.0,442.32,On-Time,4.6,976.76,77.72,Fog,0.0,53.6
2025-12-07,Milan to Zurich,TRK_0038,431.2,195.61,On-Time,2.6,454.78,107.93,Snow,0.0,87.4
2025-03-08,Paris to Lyon,TRK_0042,1148.9,630.58,On-Time,2.9,2061.32,110.69,Snow,0.0,38.2
2026-01-01,Warsaw to Krakow,TRK_0009,609.9,301.46,On-Time,4.2,986.34,20.93,Rain,0.0,36.5
2025-07-30,Warsaw to Krakow,TRK_0026,619.3,333.75,Delayed,4.4,759.9,70.88,Fog,207.67,29.8
2025-03-02,Berlin to Prague,TRK_0032,450.7,217.04,Delayed,2.6,483.82,43.32,Rain,246.39,97.6
2026-02-08,Vienna to Budapest,TRK_0017,1087.9,519.84,On-Time,3.3,1763.76,85.74,Snow,0.0,29.4
2025-06-13,Budapest to Bucharest,TRK_0013,630.9,328.18,Delayed,5.0,728.34,68.38,Snow,112.68,86.2
2025-10-09,Paris to Lyon,TRK_0035,1107.8,538.08,On-Time,4.8,1578.14,92.57,Clear,0.0,44.0
2025-02-05,Warsaw to Krakow,TRK_0044,622.9,297.16,On-Time,4.5,1007.96,95.08,Clear,0.0,83.8
2025-02-20,Zurich to Munich,TRK_0026,996.1,463.61,On-Time,4.1,1620.39,78.33,Fog,0.0,58.4
2025-05-23,Brussels to Paris,TRK_0019,1070.6,517.24,On-Time,4.0,1345.76,86.31,Fog,0.0,94.3
2025-09-13,Brussels to Paris,TRK_0045,1066.1,515.53,On-Time,4.7,1766.22,28.6,Fog,0.0,77.5
2025-11-14,Prague to Vienna,TRK_0031,385.8,212.33,On-Time,4.4,495.49,98.48,Fog,0.0,57.9
2026-02-10,Milan to Zurich,TRK_0043,420.3,186.45,On-Time,3.2,452.3,68.33,Rain,0.0,29.8
2025-11-22,Prague to Vienna,TRK_0017,360.8,173.66,On-Time,4.9,488.12,96.36,Rain,0.0,45.7
2025-10-31,Warsaw to Berlin,TRK_0005,988.2,473.65,On-Time,3.4,1564.56,70.52,Snow,0.0,41.7
2025-12-14,Zurich to Munich,TRK_0023,942.4,522.08,On-Time,3.1,1287.42,42.85,Clear,0.0,77.3
2025-08-28,Warsaw to Berlin,TRK_0045,1005.4,468.53,On-Time,4.8,1176.55,49.52,Snow,0.0,42.4
2025-08-19,Paris to Lyon,TRK_0035,1139.4,649.77,On-Time,4.4,1606.27,87.55,Clear,0.0,36.4
2025-03-25,Brussels to Paris,TRK_0005,1000.4,432.81,On-Time,2.7,1323.54,23.27,Snow,0.0,44.2
2025-09-11,Hamburg to Amsterdam,TRK_0036,1113.2,590.91,On-Time,3.7,1584.17,17.97,Clear,0.0,70.4
2025-11-27,Warsaw to Berlin,TRK_0047,1017.9,532.63,On-Time,3.6,1295.94,41.81,Rain,0.0,34.5
2025-06-21,Prague to Vienna,TRK_0029,356.4,188.21,Delayed,4.3,423.87,68.91,Rain,154.96,92.5
2025-09-13,Brussels to Paris,TRK_0032,1024.2,537.67,On-Time,4.1,1767.08,35.49,Clear,0.0,84.2
2025-06-03,Budapest to Bucharest,TRK_0024,616.3,344.71,On-Time,3.1,985.53,53.04,Rain,0.0,63.5
2025-07-24,Paris to Lyon,TRK_0010,1119.6,527.37,On-Time,3.3,1656.23,47.93,Fog,0.0,92.8
2025-08-17,Milan to Zurich,TRK_0035,449.6,202.21,On-Time,4.3,495.61,36.5,Fog,0.0,66.9
2026-02-01,Berlin to Prague,TRK_0015,477.6,209.82,On-Time,4.7,701.6,79.71,Fog,0.0,79.7
2025-08-26,Warsaw to Krakow,TRK_0025,607.8,289.18,On-Time,4.5,700.68,70.48,Snow,0.0,73.4
2026-01-30,Warsaw to Krakow,TRK_0037,623.3,336.83,On-Time,4.7,765.72,15.52,Clear,0.0,71.5
2025-06-16,Hamburg to Amsterdam,TRK_0015,1147.9,519.46,On-Time,2.7,1615.64,49.75,Rain,0.0,89.8
2025-07-16,Vienna to Budapest,TRK_0039,1072.5,543.92,On-Time,4.2,1697.9,112.18,Fog,0.0,45.9
2026-02-11,Lyon to Milan,TRK_0025,879.6,420.73,On-Time,3.3,974.2,93.42,Snow,0.0,36.9
2025-05-14,Lyon to Milan,TRK_0049,881.3,459.4,Delayed,3.3,1370.56,91.95,Snow,226.39,46.9
2025-12-01,Budapest to Bucharest,TRK_0039,650.5,344.87,On-Time,4.1,900.2,86.25,Fog,0.0,37.8
2025-05-15,Vienna to Budapest,TRK_0043,1114.9,491.64,On-Time,4.6,1571.77,61.91,Clear,0.0,86.6
2025-08-19,Brussels to Paris,TRK_0015,1056.2,469.23,On-Time,3.3,1099.29,71.87,Snow,0.0,31.5
2025-03-02,Vienna to Budapest,TRK_0002,1063.5,518.1,On-Time,3.7,1529.83,43.76,Snow,0.0,55.2
2025-02-09,Krakow to Bratislava,TRK_0040,595.7,316.62,On-Time,4.9,992.89,20.73,Snow,0.0,42.1
2025-01-01,Berlin to Prague,TRK_0050,440.8,206.14,On-Time,3.4,535.0,53.86,Fog,0.0,51.5
2025-08-23,Paris to Lyon,TRK_0013,1068.0,535.89,On-Time,4.4,1414.12,60.49,Snow,0.0,69.8
2026-02-10,Lyon to Milan,TRK_0049,928.6,390.48,On-Time,4.7,1075.42,88.78,Clear,0.0,47.7
2025-09-06,Warsaw to Berlin,TRK_0041,1040.5,581.86,On-Time,3.3,1922.87,109.22,Rain,0.0,86.1
2026-02-09,Warsaw to Krakow,TRK_0001,582.2,295.82,On-Time,2.5,839.53,70.46,Fog,0.0,35.9
2025-04-14,Zurich to Munich,TRK_0004,961.2,448.41,On-Time,3.7,1487.02,20.3,Fog,0.0,33.9
2025-11-06,Vienna to Budapest,TRK_0004,1101.6,532.25,On-Time,3.2,1253.72,83.98,Fog,0.0,57.3
2025-08-09,Vienna to Budapest,TRK_0044,1065.1,506.74,On-Time,3.9,1524.53,85.68,Fog,0.0,44.8
2025-08-04,Milan to Zurich,TRK_0005,423.6,229.27,On-Time,3.8,728.22,71.81,Snow,0.0,77.0
2025-08-20,Hamburg to Amsterdam,TRK_0037,1104.9,514.53,On-Time,3.4,1401.71,70.76,Fog,0.0,64.3
2025-08-09,Berlin to Hamburg,TRK_0012,515.9,258.77,On-Time,2.5,831.47,18.75,Fog,0.0,29.7
2025-06-16,Berlin to Hamburg,TRK_0017,507.5,245.67,Delayed,5.0,812.59,99.2,Rain,145.39,87.6
2026-01-08,Berlin to Prague,TRK_0043,443.8,206.21,On-Time,4.9,527.92,71.25,Rain,0.0,94.2
2026-01-21,Budapest to Bucharest,TRK_0026,658.7,353.15,On-Time,2.8,887.1,23.37,Snow,0.0,29.1
2025-05-23,Brussels to Paris,TRK_0043,1007.4,496.94,Delayed,4.8,1357.05,39.76,Clear,215.37,33.6
2025-12-01,Berlin to Prague,TRK_0040,457.7,205.65,On-Time,4.5,667.2,17.76,Fog,0.0,68.4
2025-06-05,Paris to Lyon,TRK_0028,1086.4,495.87,On-Time,4.5,1132.76,25.32,Rain,0.0,70.0
2025-03-21,Hamburg to Amsterdam,TRK_0032,1111.1,528.34,On-Time,2.7,1833.67,31.86,Clear,0.0,26.5
2025-09-14,Brussels to Paris,TRK_0028,995.1,516.53,Delayed,4.9,1332.11,105.31,Fog,232.4,56.1
2026-01-05,Berlin to Prague,TRK_0025,445.6,238.33,On-Time,3.2,824.97,57.97,Fog,0.0,28.7
2025-01-16,Paris to Lyon,TRK_0022,1110.1,605.97,On-Time,4.2,1533.97,82.99,Fog,0.0,77.0
2025-10-29,Warsaw to Krakow,TRK_0045,612.1,304.14,Delayed,2.6,702.13,21.77,Fog,95.7,50.4
2025-10-13,Krakow to Bratislava,TRK_0039,559.4,242.76,On-Time,4.8,666.41,82.75,Clear,0.0,69.5
2025-10-29,Milan to Zurich,TRK_0023,439.3,220.0,Delayed,3.9,507.67,29.31,Fog,119.51,44.2
2025-11-15,Prague to Vienna,TRK_0009,372.9,199.6,On-Time,3.8,588.91,104.29,Rain,0.0,55.9
2025-03-30,Amsterdam to Brussels,TRK_0016,461.2,212.74,On-Time,3.2,616.88,34.09,Rain,0.0,63.1
2025-01-03,Berlin to Prague,TRK_0008,455.3,238.92,On-Time,4.4,734.41,53.92,Clear,0.0,40.4
2025-10-07,Zurich to Munich,TRK_0049,940.9,487.07,Delayed,4.8,1369.5,16.46,Rain,183.66,42.7
2025-08-25,Zurich to Munich,TRK_0021,922.2,447.41,On-Time,2.9,1120.83,88.36,Clear,0.0,78.9
2025-10-19,Lyon to Milan,TRK_0023,930.0,519.6,On-Time,3.6,1515.79,66.54,Rain,0.0,52.3
2025-01-07,Paris to Lyon,TRK_0027,1081.3,579.22,On-Time,2.6,1946.89,97.1,Rain,0.0,69.8
2025-05-30,Berlin to Hamburg,TRK_0003,509.6,252.02,On-Time,4.3,725.32,93.59,Rain,0.0,88.3
2026-01-19,Warsaw to Berlin,TRK_0029,1030.7,509.18,On-Time,4.7,1750.19,91.01,Fog,0.0,26.4
2025-01-31,Warsaw to Krakow,TRK_0024,602.3,293.18,Delayed,3.0,914.36,23.68,Fog,248.91,52.2
2025-01-11,Berlin to Prague,TRK_0005,458.0,247.36,On-Time,2.6,793.55,102.73,Clear,0.0,85.5
2025-05-27,Berlin to Hamburg,TRK_0029,512.9,282.73,On-Time,4.2,776.9,92.29,Clear,0.0,42.3
2025-08-14,Amsterdam to Brussels,TRK_0038,455.7,180.18,On-Time,4.9,474.34,68.12,Clear,0.0,83.3
2025-12-27,Brussels to Paris,TRK_0010,1071.5,506.06,On-Time,4.5,1330.49,87.23,Snow,0.0,86.7
2026-01-24,Berlin to Hamburg,TRK_0042,506.4,255.45,On-Time,2.9,670.81,55.26,Rain,0.0,36.2
2025-10-05,Vienna to Budapest,TRK_0043,1140.6,628.36,On-Time,4.5,1489.82,74.41,Fog,0.0,33.9
2025-09-23,Berlin to Hamburg,TRK_0004,471.1,259.59,Delayed,4.3,763.56,98.73,Rain,182.89,44.2
2025-02-08,Krakow to Bratislava,TRK_0003,587.1,289.56,Delayed,2.9,780.5,117.31,Fog,82.5,75.7
2025-09-06,Warsaw to Krakow,TRK_0033,612.1,294.15,Delayed,3.6,720.03,16.31,Fog,181.74,72.5
2025-11-30,Krakow to Bratislava,TRK_0049,601.9,256.47,On-Time,4.0,588.68,37.5,Rain,0.0,64.9
2025-10-07,Amsterdam to Brussels,TRK_0040,462.0,250.06,On-Time,4.7,797.09,69.49,Fog,0.0,80.7
2025-09-26,Berlin to Prague,TRK_0005,481.8,193.07,On-Time,2.9,665.41,88.92,Clear,0.0,42.8
2025-07-31,Warsaw to Berlin,TRK_0033,1004.8,477.8,On-Time,3.2,1529.36,36.99,Fog,0.0,34.8
2025-02-27,Prague to Vienna,TRK_0013,372.4,201.45,On-Time,4.6,498.82,73.7,Rain,0.0,81.6
2025-02-07,Amsterdam to Brussels,TRK_0046,434.7,212.15,On-Time,3.8,548.65,40.27,Fog,0.0,66.6
2025-09-07,Lyon to Milan,TRK_0022,896.7,437.64,Delayed,2.8,1394.77,18.46,Fog,127.48,37.1
2025-02-16,Paris to Lyon,TRK_0046,1151.3,478.96,On-Time,4.0,1328.15,55.7,Rain,0.0,29.2
2025-12-18,Berlin to Prague,TRK_0014,447.0,201.43,On-Time,2.5,489.69,40.67,Rain,0.0,61.1
2025-06-11,Hamburg to Amsterdam,TRK_0034,1109.7,590.46,On-Time,2.9,1617.19,17.55,Snow,0.0,33.5
2025-06-26,Milan to Zurich,TRK_0009,437.0,212.86,On-Time,2.8,627.35,38.65,Clear,0.0,26.4
2026-02-27,Berlin to Hamburg,TRK_0005,497.0,273.95,Delayed,3.5,829.63,31.39,Clear,92.78,73.4
2025-01-17,Warsaw to Berlin,TRK_0012,1039.2,530.7,On-Time,4.6,1382.61,22.85,Snow,0.0,53.3
2025-07-18,Milan to Zurich,TRK_0006,448.0,213.06,On-Time,2.9,604.71,18.81,Snow,0.0,51.6
2025-12-23,Amsterdam to Brussels,TRK_0046,474.7,215.81,On-Time,4.2,723.75,51.84,Rain,0.0,95.1
2025-07-05,Berlin to Prague,TRK_0002,485.1,244.14,On-Time,2.7,636.23,102.52,Snow,0.0,52.6
2025-03-03,Vienna to Budapest,TRK_0032,1057.5,579.57,On-Time,4.9,1350.77,38.24,Rain,0.0,27.1
2025-07-22,Vienna to Budapest,TRK_0029,1059.7,568.71,On-Time,4.5,1468.09,15.01,Snow,0.0,31.8
2025-04-14,Amsterdam to Brussels,TRK_0022,460.0,213.64,On-Time,2.6,690.9,38.66,Snow,0.0,60.1
2025-04-13,Amsterdam to Brussels,TRK_0015,435.9,204.49,On-Time,2.6,596.79,25.71,Rain,0.0,74.8
2025-09-07,Warsaw to Berlin,TRK_0024,963.1,452.09,On-Time,3.2,1207.78,116.33,Clear,0.0,41.4
2025-05-11,Brussels to Paris,TRK_0050,1084.1,548.08,On-Time,4.2,1717.75,45.5,Snow,0.0,71.9
2025-01-31,Hamburg to Amsterdam,TRK_0007,1060.5,544.66,Delayed,2.9,1265.46,117.64,Clear,182.01,65.0
2025-11-06,Krakow to Bratislava,TRK_0001,592.1,287.77,On-Time,3.4,803.85,51.07,Rain,0.0,53.5
2025-08-25,Brussels to Paris,TRK_0031,1026.8,439.4,On-Time,4.1,1344.76,85.73,Snow,0.0,97.4
2026-01-11,Brussels to Paris,TRK_0039,1034.8,533.33,On-Time,3.9,1699.31,67.4,Rain,0.0,25.7
2025-01-02,Milan to Zurich,TRK_0017,459.6,226.57,On-Time,4.6,611.4,85.73,Rain,0.0,45.8
2025-07-12,Budapest to Bucharest,TRK_0049,605.0,262.22,On-Time,4.7,736.76,87.05,Fog,0.0,93.4
2025-06-22,Berlin to Prague,TRK_0014,480.9,221.86,Delayed,3.9,502.78,30.24,Clear,246.61,77.5
2025-06-29,Berlin to Hamburg,TRK_0020,477.0,241.1,On-Time,4.5,746.04,77.32,Rain,0.0,55.1
2025-02-17,Lyon to Milan,TRK_0003,918.0,493.5,On-Time,2.6,1420.28,42.73,Fog,0.0,73.5
2025-08-15,Prague to Vienna,TRK_0003,387.6,183.64,Delayed,2.6,506.16,32.58,Snow,108.87,48.6
2025-04-14,Brussels to Paris,TRK_0043,998.3,424.56,On-Time,5.0,1235.38,110.29,Snow,0.0,46.8
2025-02-05,Warsaw to Krakow,TRK_0032,586.0,250.79,On-Time,3.6,563.53,95.99,Snow,0.0,65.5
2025-10-11,Berlin to Hamburg,TRK_0008,476.6,228.14,On-Time,3.5,688.93,25.85,Rain,0.0,83.5
2025-08-05,Brussels to Paris,TRK_0042,1091.6,485.43,On-Time,4.5,1662.74,44.91,Snow,0.0,77.6
2025-09-03,Budapest to Bucharest,TRK_0025,628.7,321.08,On-Time,2.6,815.52,52.06,Clear,0.0,72.4
2025-06-06,Lyon to Milan,TRK_0016,952.0,520.81,Delayed,3.7,1156.35,75.91,Rain,167.49,33.7
2025-03-15,Warsaw to Krakow,TRK_0034,607.7,290.27,On-Time,4.2,696.38,86.77,Rain,0.0,25.8
2025-04-06,Milan to Zurich,TRK_0044,448.9,224.6,On-Time,3.8,775.74,105.42,Clear,0.0,81.9
2025-04-06,Milan to Zurich,TRK_0034,426.1,233.47,Delayed,4.7,572.75,116.93,Fog,117.28,26.1
2025-12-10,Vienna to Budapest,TRK_0035,1143.6,565.22,On-Time,2.8,1560.0,64.85,Fog,0.0,68.3
2025-12-23,Milan to Zurich,TRK_0045,419.9,205.48,Delayed,2.5,582.84,25.66,Fog,85.95,50.8
2025-09-06,Zurich to Munich,TRK_0019,978.8,480.27,Delayed,3.6,1645.79,119.41,Snow,122.03,58.2
2025-08-11,Vienna to Budapest,TRK_0031,1114.8,482.08,On-Time,4.1,1527.54,54.13,Fog,0.0,56.0
2025-06-11,Zurich to Munich,TRK_0039,950.4,419.12,On-Time,3.1,1312.18,37.94,Snow,0.0,94.2
2025-09-08,Warsaw to Berlin,TRK_0049,972.9,524.7,On-Time,5.0,1377.02,57.58,Snow,0.0,74.9
2025-02-25,Berlin to Prague,TRK_0017,472.6,200.43,On-Time,3.8,663.96,30.78,Fog,0.0,53.1
2025-12-22,Berlin to Prague,TRK_0036,470.5,220.52,On-Time,4.3,510.01,25.84,Clear,0.0,36.7
2025-05-18,Milan to Zurich,TRK_0012,427.5,217.8,On-Time,3.0,549.77,19.75,Rain,0.0,95.8
2025-09-27,Vienna to Budapest,TRK_0017,1085.4,527.58,On-Time,2.8,1460.7,73.96,Fog,0.0,34.1
2025-02-25,Budapest to Bucharest,TRK_0048,628.6,314.5,On-Time,3.1,912.14,108.01,Rain,0.0,78.5
2025-06-09,Budapest to Bucharest,TRK_0008,651.5,296.69,On-Time,4.7,827.08,113.41,Rain,0.0,29.7
2025-02-20,Krakow to Bratislava,TRK_0050,578.7,254.65,On-Time,3.7,800.62,16.45,Snow,0.0,41.3
2025-04-10,Berlin to Prague,TRK_0003,454.6,229.08,On-Time,4.7,624.47,109.71,Clear,0.0,62.9
2025-01-25,Lyon to Milan,TRK_0044,948.3,504.67,On-Time,4.4,1550.49,44.54,Fog,0.0,83.9
2025-04-05,Hamburg to Amsterdam,TRK_0036,1135.1,542.41,On-Time,3.4,1847.32,100.21,Fog,0.0,40.9
2026-02-18,Milan to Zurich,TRK_0028,425.9,185.32,Delayed,2.7,516.46,29.04,Rain,180.21,39.7
2026-01-17,Budapest to Bucharest,TRK_0001,620.9,283.14,On-Time,3.8,894.71,44.1,Clear,0.0,72.8
2025-07-25,Berlin to Hamburg,TRK_0019,487.7,252.96,On-Time,4.2,690.39,100.04,Rain,0.0,89.1
2026-01-08,Brussels to Paris,TRK_0031,1003.6,525.07,On-Time,4.5,1225.64,22.9,Snow,0.0,90.6
2025-12-04,Prague to Vienna,TRK_0038,369.9,171.98,On-Time,2.7,467.23,21.66,Clear,0.0,72.6
2025-05-06,Budapest to Bucharest,TRK_0033,604.0,325.25,On-Time,2.5,931.57,47.53,Clear,0.0,59.5
2025-07-31,Brussels to Paris,TRK_0045,1016.0,449.3,On-Time,3.1,1039.9,65.48,Clear,0.0,37.7
2025-09-19,Vienna to Budapest,TRK_0043,1102.8,565.36,On-Time,4.8,1660.76,113.89,Clear,0.0,81.7
2025-03-21,Lyon to Milan,TRK_0012,903.3,447.69,On-Time,3.4,1330.37,40.73,Fog,0.0,68.1
2026-01-09,Vienna to Budapest,TRK_0010,1158.5,547.23,Delayed,3.3,1567.91,25.41,Clear,137.91,83.4
2025-12-11,Lyon to Milan,TRK_0050,877.1,504.41,On-Time,3.9,1152.01,75.48,Fog,0.0,60.9
2025-02-13,Paris to Lyon,TRK_0018,1161.6,618.36,On-Time,3.1,1712.1,119.15,Rain,0.0,27.7
2025-10-15,Lyon to Milan,TRK_0013,900.7,414.41,On-Time,3.5,1027.03,62.11,Fog,0.0,76.3
2025-09-03,Lyon to Milan,TRK_0015,935.3,483.03,On-Time,4.3,1674.42,34.76,Snow,0.0,71.8
2025-12-28,Krakow to Bratislava,TRK_0016,581.3,279.77,On-Time,3.7,642.57,58.35,Snow,0.0,72.0
2025-08-01,Zurich to Munich,TRK_0026,973.9,491.72,On-Time,3.4,1581.06,110.15,Snow,0.0,50.8
2025-06-25,Berlin to Hamburg,TRK_0031,491.1,240.7,On-Time,4.2,616.08,50.62,Rain,0.0,55.2
2025-10-02,Zurich to Munich,TRK_0044,983.1,492.7,On-Time,3.9,1446.19,32.45,Fog,0.0,27.7
2025-03-08,Budapest to Bucharest,TRK_0018,619.9,299.41,On-Time,4.1,719.19,118.54,Rain,0.0,70.1
2026-02-09,Hamburg to Amsterdam,TRK_0038,1109.1,480.29,Delayed,2.5,1202.83,90.68,Rain,209.89,68.0
2025-01-02,Milan to Zurich,TRK_0015,451.8,255.47,Delayed,3.0,646.88,80.64,Fog,183.86,85.0
2025-01-05,Paris to Lyon,TRK_0033,1094.2,475.06,On-Time,4.4,1107.92,101.68,Fog,0.0,92.0
2025-01-02,Milan to Zurich,TRK_0032,448.9,224.58,On-Time,2.7,531.42,46.92,Rain,0.0,74.4
2026-02-11,Amsterdam to Brussels,TRK_0024,444.5,191.62,On-Time,3.5,533.24,53.31,Fog,0.0,47.0
2025-07-13,Brussels to Paris,TRK_0014,1005.4,402.06,On-Time,3.7,1275.61,15.33,Snow,0.0,53.8
2025-06-22,Berlin to Hamburg,TRK_0021,477.7,256.94,On-Time,2.8,756.41,15.7,Clear,0.0,79.5
2025-07-14,Krakow to Bratislava,TRK_0008,599.9,334.57,On-Time,3.0,770.54,54.74,Clear,0.0,83.7
2025-03-26,Budapest to Bucharest,TRK_0019,643.2,303.25,On-Time,3.8,782.8,39.17,Fog,0.0,88.3
2025-08-20,Berlin to Hamburg,TRK_0022,483.8,240.0,On-Time,3.5,587.45,96.36,Rain,0.0,55.5
2025-07-10,Vienna to Budapest,TRK_0013,1150.2,601.75,On-Time,4.3,2069.05,76.78,Fog,0.0,78.0
2025-10-07,Lyon to Milan,TRK_0046,940.2,499.41,On-Time,4.4,1434.7,18.8,Clear,0.0,46.1
2025-01-11,Krakow to Bratislava,TRK_0013,605.8,326.21,On-Time,2.8,1057.77,55.99,Rain,0.0,88.3
2025-11-10,Milan to Zurich,TRK_0004,424.3,230.63,On-Time,2.6,701.24,45.58,Rain,0.0,93.9
2025-02-05,Prague to Vienna,TRK_0044,359.4,179.31,On-Time,3.3,496.94,79.14,Clear,0.0,92.1
2025-09-01,Warsaw to Krakow,TRK_0012,594.1,329.26,On-Time,2.8,831.19,55.07,Rain,0.0,93.7
2025-06-28,Milan to Zurich,TRK_0029,440.2,208.18,On-Time,3.4,719.13,20.52,Clear,0.0,42.2
2025-09-06,Berlin to Hamburg,TRK_0030,514.4,284.61,On-Time,4.1,864.33,93.06,Rain,0.0,44.8
2025-11-04,Berlin to Hamburg,TRK_0025,478.1,208.41,On-Time,4.4,616.35,27.42,Rain,0.0,27.2
2025-11-06,Warsaw to Krakow,TRK_0020,585.8,239.09,On-Time,4.7,612.35,46.3,Rain,0.0,52.5
2025-10-29,Krakow to Bratislava,TRK_0029,582.1,296.99,On-Time,3.7,949.33,69.7,Fog,0.0,69.0
2025-01-05,Lyon to Milan,TRK_0034,906.1,440.38,Delayed,4.9,1038.8,87.73,Snow,179.29,79.4
2025-11-16,Amsterdam to Brussels,TRK_0019,433.7,193.32,On-Time,3.0,438.7,29.46,Snow,0.0,44.9
2026-01-07,Berlin to Hamburg,TRK_0010,495.0,222.54,On-Time,4.6,536.78,64.9,Clear,0.0,58.3
2025-02-16,Vienna to Budapest,TRK_0040,1121.3,586.26,Delayed,3.6,1418.07,73.68,Clear,118.83,55.2
2025-11-03,Paris to Lyon,TRK_0039,1065.4,573.45,On-Time,3.8,1619.65,15.04,Fog,0.0,51.2
2025-02-24,Amsterdam to Brussels,TRK_0013,461.0,246.42,On-Time,2.9,645.37,116.68,Fog,0.0,86.1
2025-09-02,Lyon to Milan,TRK_0045,890.2,442.46,On-Time,4.4,1249.05,65.65,Fog,0.0,38.2
2025-07-28,Berlin to Hamburg,TRK_0047,503.6,260.5,On-Time,3.1,649.79,73.98,Rain,0.0,82.8
2025-03-03,Warsaw to Berlin,TRK_0016,1048.0,498.32,Delayed,4.2,1494.69,59.24,Clear,183.71,54.4
2025-07-07,Amsterdam to Brussels,TRK_0018,453.4,191.08,On-Time,3.2,657.72,41.09,Snow,0.0,95.5
2025-11-29,Budapest to Bucharest,TRK_0022,606.0,268.34,Delayed,4.8,817.85,104.02,Rain,226.89,69.9
2025-05-11,Prague to Vienna,TRK_0033,376.2,211.97,On-Time,4.6,564.25,105.14,Snow,0.0,26.9
2025-11-21,Krakow to Bratislava,TRK_0023,579.4,295.92,Delayed,2.7,716.19,37.94,Clear,213.56,48.1
2026-02-17,Warsaw to Berlin,TRK_0020,1049.1,516.23,On-Time,3.6,1480.67,43.02,Rain,0.0,58.7
2025-09-22,Milan to Zurich,TRK_0027,421.1,218.97,On-Time,4.3,721.4,92.99,Rain,0.0,83.7
2025-04-26,Milan to Zurich,TRK_0016,431.5,236.39,On-Time,2.5,689.51,41.93,Snow,0.0,57.7
2025-07-13,Krakow to Bratislava,TRK_0006,599.3,333.14,On-Time,4.6,1128.72,95.99,Clear,0.0,78.4
2025-05-25,Warsaw to Berlin,TRK_0005,975.3,439.27,On-Time,4.7,1244.4,40.8,Rain,0.0,71.6
2025-07-08,Vienna to Budapest,TRK_0009,1081.9,572.01,On-Time,3.4,1577.8,21.67,Clear,0.0,41.1
2026-01-24,Budapest to Bucharest,TRK_0035,646.0,319.69,On-Time,3.3,724.85,106.63,Rain,0.0,76.5
2025-09-19,Berlin to Prague,TRK_0039,482.2,260.35,On-Time,3.3,848.71,42.53,Rain,0.0,50.0
2026-01-02,Prague to Vienna,TRK_0028,387.4,203.94,On-Time,4.1,580.3,118.92,Clear,0.0,86.0
2025-05-08,Budapest to Bucharest,TRK_0033,660.6,308.97,Delayed,4.3,783.09,19.55,Snow,185.13,61.7
2026-01-12,Warsaw to Berlin,TRK_0021,991.4,563.66,Delayed,3.2,1795.64,85.52,Snow,210.7,55.5
2025-06-29,Prague to Vienna,TRK_0005,358.5,185.21,On-Time,2.8,557.76,97.14,Snow,0.0,81.3
2025-08-21,Brussels to Paris,TRK_0014,1035.7,513.74,On-Time,3.3,1312.47,47.48,Snow,0.0,44.8
2026-01-24,Hamburg to Amsterdam,TRK_0009,1050.6,508.95,Delayed,5.0,1635.52,91.79,Rain,98.27,50.9
2025-01-25,Hamburg to Amsterdam,TRK_0031,1103.6,513.52,On-Time,4.0,1696.6,40.19,Snow,0.0,71.3
2026-01-26,Vienna to Budapest,TRK_0041,1158.4,557.15,On-Time,2.6,1465.34,53.25,Snow,0.0,76.6
2026-01-07,Milan to Zurich,TRK_0025,423.5,211.29,On-Time,4.5,666.24,61.47,Rain,0.0,85.9
2026-02-19,Amsterdam to Brussels,TRK_0015,442.3,210.85,Delayed,3.9,560.11,116.96,Snow,209.52,64.9
2025-09-29,Lyon to Milan,TRK_0012,942.6,457.83,On-Time,3.4,1114.42,106.25,Rain,0.0,69.1
2025-09-23,Warsaw to Berlin,TRK_0013,1022.3,460.53,On-Time,3.4,1398.39,105.01,Snow,0.0,54.5
2026-02-11,Paris to Lyon,TRK_0041,1133.6,623.57,On-Time,3.5,1914.43,86.29,Fog,0.0,71.7
2025-01-02,Zurich to Munich,TRK_0014,921.2,412.46,On-Time,3.6,1186.45,101.37,Clear,0.0,83.0
2025-10-10,Brussels to Paris,TRK_0003,1003.7,524.99,On-Time,2.8,1327.02,98.28,Clear,0.0,89.7
2025-05-28,Amsterdam to Brussels,TRK_0014,432.2,196.69,On-Time,3.7,559.27,79.46,Clear,0.0,35.9
2025-11-19,Milan to Zurich,TRK_0017,456.4,218.84,On-Time,2.8,619.08,110.44,Clear,0.0,33.8
2025-04-03,Lyon to Milan,TRK_0004,880.4,453.39,On-Time,4.9,1039.9,56.45,Snow,0.0,92.7
2025-08-10,Brussels to Paris,TRK_0006,1070.8,526.34,On-Time,2.7,1177.92,87.91,Rain,0.0,50.3
2025-08-15,Krakow to Bratislava,TRK_0022,570.3,321.07,On-Time,2.8,992.14,108.98,Rain,0.0,25.8
2025-01-03,Paris to Lyon,TRK_0005,1095.4,553.59,Delayed,3.3,1929.77,113.16,Clear,222.65,60.9
2025-02-05,Krakow to Bratislava,TRK_0048,599.7,292.78,On-Time,3.9,653.33,46.16,Rain,0.0,32.0
2025-09-09,Vienna to Budapest,TRK_0009,1068.0,565.17,On-Time,5.0,1591.78,19.0,Clear,0.0,82.7
2025-02-01,Berlin to Hamburg,TRK_0028,514.6,255.24,On-Time,4.7,616.12,41.84,Clear,0.0,27.9
2025-08-24,Lyon to Milan,TRK_0011,917.8,427.42,On-Time,4.9,1236.52,19.88,Clear,0.0,72.8
2025-08-22,Paris to Lyon,TRK_0004,1090.8,516.12,On-Time,3.6,1357.58,81.13,Fog,0.0,80.2
2025-08-19,Warsaw to Berlin,TRK_0038,1042.8,514.77,On-Time,4.7,1346.77,76.85,Snow,0.0,81.1
2025-11-05,Milan to Zurich,TRK_0006,459.8,252.52,On-Time,4.0,760.98,92.94,Fog,0.0,63.6
2025-10-04,Milan to Zurich,TRK_0046,434.7,206.61,On-Time,3.2,680.0,35.33,Rain,0.0,26.8
2025-11-10,Prague to Vienna,TRK_0035,357.2,157.31,Delayed,3.5,503.4,51.7,Snow,155.93,39.8
2025-12-29,Amsterdam to Brussels,TRK_0050,451.0,218.55,On-Time,3.0,520.44,23.47,Fog,0.0,87.3
2025-03-14,Vienna to Budapest,TRK_0041,1059.4,540.37,Delayed,3.7,1861.67,118.09,Rain,196.48,88.2
2025-10-06,Zurich to Munich,TRK_0050,911.3,528.61,On-Time,4.9,1722.1,118.85,Clear,0.0,64.1
2025-12-20,Paris to Lyon,TRK_0033,1100.2,517.81,On-Time,3.8,1342.87,88.72,Rain,0.0,29.4
2025-06-13,Milan to Zurich,TRK_0044,451.2,223.58,Delayed,3.6,696.02,69.24,Clear,175.99,90.7
2025-12-04,Krakow to Bratislava,TRK_0030,601.1,350.34,Delayed,3.3,1195.27,65.82,Fog,99.47,25.9
2026-01-27,Zurich to Munich,TRK_0001,944.0,464.39,On-Time,5.0,1523.62,25.59,Fog,0.0,89.7
2025-06-29,Milan to Zurich,TRK_0039,430.7,205.83,On-Time,3.2,502.52,33.1,Fog,0.0,57.4
2025-07-14,Amsterdam to Brussels,TRK_0035,469.2,235.82,On-Time,4.4,727.43,75.12,Clear,0.0,53.3
2025-07-17,Vienna to Budapest,TRK_0003,1134.0,629.88,On-Time,4.3,1410.41,42.83,Clear,0.0,89.4
2025-06-30,Brussels to Paris,TRK_0046,1090.6,585.37,On-Time,3.4,2045.44,25.25,Fog,0.0,78.2
2025-11-20,Vienna to Budapest,TRK_0048,1069.2,453.17,On-Time,2.9,1419.81,58.95,Clear,0.0,51.4
2025-11-25,Paris to Lyon,TRK_0039,1090.8,592.92,On-Time,4.4,1900.68,24.62,Rain,0.0,92.5
2025-12-16,Brussels to Paris,TRK_0038,1091.2,526.1,On-Time,4.3,1505.44,48.7,Fog,0.0,54.0
2025-12-05,Warsaw to Berlin,TRK_0013,1051.2,477.23,On-Time,4.1,1183.58,112.76,Snow,0.0,84.5
2025-04-15,Vienna to Budapest,TRK_0027,1089.2,554.97,On-Time,3.7,1665.02,111.51,Rain,0.0,45.8
2025-03-16,Zurich to Munich,TRK_0019,973.2,425.98,On-Time,2.7,1234.41,93.24,Rain,0.0,26.5
2025-07-28,Berlin to Hamburg,TRK_0019,482.2,226.87,On-Time,3.1,588.13,65.72,Rain,0.0,67.6
2025-06-21,Krakow to Bratislava,TRK_0007,587.9,295.9,On-Time,3.4,853.4,31.21,Rain,0.0,57.0
2025-04-16,Berlin to Prague,TRK_0015,480.8,219.33,Delayed,4.4,722.43,110.71,Fog,247.08,41.3
2025-01-04,Lyon to Milan,TRK_0017,872.1,450.21,On-Time,4.8,1264.14,50.81,Rain,0.0,87.0
2025-03-08,Krakow to Bratislava,TRK_0020,597.9,301.99,On-Time,2.8,897.07,21.99,Snow,0.0,30.3
2025-02-23,Warsaw to Krakow,TRK_0016,611.3,277.67,On-Time,4.1,621.4,80.75,Snow,0.0,25.5
2025-01-12,Lyon to Milan,TRK_0023,942.9,421.67,On-Time,2.6,1155.71,47.8,Fog,0.0,62.8
2025-02-28,Hamburg to Amsterdam,TRK_0015,1122.4,497.35,Delayed,3.8,1246.03,51.77,Snow,171.91,71.5
2026-02-05,Zurich to Munich,TRK_0009,930.7,443.03,On-Time,3.9,1043.03,106.63,Rain,0.0,89.2
2026-02-18,Budapest to Bucharest,TRK_0016,606.3,309.59,On-Time,2.8,786.56,25.84,Clear,0.0,27.4
2025-02-21,Brussels to Paris,TRK_0019,1070.7,572.55,On-Time,4.7,1728.05,101.97,Rain,0.0,93.7
2025-06-10,Budapest to Bucharest,TRK_0034,617.2,347.27,On-Time,2.8,978.35,29.22,Fog,0.0,96.5
2025-12-24,Zurich to Munich,TRK_0007,937.0,517.77,On-Time,4.6,1142.12,77.02,Fog,0.0,45.6
2025-09-07,Zurich to Munich,TRK_0037,996.3,436.11,On-Time,2.6,1414.2,107.18,Rain,0.0,37.2
2025-11-22,Milan to Zurich,TRK_0003,434.7,232.35,On-Time,3.3,737.36,18.46,Rain,0.0,58.9
2025-05-09,Prague to Vienna,TRK_0021,387.1,196.96,On-Time,3.8,671.13,39.99,Fog,0.0,48.4
2025-04-02,Warsaw to Berlin,TRK_0027,1052.9,506.71,On-Time,4.2,1193.89,70.2,Clear,0.0,25.5
2025-05-07,Warsaw to Berlin,TRK_0001,987.2,452.66,On-Time,3.5,1304.14,65.3,Rain,0.0,82.4
2025-12-02,Prague to Vienna,TRK_0041,358.2,173.76,On-Time,2.7,576.24,21.56,Fog,0.0,66.7
2025-03-29,Vienna to Budapest,TRK_0011,1150.4,559.48,On-Time,2.9,1497.26,22.25,Clear,0.0,96.2
2025-10-15,Berlin to Hamburg,TRK_0004,467.5,260.91,On-Time,2.8,798.93,102.34,Snow,0.0,87.0
2025-03-21,Hamburg to Amsterdam,TRK_0043,1093.9,540.93,On-Time,4.0,1684.75,56.0,Fog,0.0,72.1
2025-05-18,Warsaw to Krakow,TRK_0040,591.1,267.76,On-Time,4.4,916.33,52.74,Snow,0.0,58.3
2025-03-18,Brussels to Paris,TRK_0033,1012.9,456.94,On-Time,4.0,1532.45,23.57,Clear,0.0,50.6
2025-10-12,Warsaw to Krakow,TRK_0032,582.5,276.79,On-Time,3.2,819.5,85.27,Clear,0.0,96.6
2025-12-13,Budapest to Bucharest,TRK_0040,603.5,282.81,On-Time,4.1,690.97,77.56,Clear,0.0,45.1
2025-05-15,Berlin to Prague,TRK_0035,478.4,242.13,Delayed,4.1,694.26,50.4,Snow,171.13,60.3
2025-10-28,Warsaw to Berlin,TRK_0017,1038.3,483.05,On-Time,4.8,1387.22,56.77,Clear,0.0,96.5
2025-09-10,Prague to Vienna,TRK_0043,393.3,208.33,On-Time,3.4,675.58,23.44,Fog,0.0,45.8
2025-04-18,Brussels to Paris,TRK_0049,1059.1,479.47,Delayed,4.8,1135.15,51.1,Snow,228.45,55.8
2025-01-13,Paris to Lyon,TRK_0045,1113.2,544.7,Delayed,2.8,1690.17,74.02,Rain,212.67,52.8
2025-03-20,Paris to Lyon,TRK_0018,1073.3,588.21,On-Time,3.7,1322.49,29.22,Snow,0.0,33.5
2025-12-21,Krakow to Bratislava,TRK_0003,600.9,269.76,On-Time,4.5,611.22,113.57,Fog,0.0,75.3
2025-03-23,Hamburg to Amsterdam,TRK_0019,1101.7,501.39,On-Time,4.9,1718.32,70.8,Snow,0.0,57.1
2025-12-09,Amsterdam to Brussels,TRK_0035,432.6,231.8,On-Time,2.6,718.12,58.84,Snow,0.0,71.8
2025-06-07,Lyon to Milan,TRK_0041,923.9,479.55,On-Time,2.8,1477.66,31.47,Clear,0.0,48.1
2025-10-16,Zurich to Munich,TRK_0031,939.1,473.53,On-Time,5.0,1518.62,93.85,Fog,0.0,52.6
2025-08-19,Paris to Lyon,TRK_0024,1092.2,491.31,On-Time,4.9,1640.9,52.81,Fog,0.0,80.6
2025-05-17,Berlin to Hamburg,TRK_0033,493.2,240.08,On-Time,3.7,598.14,20.38,Rain,0.0,50.1
2025-05-14,Brussels to Paris,TRK_0026,1017.5,508.2,On-Time,3.8,1208.04,42.88,Snow,0.0,46.0
2025-01-04,Milan to Zurich,TRK_0019,422.2,209.92,On-Time,4.4,519.68,35.56,Clear,0.0,56.2
2025-06-21,Berlin to Prague,TRK_0042,480.4,239.86,On-Time,3.0,728.8,104.83,Snow,0.0,72.8
2025-06-28,Amsterdam to Brussels,TRK_0021,444.0,202.23,Delayed,3.0,677.44,83.01,Snow,93.01,73.7
2025-08-24,Paris to Lyon,TRK_0030,1062.3,557.32,On-Time,3.4,1731.19,63.38,Rain,0.0,52.7
2025-05-16,Amsterdam to Brussels,TRK_0035,475.4,251.96,On-Time,3.6,880.15,38.45,Fog,0.0,66.9
2025-05-19,Budapest to Bucharest,TRK_0031,662.5,310.25,On-Time,3.5,1065.1,70.99,Rain,0.0,77.2
2025-08-02,Krakow to Bratislava,TRK_0006,585.6,281.17,On-Time,4.5,758.6,116.6,Snow,0.0,63.2
2025-01-29,Budapest to Bucharest,TRK_0035,611.4,312.44,On-Time,4.3,1055.03,61.94,Clear,0.0,71.7
2025-01-15,Vienna to Budapest,TRK_0021,1127.1,497.73,On-Time,4.2,1412.12,21.52,Snow,0.0,92.6
2025-11-15,Hamburg to Amsterdam,TRK_0024,1133.0,598.58,On-Time,3.9,1970.51,82.24,Fog,0.0,62.7
2025-04-27,Berlin to Hamburg,TRK_0003,492.9,224.66,On-Time,4.2,564.86,76.06,Snow,0.0,33.0
2026-01-13,Lyon to Milan,TRK_0016,930.1,436.98,Delayed,2.9,1171.42,69.21,Rain,129.13,48.3
2025-09-13,Zurich to Munich,TRK_0005,916.0,408.58,On-Time,3.2,1009.18,25.78,Snow,0.0,68.6
2025-09-21,Vienna to Budapest,TRK_0027,1068.4,508.42,Delayed,3.1,1715.21,18.5,Clear,87.56,52.8
2026-02-04,Milan to Zurich,TRK_0041,438.3,193.36,On-Time,3.2,529.74,34.05,Fog,0.0,95.8
2025-04-17,Paris to Lyon,TRK_0016,1093.2,528.05,On-Time,4.0,1537.4,113.97,Clear,0.0,84.2
2025-06-19,Berlin to Prague,TRK_0010,457.5,215.71,On-Time,4.9,538.43,51.86,Clear,0.0,59.7
2025-11-29,Brussels to Paris,TRK_0013,1029.6,459.04,On-Time,4.5,1196.07,53.18,Fog,0.0,28.7
2026-01-20,Milan to Zurich,TRK_0010,448.8,198.24,On-Time,4.7,502.22,108.62,Snow,0.0,83.6
2025-05-02,Lyon to Milan,TRK_0003,899.4,368.27,On-Time,2.5,937.71,83.88,Rain,0.0,59.5
2025-11-21,Vienna to Budapest,TRK_0011,1083.3,482.1,On-Time,3.9,1626.29,119.23,Rain,0.0,41.0
2025-07-07,Krakow to Bratislava,TRK_0023,563.0,269.81,On-Time,2.9,685.0,37.04,Fog,0.0,46.7
2026-02-09,Amsterdam to Brussels,TRK_0025,456.7,194.38,On-Time,4.3,480.32,105.67,Rain,0.0,91.2
2025-01-02,Amsterdam to Brussels,TRK_0030,475.5,251.72,On-Time,3.9,648.34,46.92,Fog,0.0,89.6
2025-07-09,Berlin to Prague,TRK_0002,461.9,209.25,On-Time,3.5,673.01,69.16,Clear,0.0,72.1
2025-06-15,Zurich to Munich,TRK_0035,944.2,503.56,On-Time,4.3,1215.06,32.77,Rain,0.0,28.1
2025-05-03,Warsaw to Berlin,TRK_0002,993.9,513.04,On-Time,4.6,1697.32,64.28,Clear,0.0,78.9
2025-05-07,Lyon to Milan,TRK_0025,884.6,463.04,On-Time,2.7,1200.01,90.47,Clear,0.0,96.2
2025-03-20,Krakow to Bratislava,TRK_0036,555.4,274.27,On-Time,4.2,930.06,94.83,Snow,0.0,25.1
2026-01-30,Brussels to Paris,TRK_0009,1019.9,445.42,On-Time,4.0,1078.83,40.19,Rain,0.0,41.9
2025-03-09,Paris to Lyon,TRK_0050,1058.8,434.95,On-Time,4.8,1053.75,84.23,Rain,0.0,44.3
2025-05-01,Warsaw to Berlin,TRK_0022,1018.1,541.17,On-Time,3.1,1352.56,31.99,Snow,0.0,96.0
2025-03-01,Berlin to Hamburg,TRK_0041,516.5,224.51,On-Time,3.8,612.97,66.26,Fog,0.0,45.9
2026-01-29,Lyon to Milan,TRK_0035,950.4,536.92,On-Time,4.8,1331.66,22.26,Snow,0.0,25.3
2025-04-07,Brussels to Paris,TRK_0001,1038.3,507.11,On-Time,3.1,1151.74,65.94,Rain,0.0,91.4
2026-01-05,Krakow to Bratislava,TRK_0022,576.3,290.89,On-Time,4.8,935.19,60.08,Rain,0.0,46.3
2026-02-20,Brussels to Paris,TRK_0039,1046.7,502.86,On-Time,3.9,1590.86,87.58,Rain,0.0,94.1
2025-03-21,Budapest to Bucharest,TRK_0005,626.7,292.17,On-Time,4.9,967.2,35.66,Clear,0.0,39.4
2025-06-16,Paris to Lyon,TRK_0012,1070.7,552.15,On-Time,3.7,1234.4,75.99,Snow,0.0,92.1
2026-02-23,Zurich to Munich,TRK_0003,974.9,414.63,Delayed,3.3,1410.48,34.48,Rain,122.78,52.0
2025-08-15,Warsaw to Berlin,TRK_0044,1006.2,533.53,On-Time,3.1,1780.3,82.63,Clear,0.0,45.4
2025-03-22,Amsterdam to Brussels,TRK_0045,462.7,229.21,On-Time,3.4,562.89,50.91,Rain,0.0,40.1
2025-09-25,Hamburg to Amsterdam,TRK_0029,1119.9,587.83,Delayed,4.8,2001.03,17.27,Rain,209.62,67.3
2026-01-17,Warsaw to Krakow,TRK_0018,603.7,277.14,On-Time,5.0,734.14,110.46,Rain,0.0,41.4
2026-01-15,Brussels to Paris,TRK_0045,1009.8,396.78,On-Time,4.7,1160.51,78.32,Snow,0.0,61.7
2025-06-02,Brussels to Paris,TRK_0026,1037.5,515.44,On-Time,4.4,1199.62,72.51,Snow,0.0,94.7
2025-07-14,Warsaw to Berlin,TRK_0024,1009.6,529.85,On-Time,2.8,1747.33,105.77,Clear,0.0,79.5
2025-06-20,Brussels to Paris,TRK_0009,1061.1,567.41,On-Time,4.7,1324.5,26.61,Clear,0.0,90.1
2025-07-08,Paris to Lyon,TRK_0023,1098.1,605.76,Delayed,4.1,1683.65,109.12,Clear,213.61,93.2
2026-02-28,Warsaw to Berlin,TRK_0017,1028.0,490.05,Delayed,3.0,1601.46,32.91,Snow,223.21,48.7
2025-04-12,Prague to Vienna,TRK_0046,357.1,178.74,On-Time,2.9,488.03,22.05,Rain,0.0,46.8
2025-01-31,Brussels to Paris,TRK_0045,1084.3,624.09,On-Time,2.7,1494.17,103.4,Snow,0.0,38.9
2025-03-03,Amsterdam to Brussels,TRK_0003,434.2,238.87,On-Time,4.1,534.88,110.94,Snow,0.0,42.6
2025-02-09,Prague to Vienna,TRK_0048,362.4,179.46,On-Time,3.2,498.45,60.99,Fog,0.0,29.5
2025-08-13,Brussels to Paris,TRK_0042,1059.5,461.08,On-Time,4.8,1153.89,64.0,Clear,0.0,58.6
2025-02-10,Warsaw to Berlin,TRK_0048,1027.3,487.66,On-Time,4.6,1256.7,95.99,Snow,0.0,53.6
2025-11-24,Prague to Vienna,TRK_0020,360.2,184.57,On-Time,4.1,412.18,41.9,Clear,0.0,85.3
2025-12-03,Paris to Lyon,TRK_0050,1059.4,450.73,Delayed,4.6,1163.55,74.85,Clear,128.15,68.9
2025-01-09,Krakow to Bratislava,TRK_0046,565.8,276.01,Delayed,3.6,848.07,43.82,Rain,92.76,83.5
2025-07-09,Vienna to Budapest,TRK_0001,1063.3,546.89,On-Time,2.6,1498.39,95.93,Fog,0.0,95.6
2025-07-03,Berlin to Prague,TRK_0042,453.2,198.67,On-Time,3.3,442.5,51.87,Snow,0.0,77.5
2025-08-23,Warsaw to Berlin,TRK_0031,1022.6,475.33,On-Time,2.8,1641.79,27.83,Clear,0.0,91.2
2025-08-11,Milan to Zurich,TRK_0012,448.9,224.89,On-Time,4.0,571.72,18.75,Clear,0.0,72.2
2025-08-04,Warsaw to Berlin,TRK_0021,1017.2,586.23,On-Time,3.3,1453.9,104.18,Clear,0.0,61.3
2025-09-13,Prague to Vienna,TRK_0005,361.7,168.19,Delayed,4.1,436.96,100.44,Rain,131.11,26.5
2025-09-22,Paris to Lyon,TRK_0028,1140.3,578.29,On-Time,3.3,1982.86,100.32,Fog,0.0,27.8
2025-12-11,Zurich to Munich,TRK_0001,995.1,522.46,On-Time,2.7,1741.3,118.23,Snow,0.0,81.4
2025-01-14,Amsterdam to Brussels,TRK_0039,462.3,219.74,On-Time,3.6,685.47,119.36,Rain,0.0,73.3
2026-02-10,Prague to Vienna,TRK_0042,375.6,195.23,On-Time,3.3,579.54,109.9,Rain,0.0,83.4
2025-05-16,Vienna to Budapest,TRK_0041,1086.6,465.51,On-Time,3.2,1129.25,40.5,Fog,0.0,70.7
2025-07-21,Zurich to Munich,TRK_0028,932.9,378.02,On-Time,4.9,915.71,82.26,Rain,0.0,76.0
2025-08-28,Milan to Zurich,TRK_0010,429.0,184.4,On-Time,4.0,461.67,55.47,Fog,0.0,62.1
2025-01-06,Warsaw to Berlin,TRK_0032,1005.1,507.7,Delayed,4.0,1264.18,52.64,Rain,112.47,80.6
2025-07-01,Amsterdam to Brussels,TRK_0030,439.4,224.72,On-Time,3.5,736.46,55.67,Rain,0.0,26.2
2025-08-17,Amsterdam to Brussels,TRK_0010,468.1,203.4,Delayed,4.1,678.55,21.08,Fog,241.69,55.9
2025-02-26,Milan to Zurich,TRK_0006,459.4,205.13,On-Time,2.6,602.75,84.12,Fog,0.0,53.5
2025-09-05,Lyon to Milan,TRK_0014,900.0,458.78,On-Time,3.0,1496.12,77.53,Snow,0.0,28.2
2025-07-20,Krakow to Bratislava,TRK_0045,586.3,258.64,On-Time,3.4,745.91,17.78,Clear,0.0,49.8
2025-01-25,Amsterdam to Brussels,TRK_0044,433.7,195.27,On-Time,3.4,605.22,77.01,Clear,0.0,50.7
2025-07-09,Zurich to Munich,TRK_0028,934.4,494.64,On-Time,4.4,1631.07,42.43,Fog,0.0,29.8
2025-01-25,Warsaw to Berlin,TRK_0024,1024.0,535.53,On-Time,4.9,1484.64,24.68,Clear,0.0,80.6
2025-09-16,Paris to Lyon,TRK_0008,1152.1,578.18,On-Time,3.7,1470.07,16.51,Rain,0.0,86.1
2025-02-17,Berlin to Hamburg,TRK_0029,481.1,261.86,On-Time,4.4,724.33,49.95,Clear,0.0,95.7
2025-12-08,Budapest to Bucharest,TRK_0003,611.3,306.22,On-Time,4.7,806.01,61.81,Rain,0.0,90.2
2025-11-14,Warsaw to Berlin,TRK_0021,1025.7,478.12,Delayed,3.0,1414.38,37.36,Fog,129.49,56.3
2025-07-04,Berlin to Hamburg,TRK_0026,514.2,285.03,On-Time,2.7,743.96,42.16,Fog,0.0,45.8
2025-11-03,Berlin to Hamburg,TRK_0009,467.5,190.34,On-Time,4.4,595.72,36.79,Clear,0.0,87.5
2025-03-01,Vienna to Budapest,TRK_0001,1123.9,529.55,Delayed,3.1,1789.14,100.34,Fog,81.64,75.0
2025-01-13,Berlin to Hamburg,TRK_0037,484.5,248.96,On-Time,2.8,677.35,23.86,Clear,0.0,61.4
2025-07-22,Budapest to Bucharest,TRK_0017,616.2,294.44,On-Time,3.2,904.76,108.65,Fog,0.0,77.4
2025-08-11,Prague to Vienna,TRK_0042,360.9,162.18,On-Time,3.6,447.78,16.96,Snow,0.0,82.0
2026-02-10,Prague to Vienna,TRK_0003,383.4,178.5,On-Time,3.3,577.23,52.35,Snow,0.0,67.7
2025-02-16,Hamburg to Amsterdam,TRK_0046,1113.7,530.37,On-Time,3.1,1841.08,75.49,Rain,0.0,87.0
2025-12-09,Berlin to Hamburg,TRK_0038,515.6,261.24,On-Time,3.8,634.58,71.82,Fog,0.0,55.0
2026-02-06,Budapest to Bucharest,TRK_0041,618.6,295.35,On-Time,4.2,819.16,39.34,Clear,0.0,70.3
2025-02-01,Warsaw to Krakow,TRK_0033,596.3,285.8,On-Time,3.6,908.81,25.99,Rain,0.0,72.7
2025-04-03,Amsterdam to Brussels,TRK_0046,432.0,211.23,Delayed,3.7,721.96,50.9,Rain,130.22,77.9
2025-12-04,Warsaw to Krakow,TRK_0006,574.2,337.63,Delayed,4.5,958.71,92.19,Fog,87.52,26.4
2025-08-07,Hamburg to Amsterdam,TRK_0021,1146.6,572.1,On-Time,2.8,1533.44,59.26,Rain,0.0,80.1
2025-04-22,Milan to Zurich,TRK_0036,431.5,237.91,On-Time,3.3,614.51,50.36,Rain,0.0,89.3
2025-10-09,Vienna to Budapest,TRK_0026,1112.0,620.05,On-Time,4.9,1678.52,94.33,Clear,0.0,97.9
2025-05-31,Hamburg to Amsterdam,TRK_0039,1092.0,488.83,On-Time,3.3,1218.49,87.17,Rain,0.0,88.2
2025-06-26,Zurich to Munich,TRK_0043,925.5,446.87,On-Time,5.0,1342.11,98.57,Fog,0.0,62.7
2025-01-12,Warsaw to Krakow,TRK_0005,573.7,301.02,On-Time,4.9,1026.14,44.1,Snow,0.0,30.1
2025-11-07,Prague to Vienna,TRK_0034,378.9,181.8,On-Time,2.7,449.29,96.77,Clear,0.0,47.2
2025-09-09,Zurich to Munich,TRK_0049,973.9,425.25,On-Time,4.8,1058.48,103.64,Clear,0.0,84.9
2025-11-01,Milan to Zurich,TRK_0023,446.6,238.53,On-Time,3.6,663.21,49.96,Clear,0.0,27.5
2025-06-14,Paris to Lyon,TRK_0013,1087.9,604.42,On-Time,4.5,1889.94,83.49,Fog,0.0,87.7
2025-04-17,Krakow to Bratislava,TRK_0014,553.0,238.87,On-Time,5.0,762.91,24.78,Fog,0.0,78.6
2025-03-18,Warsaw to Krakow,TRK_0040,596.2,312.93,On-Time,4.4,1012.04,31.41,Snow,0.0,72.6
2025-08-02,Hamburg to Amsterdam,TRK_0020,1086.6,489.61,On-Time,3.4,1392.5,36.31,Fog,0.0,30.0
2025-07-20,Berlin to Prague,TRK_0002,463.7,196.92,On-Time,2.6,619.0,21.45,Rain,0.0,48.9
2025-12-13,Lyon to Milan,TRK_0033,881.0,448.26,On-Time,4.8,1469.25,61.84,Rain,0.0,70.7
2025-10-13,Berlin to Hamburg,TRK_0031,490.9,208.24,On-Time,4.8,585.66,27.75,Snow,0.0,33.4
2025-04-09,Budapest to Bucharest,TRK_0029,641.0,258.57,On-Time,2.9,843.97,98.75,Fog,0.0,95.4
2025-04-03,Vienna to Budapest,TRK_0037,1154.8,533.7,Delayed,3.4,1348.86,85.79,Snow,82.36,81.9
2025-10-27,Hamburg to Amsterdam,TRK_0041,1132.3,580.71,On-Time,4.1,1526.11,56.93,Snow,0.0,70.9
2025-03-28,Brussels to Paris,TRK_0012,995.0,488.34,On-Time,4.7,1388.52,56.76,Rain,0.0,69.6
2026-01-28,Milan to Zurich,TRK_0046,459.5,205.26,On-Time,3.5,636.02,78.7,Fog,0.0,29.6
2025-05-03,Hamburg to Amsterdam,TRK_0033,1085.4,595.59,On-Time,2.7,1988.57,95.78,Rain,0.0,44.8
2025-11-29,Budapest to Bucharest,TRK_0050,613.6,279.47,On-Time,3.7,875.26,72.66,Snow,0.0,44.7
2025-04-01,Warsaw to Berlin,TRK_0018,969.4,541.92,On-Time,3.8,1197.44,88.38,Fog,0.0,76.3
2025-11-18,Paris to Lyon,TRK_0040,1158.7,531.74,On-Time,3.5,1783.93,103.27,Rain,0.0,60.6
2025-06-07,Lyon to Milan,TRK_0029,904.9,399.4,On-Time,3.7,1368.23,23.93,Fog,0.0,33.9
2025-07-26,Berlin to Prague,TRK_0011,475.2,235.32,On-Time,3.1,679.09,67.0,Clear,0.0,46.3
2025-12-24,Vienna to Budapest,TRK_0041,1154.0,610.13,On-Time,3.5,1956.82,27.63,Rain,0.0,47.7
2025-12-12,Krakow to Bratislava,TRK_0043,584.8,300.87,On-Time,3.6,1006.07,56.3,Clear,0.0,61.7
2025-04-03,Berlin to Hamburg,TRK_0020,495.4,233.48,On-Time,3.5,809.63,112.48,Fog,0.0,57.1
2025-12-18,Berlin to Prague,TRK_0030,459.0,227.18,On-Time,3.9,635.72,29.8,Fog,0.0,64.2
2025-12-21,Vienna to Budapest,TRK_0012,1159.6,640.54,Delayed,5.0,2062.98,34.86,Clear,117.86,57.2
2025-05-09,Budapest to Bucharest,TRK_0022,607.6,300.72,On-Time,2.7,687.18,106.96,Rain,0.0,87.6
2025-02-03,Berlin to Prague,TRK_0036,479.2,222.88,On-Time,4.9,621.0,17.73,Fog,0.0,59.5
2025-08-07,Amsterdam to Brussels,TRK_0043,440.3,219.6,On-Time,3.5,729.66,47.83,Rain,0.0,39.1
2025-06-01,Warsaw to Krakow,TRK_0011,589.3,242.53,On-Time,3.1,823.08,93.47,Rain,0.0,84.5
2025-02-15,Berlin to Prague,TRK_0003,448.2,249.84,On-Time,4.4,743.15,45.68,Snow,0.0,87.0
2026-01-26,Berlin to Hamburg,TRK_0049,490.6,234.14,On-Time,3.4,677.3,91.18,Snow,0.0,65.3
2025-04-06,Berlin to Prague,TRK_0003,482.5,237.57,On-Time,3.5,805.07,35.26,Fog,0.0,88.9
2025-11-12,Hamburg to Amsterdam,TRK_0033,1124.6,576.33,On-Time,3.1,1741.97,102.4,Snow,0.0,77.5
2025-10-24,Zurich to Munich,TRK_0033,917.5,502.77,On-Time,2.8,1375.71,62.09,Rain,0.0,66.2
2025-11-21,Krakow to Bratislava,TRK_0002,596.5,296.14,On-Time,4.0,708.03,79.03,Rain,0.0,80.2
2025-02-15,Milan to Zurich,TRK_0040,424.7,223.04,On-Time,4.5,589.62,60.24,Fog,0.0,64.5
2025-03-28,Amsterdam to Brussels,TRK_0004,457.6,208.07,On-Time,2.7,709.6,37.63,Rain,0.0,77.8
2025-11-11,Vienna to Budapest,TRK_0033,1118.7,595.98,On-Time,2.6,1597.11,15.27,Snow,0.0,70.4
2025-06-02,Krakow to Bratislava,TRK_0032,553.6,287.18,On-Time,4.9,823.26,114.75,Clear,0.0,47.7
2025-01-16,Milan to Zurich,TRK_0001,459.7,242.44,On-Time,3.8,558.34,88.58,Rain,0.0,33.7
2025-05-21,Zurich to Munich,TRK_0014,929.2,392.26,On-Time,3.0,1237.96,26.31,Snow,0.0,44.4
2025-06-20,Brussels to Paris,TRK_0040,1066.9,499.37,Delayed,4.2,1485.03,116.72,Fog,223.22,97.5
2025-11-15,Warsaw to Berlin,TRK_0043,1014.3,437.06,Delayed,4.1,1141.64,88.43,Rain,83.07,86.4
2025-07-08,Budapest to Bucharest,TRK_0037,633.7,283.34,On-Time,5.0,951.12,118.64,Fog,0.0,85.2
2025-01-07,Lyon to Milan,TRK_0007,870.1,491.0,On-Time,4.4,1091.72,55.43,Rain,0.0,69.4
2025-07-06,Milan to Zurich,TRK_0041,460.2,250.21,On-Time,2.8,551.43,76.26,Clear,0.0,94.1
2025-07-10,Warsaw to Krakow,TRK_0013,582.1,319.33,Delayed,3.1,1032.3,51.11,Fog,206.65,92.7
2025-12-13,Hamburg to Amsterdam,TRK_0036,1130.7,610.12,On-Time,3.8,2027.67,46.55,Fog,0.0,28.2
2025-07-30,Hamburg to Amsterdam,TRK_0018,1146.3,523.61,On-Time,4.2,1540.05,37.08,Snow,0.0,27.3
2025-06-20,Brussels to Paris,TRK_0049,1082.9,577.52,On-Time,2.7,1955.0,74.4,Snow,0.0,39.5
2025-02-20,Warsaw to Berlin,TRK_0041,977.3,499.98,On-Time,4.5,1360.19,61.26,Clear,0.0,70.6
2025-12-14,Prague to Vienna,TRK_0024,359.0,186.87,On-Time,4.6,503.12,106.91,Clear,0.0,44.1
2025-04-07,Budapest to Bucharest,TRK_0039,608.6,290.53,On-Time,4.2,860.86,30.01,Snow,0.0,60.3
2026-02-09,Amsterdam to Brussels,TRK_0013,463.8,227.65,On-Time,3.0,640.37,93.91,Rain,0.0,28.8
2025-10-10,Krakow to Bratislava,TRK_0036,581.9,297.08,On-Time,2.7,750.9,63.17,Clear,0.0,83.7
2025-05-12,Paris to Lyon,TRK_0002,1118.3,527.1,On-Time,3.3,1669.17,73.12,Rain,0.0,76.9
2025-12-30,Berlin to Prague,TRK_0025,463.7,184.75,On-Time,4.5,479.56,84.0,Rain,0.0,74.8
2025-12-07,Hamburg to Amsterdam,TRK_0017,1150.9,522.35,On-Time,3.3,1365.33,107.83,Fog,0.0,35.7
2025-07-04,Berlin to Prague,TRK_0028,453.4,188.29,On-Time,4.4,605.06,117.64,Fog,0.0,29.5
2025-01-30,Vienna to Budapest,TRK_0040,1126.9,469.33,On-Time,3.7,1295.69,26.62,Snow,0.0,62.6
2025-04-30,Budapest to Bucharest,TRK_0011,646.8,278.22,On-Time,4.4,948.97,58.19,Clear,0.0,34.6
2025-07-18,Paris to Lyon,TRK_0027,1115.0,590.45,On-Time,2.7,1358.11,32.29,Rain,0.0,41.0
2025-12-23,Berlin to Prague,TRK_0002,460.3,223.48,On-Time,4.1,605.02,63.79,Rain,0.0,38.6
2025-10-08,Brussels to Paris,TRK_0047,1073.1,567.79,On-Time,3.2,1475.95,56.27,Rain,0.0,37.8
2025-09-16,Paris to Lyon,TRK_0002,1106.5,575.26,On-Time,3.0,1769.56,105.26,Clear,0.0,50.0
2025-11-11,Warsaw to Berlin,TRK_0024,1015.5,564.27,On-Time,3.8,1291.78,72.06,Fog,0.0,36.1
2025-08-17,Prague to Vienna,TRK_0032,359.5,182.99,On-Time,4.9,431.67,20.29,Snow,0.0,67.6
2025-06-29,Berlin to Hamburg,TRK_0048,511.9,266.14,On-Time,2.7,702.99,24.56,Snow,0.0,68.3
2026-01-03,Prague to Vienna,TRK_0024,379.6,179.6,Delayed,2.7,441.41,72.93,Rain,124.96,63.3
2025-11-26,Prague to Vienna,TRK_0043,377.5,155.41,On-Time,4.0,471.92,63.19,Rain,0.0,53.0
2026-02-01,Brussels to Paris,TRK_0007,1057.4,504.26,On-Time,3.3,1431.01,94.12,Rain,0.0,32.8
2025-07-05,Milan to Zurich,TRK_0049,433.7,210.45,On-Time,4.7,539.77,21.86,Clear,0.0,26.1
2025-02-27,Berlin to Prague,TRK_0014,453.9,203.99,Delayed,3.1,619.08,67.73,Clear,243.97,52.1
2025-12-06,Prague to Vienna,TRK_0040,384.0,222.18,Delayed,4.2,612.25,92.75,Fog,147.92,93.3
2025-08-31,Amsterdam to Brussels,TRK_0040,464.7,225.59,On-Time,3.5,669.81,83.04,Snow,0.0,30.7
2025-04-19,Warsaw to Berlin,TRK_0023,1039.5,558.39,On-Time,3.5,1350.33,61.96,Fog,0.0,38.9
2025-10-17,Hamburg to Amsterdam,TRK_0027,1051.7,426.49,Delayed,4.7,1215.0,20.01,Snow,187.95,34.4
2025-02-18,Prague to Vienna,TRK_0005,389.4,201.66,On-Time,2.5,517.57,28.5,Snow,0.0,93.0
2026-01-07,Vienna to Budapest,TRK_0015,1125.5,565.94,On-Time,4.5,1415.98,26.73,Clear,0.0,56.5
2025-07-27,Milan to Zurich,TRK_0048,444.3,216.48,On-Time,4.7,640.11,19.17,Clear,0.0,33.2
2025-09-27,Amsterdam to Brussels,TRK_0046,446.3,182.11,On-Time,3.9,508.04,40.19,Clear,0.0,91.7
2025-09-11,Warsaw to Krakow,TRK_0008,608.8,327.03,Delayed,3.5,774.83,57.34,Rain,203.06,47.1
2026-02-13,Hamburg to Amsterdam,TRK_0033,1128.4,512.13,On-Time,3.0,1172.75,44.52,Fog,0.0,50.3
2025-01-14,Brussels to Paris,TRK_0034,992.3,496.31,Delayed,4.7,1620.4,67.26,Snow,187.46,45.4
2025-01-31,Paris to Lyon,TRK_0010,1106.6,512.42,On-Time,3.2,1751.63,61.36,Rain,0.0,54.6
2025-08-08,Budapest to Bucharest,TRK_0004,619.0,337.07,On-Time,2.8,977.55,22.98,Clear,0.0,63.4
2026-01-14,Paris to Lyon,TRK_0032,1101.4,535.92,On-Time,4.0,1484.28,69.38,Snow,0.0,52.4
2025-03-06,Zurich to Munich,TRK_0030,928.7,516.41,On-Time,4.1,1692.99,109.88,Clear,0.0,48.2
2025-09-11,Milan to Zurich,TRK_0021,429.6,237.3,On-Time,4.4,717.31,51.07,Fog,0.0,68.6
2025-11-23,Paris to Lyon,TRK_0002,1103.6,524.13,On-Time,4.1,1720.27,81.25,Snow,0.0,49.6
2025-04-18,Warsaw to Berlin,TRK_0002,961.0,460.88,On-Time,2.9,1117.04,51.9,Rain,0.0,32.9
2025-04-04,Brussels to Paris,TRK_0037,1047.6,516.45,On-Time,3.4,1365.76,82.8,Rain,0.0,48.8
2025-02-23,Berlin to Hamburg,TRK_0032,481.6,233.64,Delayed,4.1,607.57,31.35,Snow,116.72,47.5
2025-09-16,Prague to Vienna,TRK_0048,385.6,156.19,On-Time,2.5,403.02,74.94,Clear,0.0,58.4
2025-07-12,Prague to Vienna,TRK_0022,383.0,220.85,Delayed,3.2,618.32,19.95,Fog,156.74,41.9
2025-03-29,Warsaw to Berlin,TRK_0024,959.3,412.21,Delayed,3.9,1115.7,103.14,Rain,214.17,29.3
2026-01-11,Krakow to Bratislava,TRK_0001,591.2,279.0,On-Time,4.1,857.91,95.65,Snow,0.0,91.8
2025-09-24,Budapest to Bucharest,TRK_0017,641.7,281.58,On-Time,3.2,657.36,92.98,Clear,0.0,83.0
2025-12-13,Warsaw to Berlin,TRK_0011,1007.8,469.52,Delayed,2.6,1514.82,30.1,Rain,96.42,51.5
2025-12-23,Warsaw to Krakow,TRK_0030,577.5,279.0,Delayed,3.9,623.76,69.92,Snow,119.84,94.3
2025-12-14,Budapest to Bucharest,TRK_0014,656.2,297.3,Delayed,3.2,684.47,86.91,Fog,157.76,37.1
2025-10-15,Budapest to Bucharest,TRK_0030,638.4,367.4,On-Time,3.9,1158.79,66.1,Snow,0.0,37.0
2026-01-08,Warsaw to Berlin,TRK_0026,962.0,544.99,On-Time,3.7,1812.85,62.27,Rain,0.0,91.1
2026-01-26,Warsaw to Berlin,TRK_0034,965.7,401.61,On-Time,2.9,1371.31,30.79,Rain,0.0,63.7
2025-07-06,Prague to Vienna,TRK_0011,364.1,161.87,On-Time,3.8,362.42,83.56,Rain,0.0,44.3
2025-10-09,Amsterdam to Brussels,TRK_0044,449.4,188.58,On-Time,4.8,589.65,58.9,Fog,0.0,77.8
2025-07-07,Brussels to Paris,TRK_0021,1022.3,471.28,On-Time,3.9,1070.94,27.68,Snow,0.0,73.9
2025-02-09,Krakow to Bratislava,TRK_0048,584.5,273.78,On-Time,3.5,620.27,116.34,Fog,0.0,73.3
2025-11-29,Warsaw to Krakow,TRK_0042,585.8,271.95,On-Time,3.2,771.27,106.02,Rain,0.0,70.1
2025-08-01,Zurich to Munich,TRK_0030,990.1,438.66,On-Time,4.6,1061.07,114.68,Rain,0.0,96.6
2025-05-21,Brussels to Paris,TRK_0026,1017.9,523.1,On-Time,3.2,1667.66,108.46,Clear,0.0,31.2
2025-10-31,Zurich to Munich,TRK_0003,944.9,509.14,Delayed,3.0,1387.68,78.55,Clear,93.08,60.9
2025-06-22,Prague to Vienna,TRK_0008,369.3,195.42,Delayed,4.9,449.53,77.67,Rain,209.67,34.5
2025-11-07,Zurich to Munich,TRK_0010,939.5,424.92,On-Time,4.5,1199.09,112.53,Clear,0.0,60.8
2025-07-11,Berlin to Hamburg,TRK_0044,475.4,257.79,On-Time,4.6,868.13,69.65,Rain,0.0,56.8
2025-01-08,Amsterdam to Brussels,TRK_0032,456.7,216.46,Delayed,3.0,705.17,35.42,Rain,146.7,71.4
2025-06-30,Amsterdam to Brussels,TRK_0041,439.6,210.25,On-Time,3.8,610.72,17.32,Snow,0.0,55.4
2025-05-03,Warsaw to Berlin,TRK_0004,958.8,499.05,On-Time,4.0,1546.81,84.2,Clear,0.0,45.5
2025-01-03,Prague to Vienna,TRK_0040,377.3,164.04,On-Time,3.2,506.37,37.67,Fog,0.0,46.1
2026-02-26,Berlin to Hamburg,TRK_0012,508.1,218.43,Delayed,3.5,686.07,67.85,Snow,228.59,48.9
2025-03-22,Milan to Zurich,TRK_0032,435.3,235.23,On-Time,4.4,804.92,91.75,Rain,0.0,35.3
2025-06-08,Brussels to Paris,TRK_0002,1039.0,542.49,On-Time,4.0,1437.23,67.75,Fog,0.0,92.2
2025-12-07,Warsaw to Berlin,TRK_0033,1013.0,519.35,On-Time,3.9,1184.7,17.04,Rain,0.0,41.9
2026-01-06,Berlin to Hamburg,TRK_0012,474.6,211.39,On-Time,3.0,563.82,42.19,Fog,0.0,60.7
2026-02-13,Paris to Lyon,TRK_0009,1130.6,541.48,On-Time,2.8,1413.26,51.57,Rain,0.0,48.4
2026-02-02,Krakow to Bratislava,TRK_0007,584.8,306.1,On-Time,4.8,849.54,52.96,Clear,0.0,76.4
2025-07-22,Milan to Zurich,TRK_0022,447.9,212.92,Delayed,3.5,682.92,46.1,Snow,229.39,41.4
2025-10-25,Krakow to Bratislava,TRK_0028,596.1,270.81,On-Time,3.7,892.86,82.35,Fog,0.0,53.8
2025-06-06,Berlin to Prague,TRK_0031,486.1,198.59,On-Time,2.8,437.88,31.28,Clear,0.0,67.6
2025-02-14,Budapest to Bucharest,TRK_0035,660.9,302.35,Delayed,3.5,750.59,75.93,Snow,249.47,82.5
2025-07-13,Zurich to Munich,TRK_0030,976.6,502.31,On-Time,4.0,1596.29,22.9,Fog,0.0,97.9
2025-07-31,Berlin to Hamburg,TRK_0038,487.4,233.13,On-Time,5.0,686.27,75.2,Snow,0.0,75.1
2025-05-29,Berlin to Hamburg,TRK_0016,500.2,242.06,On-Time,4.9,625.92,25.88,Fog,0.0,36.3
2025-04-12,Berlin to Hamburg,TRK_0008,490.4,263.7,On-Time,3.0,614.0,34.52,Snow,0.0,34.6
2025-11-27,Lyon to Milan,TRK_0007,927.7,460.22,On-Time,2.7,1450.78,99.23,Clear,0.0,91.9
2025-05-12,Vienna to Budapest,TRK_0029,1065.1,454.64,Delayed,4.8,1319.63,91.52,Snow,82.51,78.7
2025-05-01,Berlin to Hamburg,TRK_0011,472.4,207.83,On-Time,2.7,516.01,83.27,Rain,0.0,96.9
2025-12-29,Vienna to Budapest,TRK_0019,1060.8,469.22,On-Time,4.1,1071.63,120.0,Rain,0.0,92.9
2025-04-11,Warsaw to Krakow,TRK_0049,585.7,305.59,On-Time,4.7,756.19,113.36,Rain,0.0,48.6
2025-02-25,Lyon to Milan,TRK_0032,899.8,415.27,On-Time,2.6,1411.9,28.96,Snow,0.0,49.9
2025-10-10,Warsaw to Berlin,TRK_0045,971.2,457.41,On-Time,4.2,1254.63,115.19,Clear,0.0,80.2
2025-12-06,Hamburg to Amsterdam,TRK_0042,1156.1,520.51,On-Time,4.0,1277.39,111.63,Snow,0.0,43.2
2025-08-03,Berlin to Prague,TRK_0022,450.1,261.99,Delayed,3.1,735.07,45.53,Fog,93.89,32.3
2026-02-27,Warsaw to Krakow,TRK_0001,586.4,278.38,On-Time,4.2,863.71,39.88,Fog,0.0,30.7
2025-09-13,Budapest to Bucharest,TRK_0045,630.0,316.75,On-Time,4.9,1028.16,33.28,Fog,0.0,82.6
2026-02-22,Amsterdam to Brussels,TRK_0050,445.0,200.16,On-Time,3.6,697.25,59.75,Rain,0.0,87.3
2025-05-20,Hamburg to Amsterdam,TRK_0006,1096.3,502.52,On-Time,2.8,1351.84,61.6,Fog,0.0,47.9
2025-12-20,Krakow to Bratislava,TRK_0036,589.0,273.61,On-Time,4.7,818.04,30.1,Snow,0.0,50.1
2025-03-03,Warsaw to Krakow,TRK_0029,589.6,250.57,Delayed,2.8,781.23,71.86,Snow,88.31,69.0
2025-08-27,Milan to Zurich,TRK_0009,433.7,197.96,On-Time,4.0,450.29,45.9,Snow,0.0,34.5
2025-12-04,Warsaw to Berlin,TRK_0049,1015.7,475.49,On-Time,3.0,1250.12,48.82,Rain,0.0,38.9
2025-04-18,Amsterdam to Brussels,TRK_0010,459.4,221.19,On-Time,4.6,544.9,52.69,Snow,0.0,70.1
2025-02-25,Berlin to Hamburg,TRK_0039,510.8,235.41,On-Time,4.8,733.23,84.04,Rain,0.0,35.3
2025-12-31,Paris to Lyon,TRK_0042,1162.1,552.76,On-Time,3.5,1577.23,25.18,Fog,0.0,84.3
2026-02-18,Warsaw to Krakow,TRK_0028,621.7,324.71,On-Time,3.4,796.79,43.28,Snow,0.0,83.9
2025-08-06,Amsterdam to Brussels,TRK_0043,455.0,225.64,Delayed,3.2,617.56,97.09,Clear,183.15,78.4
2025-12-27,Hamburg to Amsterdam,TRK_0010,1085.6,529.05,On-Time,3.0,1736.67,79.71,Rain,0.0,31.2
2025-10-17,Berlin to Prague,TRK_0046,453.0,234.65,On-Time,4.7,782.9,75.88,Fog,0.0,86.5
2025-03-17,Zurich to Munich,TRK_0020,919.9,481.12,On-Time,3.3,1651.69,53.86,Fog,0.0,71.5
2025-08-27,Vienna to Budapest,TRK_0002,1094.4,576.52,On-Time,4.5,1441.82,116.3,Fog,0.0,66.6
2025-11-08,Warsaw to Krakow,TRK_0032,574.6,294.21,On-Time,4.1,940.45,116.45,Clear,0.0,70.4
2025-05-25,Berlin to Hamburg,TRK_0002,475.7,234.72,On-Time,3.5,627.01,19.38,Clear,0.0,77.0
2025-02-02,Warsaw to Berlin,TRK_0032,1005.3,463.01,On-Time,4.6,1071.61,88.5,Clear,0.0,25.3
2025-10-27,Warsaw to Krakow,TRK_0045,572.7,273.83,On-Time,4.8,897.52,61.81,Clear,0.0,76.7
2025-07-09,Prague to Vienna,TRK_0021,365.3,185.23,Delayed,4.0,627.9,51.22,Snow,133.26,92.8
2025-05-25,Prague to Vienna,TRK_0019,387.2,167.83,On-Time,4.4,554.87,73.6,Snow,0.0,89.6
2025-08-01,Berlin to Prague,TRK_0022,467.3,213.39,On-Time,4.5,624.57,45.93,Rain,0.0,28.0
2025-08-05,Krakow to Bratislava,TRK_0004,587.4,314.81,On-Time,4.5,709.37,53.44,Rain,0.0,88.8
2025-05-29,Berlin to Hamburg,TRK_0008,501.0,263.87,On-Time,3.2,816.27,39.54,Clear,0.0,94.9
2025-12-27,Berlin to Prague,TRK_0030,466.2,259.36,Delayed,4.6,624.4,99.09,Clear,230.38,73.6
2025-10-19,Vienna to Budapest,TRK_0011,1061.0,563.13,On-Time,3.8,1733.15,84.45,Clear,0.0,64.7
2025-02-01,Zurich to Munich,TRK_0010,989.3,533.77,On-Time,5.0,1646.09,110.53,Rain,0.0,83.2
2025-12-10,Berlin to Hamburg,TRK_0023,497.3,245.63,On-Time,3.2,560.77,22.3,Rain,0.0,50.5
2026-02-04,Paris to Lyon,TRK_0029,1073.1,520.3,On-Time,3.5,1351.75,16.75,Rain,0.0,41.9
2025-12-26,Amsterdam to Brussels,TRK_0017,437.8,199.74,On-Time,2.7,522.72,78.76,Clear,0.0,72.8
2025-11-15,Warsaw to Krakow,TRK_0044,616.0,297.74,On-Time,4.0,746.2,114.83,Clear,0.0,26.8
2026-01-03,Vienna to Budapest,TRK_0031,1078.0,540.26,On-Time,5.0,1764.51,114.54,Snow,0.0,64.4
2025-01-27,Paris to Lyon,TRK_0012,1085.8,519.2,On-Time,2.9,1792.12,53.03,Snow,0.0,77.9
2026-01-14,Warsaw to Berlin,TRK_0012,961.2,451.43,On-Time,4.9,1399.6,100.25,Snow,0.0,74.5
2025-06-05,Budapest to Bucharest,TRK_0050,634.2,302.01,Delayed,3.2,808.29,98.85,Fog,82.37,38.8
2025-03-10,Berlin to Prague,TRK_0011,474.3,221.49,On-Time,2.8,711.11,93.56,Rain,0.0,66.9
2025-01-14,Prague to Vienna,TRK_0014,356.5,172.47,On-Time,3.7,493.38,22.09,Rain,0.0,91.4
2025-11-02,Prague to Vienna,TRK_0030,378.6,195.91,On-Time,4.7,460.14,60.29,Fog,0.0,29.1
2025-01-29,Lyon to Milan,TRK_0032,917.7,514.67,On-Time,3.0,1147.73,33.97,Snow,0.0,32.6
2025-07-18,Krakow to Bratislava,TRK_0028,597.4,280.76,On-Time,3.7,770.2,25.36,Rain,0.0,40.6
2025-07-06,Zurich to Munich,TRK_0037,974.7,495.4,On-Time,4.9,1693.16,56.76,Clear,0.0,67.3
2025-03-29,Zurich to Munich,TRK_0039,975.5,466.44,On-Time,3.9,1556.63,22.88,Snow,0.0,61.4
2025-04-17,Berlin to Hamburg,TRK_0049,488.4,220.28,On-Time,4.3,720.27,51.63,Fog,0.0,93.3
2026-01-30,Warsaw to Krakow,TRK_0033,602.6,351.77,On-Time,4.0,1184.85,48.94,Fog,0.0,60.5
2025-01-03,Berlin to Prague,TRK_0021,466.8,267.25,Delayed,3.7,841.46,76.01,Snow,226.93,29.9
2025-07-11,Brussels to Paris,TRK_0038,990.4,531.91,On-Time,3.5,1485.77,47.59,Rain,0.0,56.0
2025-07-13,Berlin to Hamburg,TRK_0040,497.8,228.26,Delayed,4.4,706.52,57.76,Clear,197.75,70.8
2025-04-23,Paris to Lyon,TRK_0033,1139.3,597.42,Delayed,3.2,1638.6,95.12,Snow,80.01,83.3
2025-11-24,Warsaw to Berlin,TRK_0011,1018.0,444.55,Delayed,4.4,1448.12,73.91,Rain,178.74,74.1
2025-05-25,Paris to Lyon,TRK_0017,1143.5,663.05,Delayed,3.7,1668.58,115.42,Clear,230.77,46.4
2025-08-26,Amsterdam to Brussels,TRK_0017,470.0,227.66,Delayed,4.2,781.37,43.96,Rain,204.12,64.9
2025-04-25,Milan to Zurich,TRK_0041,427.0,214.98,On-Time,4.1,641.46,79.48,Clear,0.0,56.6
2025-06-27,Warsaw to Krakow,TRK_0015,625.3,321.25,On-Time,2.8,1005.56,83.49,Snow,0.0,30.8
2025-01-04,Paris to Lyon,TRK_0037,1057.5,521.51,On-Time,3.9,1316.42,21.64,Clear,0.0,46.0
2025-11-07,Vienna to Budapest,TRK_0028,1076.8,573.79,On-Time,2.7,1911.57,48.02,Clear,0.0,45.6
2026-01-20,Amsterdam to Brussels,TRK_0021,465.4,216.02,On-Time,4.7,745.44,21.47,Snow,0.0,70.0
2025-07-07,Hamburg to Amsterdam,TRK_0050,1071.8,625.5,On-Time,4.3,1512.73,16.73,Snow,0.0,36.9
2025-12-13,Zurich to Munich,TRK_0033,934.4,415.73,On-Time,4.8,1134.6,43.5,Clear,0.0,85.8
2025-10-08,Prague to Vienna,TRK_0029,368.4,157.32,Delayed,5.0,370.81,20.06,Rain,157.86,85.9
2026-01-24,Warsaw to Berlin,TRK_0030,1052.4,589.59,On-Time,3.4,1988.98,118.63,Fog,0.0,31.8
2025-12-10,Amsterdam to Brussels,TRK_0028,443.8,197.49,Delayed,4.5,501.89,105.54,Rain,144.58,68.9
2026-02-02,Amsterdam to Brussels,TRK_0024,469.0,215.74,On-Time,2.7,589.4,80.04,Rain,0.0,89.7
2025-08-01,Milan to Zurich,TRK_0039,445.9,228.2,On-Time,4.7,679.45,60.67,Clear,0.0,87.1
2025-11-27,Berlin to Hamburg,TRK_0012,488.3,199.34,On-Time,4.5,609.07,17.85,Snow,0.0,51.7
2025-10-28,Lyon to Milan,TRK_0046,897.4,435.12,On-Time,4.3,1297.17,107.49,Snow,0.0,92.7
2025-12-05,Vienna to Budapest,TRK_0028,1076.2,545.04,On-Time,3.2,1689.91,40.49,Fog,0.0,90.0
2025-09-28,Milan to Zurich,TRK_0032,417.2,190.03,On-Time,4.2,592.23,24.18,Rain,0.0,42.1
2025-08-31,Warsaw to Krakow,TRK_0040,622.6,314.64,Delayed,3.1,804.89,81.1,Fog,82.12,59.0
2026-01-24,Berlin to Prague,TRK_0049,447.5,230.15,On-Time,3.1,658.89,94.74,Clear,0.0,86.4
2026-01-07,Vienna to Budapest,TRK_0005,1128.4,534.17,On-Time,4.8,1300.9,20.69,Snow,0.0,62.9
2025-12-04,Vienna to Budapest,TRK_0046,1149.1,511.79,On-Time,4.4,1191.2,107.47,Snow,0.0,59.7
2026-02-16,Warsaw to Berlin,TRK_0049,1034.2,576.16,On-Time,4.1,1280.33,88.85,Rain,0.0,62.3
2025-03-26,Budapest to Bucharest,TRK_0009,647.7,328.77,On-Time,4.5,1077.68,118.38,Clear,0.0,42.4
2025-09-10,Budapest to Bucharest,TRK_0044,612.7,293.51,On-Time,4.6,927.64,64.66,Rain,0.0,49.2
2026-02-18,Berlin to Prague,TRK_0041,463.9,229.91,On-Time,3.1,655.49,94.81,Clear,0.0,31.0
2025-06-21,Amsterdam to Brussels,TRK_0010,474.7,246.94,On-Time,5.0,672.98,23.54,Fog,0.0,94.6
2025-01-05,Warsaw to Berlin,TRK_0041,995.7,406.14,Delayed,2.8,898.71,103.18,Fog,153.56,77.5
2025-11-22,Brussels to Paris,TRK_0022,1075.0,544.42,Delayed,4.4,1371.29,90.99,Clear,187.61,32.3
2025-05-03,Budapest to Bucharest,TRK_0018,657.8,337.73,On-Time,4.7,997.64,17.84,Rain,0.0,84.8
2025-02-12,Budapest to Bucharest,TRK_0034,631.6,319.92,On-Time,4.2,1003.88,44.19,Fog,0.0,35.3
2025-05-31,Milan to Zurich,TRK_0030,423.5,205.73,On-Time,4.5,534.62,28.18,Clear,0.0,57.7
2025-07-04,Vienna to Budapest,TRK_0027,1116.7,603.22,On-Time,3.3,2011.67,46.61,Snow,0.0,55.7
2026-02-15,Berlin to Hamburg,TRK_0024,482.6,204.46,On-Time,3.3,636.75,68.72,Fog,0.0,46.8
2025-06-12,Zurich to Munich,TRK_0002,959.7,399.89,On-Time,2.7,1362.41,45.84,Clear,0.0,42.3
2025-11-02,Vienna to Budapest,TRK_0007,1139.7,594.77,On-Time,3.2,1477.66,37.54,Fog,0.0,60.3
2025-03-09,Lyon to Milan,TRK_0048,953.1,537.23,On-Time,2.9,1361.66,32.24,Snow,0.0,95.9
2026-02-12,Paris to Lyon,TRK_0001,1075.2,498.54,On-Time,3.0,1404.51,33.94,Fog,0.0,91.7
2025-01-23,Budapest to Bucharest,TRK_0029,657.1,318.1,On-Time,2.6,978.87,104.87,Rain,0.0,36.8
2025-11-02,Hamburg to Amsterdam,TRK_0039,1122.1,553.51,On-Time,3.1,1485.99,25.18,Clear,0.0,63.8
2025-09-29,Brussels to Paris,TRK_0013,1037.8,531.25,On-Time,4.5,1838.2,114.14,Rain,0.0,94.2
2025-09-28,Budapest to Bucharest,TRK_0039,649.9,327.92,Delayed,2.7,944.51,95.35,Clear,169.72,91.6
2026-02-14,Amsterdam to Brussels,TRK_0039,443.6,219.41,On-Time,3.9,564.08,96.9,Clear,0.0,55.1
2025-04-08,Brussels to Paris,TRK_0013,1085.6,601.46,On-Time,3.0,1564.58,34.7,Fog,0.0,77.0
2026-01-29,Berlin to Hamburg,TRK_0039,473.7,188.29,On-Time,3.9,645.17,34.45,Rain,0.0,45.2
2025-04-11,Lyon to Milan,TRK_0041,938.5,372.77,On-Time,4.2,1288.12,63.25,Clear,0.0,52.5
2025-04-24,Budapest to Bucharest,TRK_0009,640.3,279.0,On-Time,3.7,962.26,47.11,Fog,0.0,61.7
2025-10-21,Warsaw to Berlin,TRK_0048,1046.4,434.63,On-Time,2.9,1236.3,100.17,Fog,0.0,93.2
2025-02-09,Prague to Vienna,TRK_0004,367.6,179.51,On-Time,4.1,504.78,32.1,Snow,0.0,46.2
2025-11-16,Prague to Vienna,TRK_0024,393.7,192.28,On-Time,2.7,458.85,110.13,Rain,0.0,31.2
2026-02-01,Berlin to Hamburg,TRK_0037,491.7,225.56,On-Time,4.6,512.75,26.19,Clear,0.0,28.8
2025-05-22,Warsaw to Berlin,TRK_0019,1029.2,488.16,Delayed,4.7,1215.01,55.84,Snow,223.41,51.9
2025-01-13,Warsaw to Berlin,TRK_0003,975.4,539.3,On-Time,4.7,1354.13,96.77,Fog,0.0,97.5
2025-05-02,Budapest to Bucharest,TRK_0036,653.6,324.13,On-Time,4.4,943.48,99.2,Snow,0.0,61.7
2025-07-18,Milan to Zurich,TRK_0015,419.1,177.93,On-Time,3.8,435.86,35.34,Fog,0.0,96.0
2025-06-19,Berlin to Prague,TRK_0008,447.3,245.37,On-Time,3.0,780.52,24.08,Rain,0.0,52.8
2025-04-30,Warsaw to Berlin,TRK_0029,990.2,466.8,On-Time,4.3,1132.8,51.8,Rain,0.0,67.0
2025-06-16,Milan to Zurich,TRK_0019,456.1,236.5,On-Time,4.2,672.28,38.37,Clear,0.0,56.6
2025-02-17,Warsaw to Krakow,TRK_0020,591.2,314.29,On-Time,3.3,836.48,93.53,Snow,0.0,36.6
2025-04-15,Prague to Vienna,TRK_0029,393.3,178.93,On-Time,4.4,422.88,57.98,Fog,0.0,53.5
2025-09-10,Brussels to Paris,TRK_0020,1035.8,477.46,On-Time,3.3,1153.53,30.0,Rain,0.0,75.5
2025-07-04,Lyon to Milan,TRK_0039,901.4,452.9,On-Time,3.6,1027.35,43.54,Fog,0.0,31.1
2025-12-02,Warsaw to Berlin,TRK_0026,1023.5,496.75,On-Time,4.1,1682.14,38.32,Clear,0.0,56.3
2025-03-04,Krakow to Bratislava,TRK_0023,598.0,295.18,On-Time,3.0,684.67,96.09,Snow,0.0,45.4
2025-04-04,Warsaw to Berlin,TRK_0017,963.2,440.06,On-Time,4.1,1317.71,97.84,Fog,0.0,86.2
2025-01-14,Lyon to Milan,TRK_0034,909.1,446.01,On-Time,3.4,1272.67,114.47,Rain,0.0,56.2
2025-06-14,Brussels to Paris,TRK_0017,1048.4,508.31,On-Time,4.4,1588.32,42.29,Snow,0.0,78.6
2025-03-24,Amsterdam to Brussels,TRK_0041,460.7,213.38,On-Time,3.5,515.92,65.13,Fog,0.0,62.6
2025-10-27,Zurich to Munich,TRK_0032,970.4,482.73,On-Time,3.6,1602.86,106.77,Fog,0.0,92.6
2026-01-26,Vienna to Budapest,TRK_0021,1059.8,502.07,Delayed,4.6,1733.37,69.86,Snow,143.43,32.8
2025-11-05,Brussels to Paris,TRK_0015,1084.3,468.75,On-Time,4.1,1422.78,79.78,Rain,0.0,58.9
2025-03-29,Berlin to Hamburg,TRK_0014,511.7,201.97,Delayed,4.5,696.75,53.66,Fog,112.39,30.4
2026-01-28,Milan to Zurich,TRK_0036,438.4,206.3,On-Time,2.6,646.51,54.51,Rain,0.0,74.9
2025-01-11,Budapest to Bucharest,TRK_0005,619.1,312.69,Delayed,4.9,752.03,74.26,Snow,92.07,29.2
2025-08-07,Warsaw to Krakow,TRK_0032,601.8,265.57,On-Time,2.9,836.28,96.18,Snow,0.0,27.9
2025-02-16,Berlin to Prague,TRK_0030,479.4,266.39,On-Time,3.7,800.46,25.64,Snow,0.0,55.1
2025-08-23,Warsaw to Berlin,TRK_0038,1009.2,508.91,On-Time,4.9,1189.45,58.7,Rain,0.0,57.7
2025-11-09,Berlin to Hamburg,TRK_0011,482.6,237.21,Delayed,3.5,709.74,83.44,Fog,160.01,28.8
2025-11-01,Berlin to Hamburg,TRK_0045,470.1,213.84,On-Time,4.2,581.15,93.09,Clear,0.0,64.7
2025-07-13,Warsaw to Berlin,TRK_0007,1006.7,450.4,On-Time,2.5,1027.39,17.17,Clear,0.0,92.1
2026-01-20,Prague to Vienna,TRK_0009,383.4,169.94,On-Time,4.7,582.4,19.39,Clear,0.0,86.7
2025-01-19,Zurich to Munich,TRK_0008,998.5,477.08,On-Time,2.7,1284.51,35.57,Snow,0.0,78.0
2025-02-27,Lyon to Milan,TRK_0001,897.3,444.28,On-Time,4.6,1000.33,117.98,Snow,0.0,69.8
2025-02-10,Lyon to Milan,TRK_0006,935.5,477.88,On-Time,3.9,1513.35,53.09,Fog,0.0,43.8
2025-03-11,Zurich to Munich,TRK_0038,937.7,436.66,On-Time,2.8,1470.55,65.89,Rain,0.0,84.3
2025-05-10,Lyon to Milan,TRK_0020,936.6,431.21,On-Time,4.3,1466.38,31.45,Clear,0.0,86.6
2025-12-06,Zurich to Munich,TRK_0010,937.4,501.04,Delayed,4.2,1719.46,79.86,Snow,80.34,89.2
2025-05-31,Budapest to Bucharest,TRK_0010,640.5,271.74,On-Time,2.9,638.58,63.61,Snow,0.0,46.0
2025-08-15,Berlin to Prague,TRK_0032,480.0,241.08,Delayed,3.5,746.69,79.64,Rain,82.44,32.7
2025-09-26,Berlin to Hamburg,TRK_0027,488.3,266.07,On-Time,3.8,643.19,68.58,Fog,0.0,65.5
2025-09-13,Amsterdam to Brussels,TRK_0013,434.1,249.66,On-Time,3.1,775.78,111.02,Fog,0.0,53.6
2025-08-18,Milan to Zurich,TRK_0049,436.2,196.58,Delayed,4.5,588.03,60.59,Snow,223.54,68.7
2025-11-23,Budapest to Bucharest,TRK_0003,649.4,346.21,On-Time,5.0,909.13,41.99,Snow,0.0,71.6
2025-05-16,Budapest to Bucharest,TRK_0047,656.8,307.29,On-Time,3.1,1001.7,81.49,Clear,0.0,50.2
2025-05-11,Berlin to Hamburg,TRK_0011,492.1,251.07,Delayed,4.8,703.88,37.57,Rain,216.99,81.0
2025-08-07,Budapest to Bucharest,TRK_0021,647.2,305.43,On-Time,3.3,907.82,98.89,Fog,0.0,75.3
2025-06-25,Budapest to Bucharest,TRK_0041,640.3,303.96,On-Time,2.9,708.28,46.53,Fog,0.0,55.3
2026-01-23,Budapest to Bucharest,TRK_0037,622.1,335.26,On-Time,5.0,831.31,117.92,Snow,0.0,82.6
2025-06-20,Vienna to Budapest,TRK_0047,1077.8,514.55,Delayed,2.8,1641.3,77.86,Fog,218.71,81.2
2025-12-10,Budapest to Bucharest,TRK_0024,637.6,330.82,On-Time,4.9,1089.61,79.55,Clear,0.0,33.3
2025-04-30,Berlin to Hamburg,TRK_0041,498.8,225.2,On-Time,4.2,636.5,15.84,Snow,0.0,89.0
2025-02-28,Warsaw to Krakow,TRK_0006,614.9,310.11,On-Time,3.0,824.82,79.0,Rain,0.0,65.1
2025-02-27,Hamburg to Amsterdam,TRK_0023,1099.9,553.21,Delayed,4.4,1487.74,109.33,Fog,229.68,51.6
2025-07-08,Milan to Zurich,TRK_0029,449.6,243.52,Delayed,4.5,556.12,83.83,Clear,90.56,72.0
2025-05-16,Vienna to Budapest,TRK_0019,1055.2,472.8,Delayed,2.5,1270.69,56.68,Snow,104.83,72.0
2025-11-18,Hamburg to Amsterdam,TRK_0013,1049.7,494.27,On-Time,4.8,1647.27,100.03,Fog,0.0,78.8
2025-12-22,Berlin to Prague,TRK_0042,444.9,214.77,On-Time,3.1,639.1,105.78,Fog,0.0,97.5
2025-05-22,Budapest to Bucharest,TRK_0007,653.1,347.17,On-Time,2.8,863.4,98.38,Snow,0.0,78.3
2025-02-27,Vienna to Budapest,TRK_0019,1109.7,545.58,On-Time,4.4,1493.22,46.55,Rain,0.0,75.4
2026-01-07,Milan to Zurich,TRK_0039,430.8,183.98,On-Time,4.1,466.84,73.55,Snow,0.0,60.7
2025-06-22,Lyon to Milan,TRK_0009,908.8,478.92,Delayed,3.3,1562.19,63.12,Rain,111.81,83.2
2025-06-24,Paris to Lyon,TRK_0023,1085.3,603.93,Delayed,2.6,1417.18,81.8,Fog,100.14,80.6
2025-08-31,Hamburg to Amsterdam,TRK_0029,1084.3,475.12,On-Time,4.1,1490.78,61.22,Fog,0.0,53.1
2025-03-07,Krakow to Bratislava,TRK_0048,583.5,290.09,On-Time,4.5,987.55,91.75,Clear,0.0,27.4
2025-12-10,Zurich to Munich,TRK_0041,918.5,420.68,On-Time,3.3,1285.77,105.97,Snow,0.0,54.2
2025-04-16,Milan to Zurich,TRK_0030,453.1,216.98,Delayed,3.4,565.21,70.74,Fog,217.14,34.0
2025-02-18,Milan to Zurich,TRK_0048,422.2,188.72,On-Time,3.0,551.88,58.18,Snow,0.0,85.8
2025-11-20,Berlin to Prague,TRK_0012,456.4,218.2,On-Time,3.9,731.34,64.94,Fog,0.0,93.0
2025-04-29,Brussels to Paris,TRK_0021,1082.0,532.85,On-Time,4.2,1230.34,20.92,Snow,0.0,82.2
2025-05-23,Zurich to Munich,TRK_0035,979.9,513.6,Delayed,4.8,1272.09,59.58,Snow,113.85,81.8
2025-03-05,Berlin to Prague,TRK_0028,476.4,210.75,Delayed,3.9,644.73,84.43,Fog,174.92,36.2
2025-12-22,Berlin to Hamburg,TRK_0031,483.7,221.92,On-Time,2.8,688.15,61.16,Snow,0.0,27.6
2025-07-16,Amsterdam to Brussels,TRK_0025,458.2,239.25,On-Time,3.9,826.74,92.51,Snow,0.0,66.3
2025-05-21,Berlin to Prague,TRK_0019,460.3,228.53,Delayed,4.8,528.66,55.06,Snow,133.07,27.1
2025-07-18,Milan to Zurich,TRK_0048,422.5,202.82,On-Time,4.5,634.93,93.77,Fog,0.0,43.2
2025-04-29,Warsaw to Krakow,TRK_0044,614.4,324.85,Delayed,4.1,895.22,52.18,Clear,113.88,90.3
2025-08-14,Lyon to Milan,TRK_0048,884.4,482.36,Delayed,4.2,1381.73,86.57,Snow,132.35,88.5
2025-01-16,Berlin to Hamburg,TRK_0001,499.2,274.83,On-Time,4.9,868.33,64.23,Snow,0.0,33.8
2025-05-31,Milan to Zurich,TRK_0027,454.0,230.61,Delayed,3.0,627.67,36.07,Rain,230.56,41.2
2026-02-07,Paris to Lyon,TRK_0016,1100.6,478.37,On-Time,4.2,1558.4,57.41,Clear,0.0,58.1
2025-01-30,Milan to Zurich,TRK_0012,456.8,213.12,On-Time,3.6,481.22,55.59,Snow,0.0,26.4
2025-07-04,Prague to Vienna,TRK_0046,372.2,196.78,On-Time,3.4,652.79,92.2,Rain,0.0,53.1
2025-05-11,Budapest to Bucharest,TRK_0032,654.1,314.56,On-Time,3.2,967.8,102.97,Rain,0.0,66.5
2025-09-24,Hamburg to Amsterdam,TRK_0019,1142.0,564.86,On-Time,2.5,1890.26,72.98,Rain,0.0,25.6
2025-09-20,Berlin to Prague,TRK_0032,458.8,225.65,Delayed,3.0,695.03,81.3,Rain,161.05,66.3
2025-09-17,Amsterdam to Brussels,TRK_0038,467.9,247.4,On-Time,3.8,825.78,28.5,Fog,0.0,49.3
2025-02-19,Berlin to Prague,TRK_0034,462.4,215.5,Delayed,3.8,744.51,60.26,Fog,196.22,48.3
2025-03-06,Krakow to Bratislava,TRK_0009,556.7,255.45,Delayed,3.8,636.66,68.59,Fog,228.29,49.6
2026-01-19,Berlin to Hamburg,TRK_0006,514.0,220.96,On-Time,4.4,618.5,45.41,Rain,0.0,33.4
2025-06-16,Paris to Lyon,TRK_0009,1160.2,617.55,On-Time,3.0,2002.07,50.98,Rain,0.0,94.5
2025-08-05,Warsaw to Krakow,TRK_0043,573.8,324.81,On-Time,4.4,893.56,96.27,Clear,0.0,53.0
2025-11-02,Berlin to Hamburg,TRK_0008,475.7,204.42,On-Time,3.0,495.47,24.77,Rain,0.0,46.0
2025-04-30,Warsaw to Berlin,TRK_0022,972.7,409.38,On-Time,5.0,1121.93,81.64,Fog,0.0,48.8
2025-06-04,Paris to Lyon,TRK_0042,1085.4,532.55,On-Time,2.9,1528.35,108.33,Fog,0.0,40.9
2025-10-13,Prague to Vienna,TRK_0043,360.2,155.98,On-Time,3.9,442.44,64.46,Clear,0.0,90.7
2025-06-29,Vienna to Budapest,TRK_0004,1138.9,506.04,On-Time,3.4,1148.74,88.99,Fog,0.0,48.6
2025-08-03,Amsterdam to Brussels,TRK_0040,473.1,227.64,On-Time,3.2,642.65,66.66,Rain,0.0,47.5
2025-03-26,Paris to Lyon,TRK_0022,1079.0,598.68,On-Time,4.4,1510.81,105.71,Clear,0.0,26.9
2025-07-08,Berlin to Hamburg,TRK_0050,508.1,238.14,On-Time,4.1,661.84,103.08,Snow,0.0,55.8
2025-03-22,Lyon to Milan,TRK_0046,866.5,415.55,Delayed,3.1,1242.06,37.47,Fog,154.9,74.6
2025-08-21,Budapest to Bucharest,TRK_0017,652.9,298.75,On-Time,3.9,736.08,64.26,Clear,0.0,79.7
2026-01-26,Hamburg to Amsterdam,TRK_0008,1069.3,588.3,On-Time,4.8,1504.85,80.34,Rain,0.0,49.5
2026-01-22,Prague to Vienna,TRK_0033,374.2,205.62,On-Time,4.2,698.53,100.63,Clear,0.0,40.4
2025-12-07,Krakow to Bratislava,TRK_0001,572.1,262.45,On-Time,4.6,748.51,43.01,Fog,0.0,77.3
2025-11-25,Berlin to Hamburg,TRK_0040,493.3,232.36,On-Time,4.1,730.29,80.02,Snow,0.0,59.0
2025-10-25,Berlin to Prague,TRK_0031,445.4,216.69,On-Time,4.0,559.45,22.04,Clear,0.0,93.0
2025-10-29,Zurich to Munich,TRK_0046,996.0,532.62,On-Time,3.4,1186.13,105.33,Rain,0.0,94.2
2026-01-26,Brussels to Paris,TRK_0032,1043.7,499.95,On-Time,4.9,1738.46,74.99,Snow,0.0,35.7
2025-01-11,Prague to Vienna,TRK_0015,391.6,203.0,On-Time,5.0,678.37,111.17,Snow,0.0,31.8
2025-05-20,Prague to Vienna,TRK_0049,357.7,169.33,On-Time,5.0,421.6,50.42,Snow,0.0,68.8
2025-09-01,Warsaw to Berlin,TRK_0028,978.8,555.85,On-Time,4.2,1941.01,71.69,Rain,0.0,80.1
2025-10-30,Warsaw to Berlin,TRK_0031,984.0,462.86,On-Time,3.6,1060.33,87.95,Fog,0.0,55.0
2025-07-12,Berlin to Prague,TRK_0010,484.9,244.62,On-Time,3.3,776.87,119.27,Rain,0.0,97.1
2025-03-03,Paris to Lyon,TRK_0023,1074.5,545.15,On-Time,4.7,1595.12,102.67,Snow,0.0,42.9
2025-02-03,Milan to Zurich,TRK_0012,460.3,203.07,On-Time,4.8,529.07,117.1,Clear,0.0,88.3
2025-05-24,Brussels to Paris,TRK_0007,1036.9,494.05,On-Time,3.1,1402.21,41.07,Clear,0.0,39.9
2026-02-23,Prague to Vienna,TRK_0041,367.9,175.53,Delayed,3.8,591.22,106.47,Fog,107.62,30.5
2025-09-03,Amsterdam to Brussels,TRK_0031,470.1,248.4,On-Time,4.3,857.07,82.39,Rain,0.0,32.2
2026-02-22,Berlin to Hamburg,TRK_0007,474.1,253.71,Delayed,4.3,852.82,109.81,Snow,247.38,78.4
2025-09-09,Amsterdam to Brussels,TRK_0044,450.5,185.69,On-Time,4.2,583.91,43.82,Fog,0.0,84.6
2025-11-15,Paris to Lyon,TRK_0027,1123.9,520.37,On-Time,2.9,1206.99,51.84,Clear,0.0,97.2
2025-06-12,Hamburg to Amsterdam,TRK_0045,1148.4,553.21,Delayed,4.4,1826.67,61.38,Snow,198.37,57.7
2025-02-19,Zurich to Munich,TRK_0044,999.0,409.34,On-Time,4.9,1355.14,83.85,Clear,0.0,61.0
2026-01-05,Berlin to Hamburg,TRK_0048,467.5,269.59,On-Time,2.5,653.12,61.05,Fog,0.0,81.6
2026-01-13,Budapest to Bucharest,TRK_0018,620.7,327.58,On-Time,3.0,1018.52,16.12,Fog,0.0,61.6
2026-01-22,Krakow to Bratislava,TRK_0003,606.2,321.87,On-Time,4.6,836.79,77.66,Fog,0.0,64.6
2026-01-11,Amsterdam to Brussels,TRK_0020,460.9,214.45,On-Time,4.2,473.94,90.78,Rain,0.0,37.2
2025-10-11,Hamburg to Amsterdam,TRK_0026,1100.8,523.68,On-Time,4.9,1654.44,66.57,Snow,0.0,82.4
2025-05-27,Berlin to Hamburg,TRK_0021,502.1,286.75,On-Time,3.9,728.02,115.1,Snow,0.0,40.0
2025-09-16,Vienna to Budapest,TRK_0008,1067.9,528.33,On-Time,3.1,1257.19,59.26,Snow,0.0,79.9
2025-12-21,Paris to Lyon,TRK_0024,1136.8,600.85,On-Time,4.9,1827.14,61.57,Clear,0.0,45.9
2025-10-19,Brussels to Paris,TRK_0010,1089.6,486.89,On-Time,3.7,1342.36,36.15,Rain,0.0,83.8
2025-09-15,Berlin to Hamburg,TRK_0004,514.7,211.17,On-Time,4.4,661.14,86.08,Fog,0.0,44.9
2025-11-19,Brussels to Paris,TRK_0030,1051.1,558.65,On-Time,4.0,1706.93,94.47,Rain,0.0,80.2
2025-11-10,Vienna to Budapest,TRK_0050,1080.8,463.06,On-Time,3.6,1327.17,72.93,Fog,0.0,63.1
2026-02-09,Prague to Vienna,TRK_0034,369.2,163.47,On-Time,4.3,565.08,25.76,Fog,0.0,50.4
2026-01-16,Vienna to Budapest,TRK_0010,1090.4,565.07,On-Time,4.3,1695.44,65.39,Fog,0.0,42.0
2025-11-20,Prague to Vienna,TRK_0024,360.5,163.52,On-Time,3.1,554.2,57.41,Rain,0.0,92.9
2025-05-29,Amsterdam to Brussels,TRK_0012,472.6,255.76,Delayed,3.5,613.86,90.56,Fog,192.65,56.7
2025-10-01,Zurich to Munich,TRK_0006,911.7,432.02,On-Time,4.5,1252.77,58.4,Fog,0.0,74.0
2025-04-28,Amsterdam to Brussels,TRK_0045,453.2,204.23,On-Time,3.4,602.29,42.8,Fog,0.0,61.6
2026-02-08,Zurich to Munich,TRK_0037,960.5,427.72,On-Time,3.2,1312.77,31.57,Snow,0.0,35.2
2025-03-02,Paris to Lyon,TRK_0004,1078.7,531.39,On-Time,3.7,1438.15,26.41,Snow,0.0,81.9
2025-02-26,Hamburg to Amsterdam,TRK_0040,1139.8,540.28,Delayed,3.3,1469.71,114.16,Fog,111.02,59.1
2025-04-15,Hamburg to Amsterdam,TRK_0039,1087.2,595.65,On-Time,3.8,1337.16,63.83,Snow,0.0,86.6
2025-09-18,Paris to Lyon,TRK_0042,1129.6,594.59,Delayed,3.9,1935.59,110.86,Fog,153.73,75.1
2025-12-25,Prague to Vienna,TRK_0037,385.7,214.07,On-Time,3.3,475.52,49.31,Snow,0.0,70.0
2025-06-08,Lyon to Milan,TRK_0033,905.0,432.44,On-Time,3.2,1421.54,114.89,Snow,0.0,42.1
2025-07-15,Amsterdam to Brussels,TRK_0019,457.0,186.06,On-Time,4.8,555.72,61.69,Rain,0.0,35.9
2025-03-14,Krakow to Bratislava,TRK_0045,566.9,315.31,Delayed,5.0,1076.66,39.88,Clear,81.78,61.3
2025-03-11,Lyon to Milan,TRK_0030,895.6,420.99,On-Time,4.5,1464.5,79.21,Fog,0.0,75.6
2025-05-05,Paris to Lyon,TRK_0035,1056.9,471.54,On-Time,3.9,1435.28,86.14,Clear,0.0,92.9
2025-09-22,Prague to Vienna,TRK_0005,384.8,203.91,On-Time,2.6,555.31,105.16,Clear,0.0,94.4
2025-07-07,Zurich to Munich,TRK_0034,994.8,502.98,On-Time,4.2,1672.12,106.0,Snow,0.0,48.3
2025-08-12,Prague to Vienna,TRK_0022,364.2,156.89,On-Time,5.0,408.21,95.51,Rain,0.0,70.4
2026-02-01,Amsterdam to Brussels,TRK_0037,448.3,196.69,On-Time,3.0,672.5,40.04,Clear,0.0,48.1
2025-10-26,Amsterdam to Brussels,TRK_0021,472.7,223.15,On-Time,4.4,664.33,89.38,Clear,0.0,86.3
2026-02-25,Krakow to Bratislava,TRK_0014,601.3,277.8,Delayed,4.6,716.35,89.02,Clear,90.85,85.4
2025-01-13,Krakow to Bratislava,TRK_0044,582.5,309.53,Delayed,3.2,734.22,61.28,Fog,102.94,67.1
2025-05-01,Lyon to Milan,TRK_0001,920.9,415.82,Delayed,3.8,940.39,55.25,Clear,175.14,38.9
2025-02-24,Berlin to Prague,TRK_0037,447.7,204.3,On-Time,3.4,714.74,74.56,Snow,0.0,44.2
2025-10-10,Hamburg to Amsterdam,TRK_0005,1156.2,485.69,On-Time,3.9,1662.31,59.93,Snow,0.0,58.5
2025-11-15,Prague to Vienna,TRK_0050,390.2,213.32,On-Time,3.4,610.83,47.14,Fog,0.0,27.7
2025-07-24,Prague to Vienna,TRK_0025,364.7,208.1,Delayed,3.4,727.43,76.36,Snow,126.28,53.6
2025-02-25,Warsaw to Berlin,TRK_0024,1040.0,502.2,On-Time,4.4,1249.23,50.13,Fog,0.0,53.8
2025-07-11,Krakow to Bratislava,TRK_0025,597.4,334.2,Delayed,3.4,744.29,68.69,Snow,189.47,75.8
2025-08-08,Berlin to Hamburg,TRK_0022,493.9,260.61,On-Time,4.2,657.58,25.1,Snow,0.0,60.6
2025-04-26,Prague to Vienna,TRK_0030,389.1,186.33,On-Time,4.7,429.95,98.03,Fog,0.0,84.0
2025-01-10,Berlin to Prague,TRK_0038,442.0,230.49,On-Time,2.7,736.07,106.31,Rain,0.0,43.3
2025-11-30,Prague to Vienna,TRK_0015,359.3,162.9,Delayed,3.6,446.59,85.74,Rain,162.44,39.0
2025-11-20,Berlin to Prague,TRK_0036,477.1,270.48,Delayed,4.8,783.96,25.26,Snow,142.9,36.9
2025-09-09,Zurich to Munich,TRK_0035,979.6,410.74,On-Time,3.0,1374.61,69.07,Snow,0.0,71.2
2026-02-16,Krakow to Bratislava,TRK_0024,567.6,329.84,On-Time,4.4,740.26,84.13,Snow,0.0,92.2
2025-01-21,Warsaw to Berlin,TRK_0003,1025.6,554.09,On-Time,4.7,1761.87,72.17,Snow,0.0,59.2
2025-07-10,Zurich to Munich,TRK_0004,915.1,405.19,On-Time,4.2,1315.32,49.97,Clear,0.0,65.9
2025-01-26,Berlin to Hamburg,TRK_0031,498.0,280.76,On-Time,4.3,656.59,44.61,Clear,0.0,50.4
2026-01-23,Lyon to Milan,TRK_0041,938.9,482.42,On-Time,4.7,1473.87,50.82,Clear,0.0,58.2
2025-01-19,Milan to Zurich,TRK_0001,453.7,238.15,Delayed,3.5,656.5,73.09,Snow,225.63,47.9
2025-06-20,Lyon to Milan,TRK_0016,941.9,452.82,On-Time,3.7,1251.43,78.47,Snow,0.0,70.1
2025-01-24,Brussels to Paris,TRK_0011,1013.7,495.88,Delayed,4.7,1452.61,102.65,Rain,111.37,56.3
2025-05-18,Milan to Zurich,TRK_0033,430.6,218.19,On-Time,3.3,731.47,72.61,Rain,0.0,54.5
2025-12-31,Hamburg to Amsterdam,TRK_0022,1152.6,611.07,On-Time,4.1,1409.55,35.96,Rain,0.0,50.2
2025-02-28,Berlin to Hamburg,TRK_0007,511.5,231.39,On-Time,3.2,646.3,102.2,Rain,0.0,57.5
2026-01-19,Vienna to Budapest,TRK_0012,1138.9,633.03,On-Time,3.5,1894.78,117.06,Fog,0.0,65.7
2025-03-29,Hamburg to Amsterdam,TRK_0023,1109.1,563.99,On-Time,4.5,1725.8,27.61,Snow,0.0,75.8
2025-12-15,Budapest to Bucharest,TRK_0032,600.4,286.75,Delayed,3.6,858.27,30.91,Fog,97.74,60.6
2025-07-28,Berlin to Hamburg,TRK_0022,491.3,260.14,On-Time,3.8,654.46,45.36,Rain,0.0,49.0
2025-02-14,Warsaw to Berlin,TRK_0033,1013.8,451.72,On-Time,4.9,1067.8,25.97,Rain,0.0,62.5
2025-08-10,Budapest to Bucharest,TRK_0016,634.0,300.26,On-Time,2.7,836.78,108.53,Fog,0.0,43.4
2025-03-02,Budapest to Bucharest,TRK_0020,620.0,335.8,On-Time,4.6,747.52,100.99,Fog,0.0,69.8
2025-05-22,Brussels to Paris,TRK_0028,1001.3,489.15,Delayed,4.7,1221.05,64.89,Snow,81.22,70.2
2025-04-14,Berlin to Prague,TRK_0018,470.0,208.28,Delayed,2.8,559.57,82.45,Snow,233.61,32.4
2025-10-26,Berlin to Prague,TRK_0023,453.8,246.17,On-Time,4.4,715.23,105.04,Fog,0.0,65.1
2025-08-28,Amsterdam to Brussels,TRK_0012,449.2,245.74,On-Time,3.8,617.7,69.65,Clear,0.0,52.9
2025-10-04,Hamburg to Amsterdam,TRK_0020,1064.2,482.98,On-Time,4.7,1579.41,78.43,Fog,0.0,92.7
2026-02-08,Paris to Lyon,TRK_0020,1156.4,519.87,On-Time,4.2,1398.95,15.27,Snow,0.0,77.1
2025-03-05,Amsterdam to Brussels,TRK_0044,459.2,239.52,On-Time,3.0,535.83,66.76,Fog,0.0,42.5
2025-03-13,Prague to Vienna,TRK_0030,362.5,177.97,On-Time,4.6,405.24,102.27,Rain,0.0,91.9
2025-07-17,Warsaw to Krakow,TRK_0003,605.1,265.3,On-Time,4.6,640.33,94.55,Snow,0.0,44.0
2025-04-16,Lyon to Milan,TRK_0004,936.7,416.64,On-Time,3.7,1019.43,47.05,Snow,0.0,32.0
2025-12-13,Warsaw to Krakow,TRK_0043,618.6,295.74,On-Time,4.1,967.41,90.08,Fog,0.0,36.4
2025-05-11,Paris to Lyon,TRK_0001,1087.4,521.79,Delayed,4.6,1345.3,98.07,Clear,199.2,56.7
2025-08-03,Paris to Lyon,TRK_0020,1058.1,559.73,On-Time,4.8,1875.54,33.2,Clear,0.0,28.1
2025-03-07,Lyon to Milan,TRK_0035,921.3,435.71,On-Time,3.0,1440.55,78.97,Rain,0.0,64.3
2025-11-02,Zurich to Munich,TRK_0021,961.0,491.04,On-Time,2.9,1121.01,65.67,Fog,0.0,48.5
2025-11-02,Amsterdam to Brussels,TRK_0018,451.5,207.84,Delayed,3.8,667.17,68.87,Snow,249.19,39.7
2025-04-07,Berlin to Hamburg,TRK_0028,487.5,227.89,On-Time,4.3,524.55,28.4,Clear,0.0,42.9
2025-11-26,Zurich to Munich,TRK_0049,973.1,463.54,On-Time,4.4,1492.93,33.75,Snow,0.0,46.0
2025-09-19,Milan to Zurich,TRK_0014,451.9,221.48,On-Time,4.5,570.33,68.18,Rain,0.0,70.1
2025-09-24,Hamburg to Amsterdam,TRK_0013,1125.3,519.35,On-Time,2.6,1721.26,113.51,Rain,0.0,93.0
2025-06-23,Berlin to Prague,TRK_0012,457.1,230.46,On-Time,3.4,790.3,17.23,Fog,0.0,94.6
2026-01-06,Brussels to Paris,TRK_0037,1048.8,586.38,On-Time,3.1,1367.79,52.58,Snow,0.0,55.3
2025-02-23,Hamburg to Amsterdam,TRK_0002,1053.9,511.34,On-Time,2.6,1244.28,25.77,Rain,0.0,40.3
2025-06-23,Berlin to Prague,TRK_0024,449.1,233.04,On-Time,2.8,559.13,52.28,Snow,0.0,32.2
2025-03-06,Krakow to Bratislava,TRK_0011,596.4,294.4,On-Time,2.8,760.57,48.54,Fog,0.0,32.8
2025-11-27,Budapest to Bucharest,TRK_0003,619.8,318.38,On-Time,3.6,928.26,100.03,Clear,0.0,74.6
2025-11-24,Lyon to Milan,TRK_0023,917.6,412.69,On-Time,3.0,1001.75,87.04,Rain,0.0,49.7
2026-02-11,Krakow to Bratislava,TRK_0018,584.4,240.94,On-Time,4.3,751.11,24.09,Snow,0.0,57.4
2025-10-18,Vienna to Budapest,TRK_0030,1073.1,505.23,On-Time,3.3,1409.74,118.74,Fog,0.0,56.9
2026-02-03,Brussels to Paris,TRK_0011,1029.6,585.06,On-Time,3.2,2038.16,76.24,Clear,0.0,70.4
2026-01-25,Hamburg to Amsterdam,TRK_0040,1096.7,503.46,On-Time,2.5,1563.05,60.85,Fog,0.0,66.6
2025-11-07,Vienna to Budapest,TRK_0037,1127.6,664.14,On-Time,2.8,2233.53,74.66,Fog,0.0,44.9
2025-03-02,Vienna to Budapest,TRK_0012,1160.4,533.62,Delayed,2.9,1237.12,50.37,Fog,224.17,48.9
2026-01-25,Zurich to Munich,TRK_0026,927.1,490.61,On-Time,3.0,1640.31,18.6,Fog,0.0,54.8
2025-08-11,Krakow to Bratislava,TRK_0033,595.9,311.0,On-Time,4.4,770.13,24.33,Rain,0.0,91.7
2025-01-31,Brussels to Paris,TRK_0046,1062.2,535.69,Delayed,4.3,1354.75,63.47,Fog,204.79,75.0
2025-05-29,Vienna to Budapest,TRK_0048,1062.2,494.26,Delayed,2.6,1219.03,20.78,Rain,158.36,66.8
2025-01-22,Zurich to Munich,TRK_0036,966.4,549.86,On-Time,4.0,1644.23,118.81,Snow,0.0,39.9
2025-03-24,Berlin to Prague,TRK_0013,452.9,203.37,On-Time,2.9,634.38,116.35,Fog,0.0,28.3
2025-03-13,Lyon to Milan,TRK_0042,863.0,434.04,On-Time,4.2,981.83,75.3,Clear,0.0,48.1
2026-02-13,Paris to Lyon,TRK_0020,1064.1,487.78,On-Time,2.5,1123.33,40.42,Snow,0.0,60.0
2025-05-20,Prague to Vienna,TRK_0046,392.6,215.5,On-Time,3.1,723.16,33.03,Fog,0.0,47.1
2025-03-11,Paris to Lyon,TRK_0021,1082.2,502.6,On-Time,3.2,1244.16,112.46,Fog,0.0,26.0
2025-05-29,Budapest to Bucharest,TRK_0009,601.1,320.22,On-Time,3.2,857.43,39.92,Fog,0.0,63.5
2025-06-22,Brussels to Paris,TRK_0049,1009.3,570.35,On-Time,4.6,1268.98,25.28,Clear,0.0,37.1
2025-06-07,Krakow to Bratislava,TRK_0050,571.6,328.84,On-Time,3.8,982.27,66.26,Rain,0.0,25.6
2026-01-26,Amsterdam to Brussels,TRK_0030,463.3,239.41,On-Time,4.8,785.34,87.06,Clear,0.0,30.5
2025-06-24,Vienna to Budapest,TRK_0042,1079.7,483.4,On-Time,4.7,1213.83,77.85,Clear,0.0,63.8
2025-01-27,Zurich to Munich,TRK_0020,968.0,467.29,On-Time,3.7,1494.97,35.82,Clear,0.0,60.9
2025-01-19,Berlin to Prague,TRK_0044,455.8,190.41,On-Time,4.7,502.24,55.19,Fog,0.0,44.8
2026-01-26,Zurich to Munich,TRK_0017,992.3,486.68,Delayed,2.8,1128.55,58.53,Rain,183.73,97.0
2026-01-20,Budapest to Bucharest,TRK_0045,609.4,287.92,Delayed,3.3,712.87,77.27,Clear,249.46,71.9
2025-12-01,Paris to Lyon,TRK_0020,1115.6,499.69,On-Time,3.4,1657.23,89.5,Fog,0.0,61.2
2025-04-17,Budapest to Bucharest,TRK_0026,625.9,313.61,Delayed,4.8,822.37,34.29,Rain,116.13,89.3
2025-12-18,Milan to Zurich,TRK_0014,430.6,227.2,On-Time,4.0,724.98,74.65,Snow,0.0,68.5
2025-07-28,Berlin to Hamburg,TRK_0023,489.8,265.12,On-Time,2.9,813.85,67.1,Fog,0.0,46.5
2025-08-10,Berlin to Prague,TRK_0019,447.5,259.98,On-Time,2.7,666.89,31.33,Snow,0.0,96.5
2025-09-15,Warsaw to Berlin,TRK_0014,1042.5,487.45,Delayed,3.0,1387.62,17.2,Rain,190.63,66.7
2025-05-10,Milan to Zurich,TRK_0007,417.8,192.46,On-Time,3.5,628.86,58.41,Snow,0.0,37.2
2025-03-20,Berlin to Prague,TRK_0047,449.5,258.27,On-Time,3.3,663.85,55.69,Fog,0.0,62.2
2026-01-29,Amsterdam to Brussels,TRK_0031,474.7,222.01,On-Time,4.6,542.08,77.57,Fog,0.0,76.8
2025-01-03,Paris to Lyon,TRK_0006,1078.4,492.71,On-Time,4.3,1688.61,72.77,Rain,0.0,84.3
2025-08-20,Prague to Vienna,TRK_0001,380.3,194.99,Delayed,3.9,446.85,104.96,Snow,185.93,87.6
2025-06-30,Budapest to Bucharest,TRK_0008,645.8,331.76,On-Time,4.3,1073.27,72.2,Snow,0.0,96.2
2025-03-18,Warsaw to Berlin,TRK_0026,1036.0,476.51,Delayed,3.8,1399.13,89.62,Clear,132.16,31.2
2025-01-06,Zurich to Munich,TRK_0037,942.6,451.34,On-Time,4.1,1104.42,91.83,Fog,0.0,63.5
2025-01-24,Hamburg to Amsterdam,TRK_0036,1085.8,566.99,Delayed,2.6,1765.89,95.88,Snow,205.11,94.8
2026-01-13,Lyon to Milan,TRK_0047,929.3,375.34,On-Time,2.6,1237.07,29.59,Rain,0.0,88.7
2025-11-17,Brussels to Paris,TRK_0024,1049.6,528.69,Delayed,4.2,1570.37,31.18,Clear,159.0,35.7
2025-01-24,Vienna to Budapest,TRK_0014,1094.8,511.84,On-Time,4.0,1365.17,26.08,Clear,0.0,94.9
2025-11-17,Amsterdam to Brussels,TRK_0049,457.7,235.15,On-Time,3.9,719.52,78.17,Fog,0.0,65.2
2025-08-28,Berlin to Hamburg,TRK_0025,513.8,255.57,Delayed,3.9,659.62,28.67,Fog,217.67,80.3
2025-07-28,Berlin to Prague,TRK_0022,454.9,244.56,On-Time,3.6,600.97,109.33,Rain,0.0,84.9
2025-07-15,Berlin to Prague,TRK_0034,455.2,246.35,On-Time,4.5,738.74,27.95,Fog,0.0,35.3
2025-03-30,Hamburg to Amsterdam,TRK_0038,1057.5,507.1,On-Time,3.1,1542.06,76.43,Snow,0.0,90.6
2025-10-24,Hamburg to Amsterdam,TRK_0046,1061.6,597.09,On-Time,4.0,1507.02,35.48,Snow,0.0,97.7
2025-08-21,Budapest to Bucharest,TRK_0049,635.5,320.55,On-Time,4.6,776.39,25.17,Rain,0.0,66.6
2025-11-29,Prague to Vienna,TRK_0001,382.7,193.3,On-Time,4.8,625.33,57.98,Fog,0.0,68.2
2025-12-17,Lyon to Milan,TRK_0027,878.8,462.37,On-Time,3.3,1536.62,114.17,Fog,0.0,42.0
2025-05-04,Berlin to Prague,TRK_0033,449.9,211.11,On-Time,4.3,545.2,18.95,Fog,0.0,55.0
2025-03-23,Krakow to Bratislava,TRK_0012,598.4,268.78,On-Time,2.8,916.66,98.59,Rain,0.0,63.4
2025-02-12,Vienna to Budapest,TRK_0028,1088.5,584.41,Delayed,3.2,1875.52,90.03,Fog,219.83,45.1
2025-09-03,Milan to Zurich,TRK_0007,425.4,221.24,On-Time,2.8,503.65,33.66,Clear,0.0,93.6
2025-09-24,Milan to Zurich,TRK_0050,457.6,224.92,Delayed,2.7,602.32,23.53,Clear,220.53,28.9
2025-05-27,Warsaw to Berlin,TRK_0025,967.0,487.52,On-Time,4.1,1447.77,56.71,Rain,0.0,62.2
2025-01-08,Lyon to Milan,TRK_0007,887.2,360.54,Delayed,3.1,994.17,100.27,Fog,164.18,52.9
2025-01-26,Berlin to Hamburg,TRK_0010,472.1,219.16,On-Time,4.1,640.56,106.44,Fog,0.0,95.0
2025-10-07,Milan to Zurich,TRK_0005,444.1,234.83,On-Time,4.2,652.06,19.8,Clear,0.0,25.9
2026-02-23,Paris to Lyon,TRK_0049,1132.0,601.81,On-Time,3.9,1468.53,69.3,Clear,0.0,40.7
2025-12-27,Paris to Lyon,TRK_0006,1085.6,511.93,On-Time,2.7,1618.35,92.49,Clear,0.0,45.0
2025-06-01,Krakow to Bratislava,TRK_0020,581.9,291.08,Delayed,3.3,796.54,46.53,Clear,209.32,92.9
2025-10-30,Krakow to Bratislava,TRK_0029,579.5,281.66,On-Time,2.5,714.24,79.94,Clear,0.0,73.7
2025-04-12,Warsaw to Berlin,TRK_0041,975.3,460.08,On-Time,3.7,1243.7,112.63,Fog,0.0,75.0
2025-07-25,Paris to Lyon,TRK_0036,1082.3,548.02,On-Time,4.8,1772.67,117.26,Fog,0.0,34.2
2025-06-08,Hamburg to Amsterdam,TRK_0050,1150.2,611.08,On-Time,3.9,1824.49,38.76,Snow,0.0,43.6
2025-05-12,Warsaw to Krakow,TRK_0004,592.2,287.99,On-Time,3.7,664.63,38.36,Fog,0.0,87.3
2025-11-29,Prague to Vienna,TRK_0026,357.2,176.82,Delayed,4.2,451.64,86.09,Snow,241.86,59.8
2025-12-25,Milan to Zurich,TRK_0011,425.6,205.38,On-Time,4.2,556.06,118.81,Fog,0.0,42.7
2025-08-13,Berlin to Prague,TRK_0009,473.2,259.78,On-Time,4.6,744.97,41.27,Clear,0.0,83.9
2025-06-06,Warsaw to Berlin,TRK_0031,1032.0,572.52,Delayed,4.7,1377.83,58.74,Fog,243.44,53.0
2025-12-21,Berlin to Prague,TRK_0018,472.4,216.47,On-Time,3.3,693.78,114.18,Clear,0.0,85.0
2025-03-13,Zurich to Munich,TRK_0003,953.4,440.1,Delayed,3.3,1269.43,74.51,Snow,176.85,60.8
2025-10-29,Lyon to Milan,TRK_0012,948.7,441.7,On-Time,2.8,1236.12,23.21,Clear,0.0,76.9
2025-05-02,Warsaw to Krakow,TRK_0013,622.3,318.8,On-Time,3.8,1049.69,58.87,Fog,0.0,74.1
2025-12-09,Brussels to Paris,TRK_0045,1043.7,588.61,On-Time,3.0,2024.74,31.91,Fog,0.0,64.4
2025-04-22,Milan to Zurich,TRK_0009,455.1,209.36,On-Time,3.0,619.25,74.35,Rain,0.0,25.7
2025-01-08,Warsaw to Berlin,TRK_0018,958.6,495.31,On-Time,3.9,1626.51,111.59,Clear,0.0,32.7
2025-06-05,Zurich to Munich,TRK_0003,938.7,398.62,On-Time,3.6,1130.08,85.62,Clear,0.0,69.6
2025-11-09,Prague to Vienna,TRK_0004,381.8,188.44,Delayed,3.5,511.31,105.17,Clear,167.78,39.1
2025-09-25,Zurich to Munich,TRK_0027,931.7,451.55,Delayed,4.0,1550.37,23.35,Rain,146.1,57.5
2025-09-01,Berlin to Hamburg,TRK_0005,512.5,232.77,On-Time,4.8,684.74,46.41,Rain,0.0,75.3
2025-11-15,Warsaw to Krakow,TRK_0007,621.3,325.46,On-Time,3.8,1024.41,85.52,Snow,0.0,32.0
2025-03-12,Warsaw to Krakow,TRK_0017,619.9,338.25,On-Time,3.4,1092.67,99.49,Fog,0.0,49.7
2025-06-23,Warsaw to Krakow,TRK_0003,595.8,294.03,On-Time,3.9,1010.94,106.24,Fog,0.0,57.3
2025-10-30,Warsaw to Krakow,TRK_0046,621.8,297.44,Delayed,3.9,857.59,21.53,Snow,222.45,30.9
2025-03-28,Berlin to Prague,TRK_0002,452.0,251.67,On-Time,4.6,622.97,118.41,Rain,0.0,64.8
2026-01-27,Zurich to Munich,TRK_0005,991.9,423.11,On-Time,3.8,1308.9,35.58,Snow,0.0,86.4
2026-01-21,Vienna to Budapest,TRK_0012,1099.1,536.33,On-Time,3.8,1577.67,40.4,Snow,0.0,81.7
2025-06-08,Brussels to Paris,TRK_0026,1042.0,516.68,On-Time,4.6,1792.62,113.87,Clear,0.0,88.2
2025-11-01,Budapest to Bucharest,TRK_0021,659.9,309.16,On-Time,4.5,947.54,21.01,Fog,0.0,66.3
2025-01-02,Amsterdam to Brussels,TRK_0037,434.7,232.87,On-Time,4.9,709.7,103.58,Snow,0.0,54.0
2025-08-03,Berlin to Hamburg,TRK_0005,468.3,215.24,On-Time,3.0,708.56,57.42,Rain,0.0,48.3
2025-12-21,Prague to Vienna,TRK_0026,358.8,202.33,On-Time,2.9,451.92,62.63,Snow,0.0,52.3
2025-01-13,Lyon to Milan,TRK_0004,885.9,398.46,On-Time,4.6,1074.61,40.02,Snow,0.0,78.1
2025-03-22,Warsaw to Krakow,TRK_0032,596.0,334.87,On-Time,2.9,933.05,71.77,Rain,0.0,85.0
2025-10-15,Amsterdam to Brussels,TRK_0014,463.1,215.38,Delayed,3.1,607.7,56.2,Clear,244.33,73.5
2025-04-05,Brussels to Paris,TRK_0001,1076.7,506.89,On-Time,4.0,1662.68,29.78,Fog,0.0,90.1
2025-09-04,Krakow to Bratislava,TRK_0024,577.5,276.13,On-Time,4.7,724.22,102.23,Snow,0.0,33.5
2026-01-26,Hamburg to Amsterdam,TRK_0019,1080.0,565.57,On-Time,4.9,1779.63,108.19,Fog,0.0,51.2
2025-11-21,Krakow to Bratislava,TRK_0019,594.9,302.38,On-Time,3.4,988.2,53.5,Rain,0.0,45.2
2025-08-18,Vienna to Budapest,TRK_0037,1083.0,494.81,On-Time,4.2,1701.4,24.58,Snow,0.0,35.5
2025-12-08,Berlin to Hamburg,TRK_0034,515.4,217.45,On-Time,3.7,589.57,42.26,Clear,0.0,45.0
2025-10-14,Brussels to Paris,TRK_0031,1040.5,526.93,On-Time,4.0,1610.62,23.12,Clear,0.0,39.1
2025-09-26,Berlin to Hamburg,TRK_0035,509.3,300.45,Delayed,3.7,883.05,58.91,Clear,228.73,73.7
2025-09-16,Brussels to Paris,TRK_0034,1029.7,550.02,On-Time,2.9,1216.6,87.04,Clear,0.0,73.5
2025-06-16,Hamburg to Amsterdam,TRK_0031,1155.7,514.14,Delayed,3.0,1646.85,49.7,Fog,225.78,81.3
2025-06-27,Berlin to Prague,TRK_0015,447.0,190.95,On-Time,4.3,451.21,79.65,Fog,0.0,70.5
2025-09-30,Milan to Zurich,TRK_0048,449.2,223.96,On-Time,4.8,566.51,103.0,Clear,0.0,82.2
2025-02-22,Warsaw to Berlin,TRK_0032,1034.1,538.46,On-Time,3.7,1259.52,109.23,Snow,0.0,52.0
2025-03-26,Krakow to Bratislava,TRK_0012,566.9,278.06,On-Time,4.8,732.77,87.27,Snow,0.0,77.4
2025-10-15,Lyon to Milan,TRK_0029,950.5,417.38,On-Time,3.1,921.32,100.7,Rain,0.0,83.3
2025-08-26,Berlin to Prague,TRK_0046,444.6,224.45,Delayed,2.7,574.91,69.48,Clear,202.37,96.2
2025-05-11,Brussels to Paris,TRK_0029,1022.7,523.97,On-Time,3.1,1620.45,37.74,Rain,0.0,41.7
2025-11-07,Vienna to Budapest,TRK_0005,1067.7,592.37,On-Time,4.6,1488.84,55.97,Snow,0.0,70.5
2025-05-08,Amsterdam to Brussels,TRK_0023,454.6,189.04,On-Time,4.5,538.09,29.51,Fog,0.0,90.2
2025-09-19,Lyon to Milan,TRK_0018,893.0,370.77,On-Time,3.7,1117.01,42.24,Snow,0.0,53.6
2025-11-09,Budapest to Bucharest,TRK_0034,621.4,313.0,Delayed,2.7,851.05,100.4,Snow,159.45,39.5
2025-01-28,Prague to Vienna,TRK_0027,390.8,184.22,On-Time,3.8,532.67,74.45,Fog,0.0,38.0
2025-05-18,Lyon to Milan,TRK_0018,889.9,516.98,Delayed,4.3,1597.27,98.65,Clear,178.47,37.6
2025-06-06,Vienna to Budapest,TRK_0038,1129.6,601.81,Delayed,2.7,1432.25,34.08,Clear,138.01,32.0
2025-03-12,Brussels to Paris,TRK_0042,1042.8,451.01,On-Time,3.3,1484.85,90.08,Snow,0.0,37.1
2025-04-28,Warsaw to Berlin,TRK_0032,953.9,506.52,On-Time,3.4,1518.97,93.84,Rain,0.0,37.8
2026-01-07,Warsaw to Berlin,TRK_0028,1001.6,499.45,On-Time,3.2,1203.17,64.11,Snow,0.0,89.3
2025-06-08,Budapest to Bucharest,TRK_0028,662.3,319.42,On-Time,5.0,760.99,118.36,Snow,0.0,84.2
2025-05-05,Paris to Lyon,TRK_0029,1100.8,554.15,On-Time,3.9,1606.75,23.1,Fog,0.0,89.6
2025-05-23,Warsaw to Krakow,TRK_0049,606.2,306.07,Delayed,3.0,1036.04,86.44,Clear,105.37,94.5
2025-07-07,Hamburg to Amsterdam,TRK_0033,1116.5,519.72,On-Time,2.6,1510.56,43.06,Rain,0.0,92.4
2026-01-29,Berlin to Hamburg,TRK_0022,468.4,241.74,On-Time,4.6,752.9,91.7,Rain,0.0,86.4
2025-06-03,Zurich to Munich,TRK_0017,974.3,480.15,On-Time,3.3,1432.4,61.0,Clear,0.0,41.8
2025-02-26,Lyon to Milan,TRK_0024,931.1,533.95,On-Time,3.0,1642.38,28.7,Rain,0.0,53.3
2025-06-01,Amsterdam to Brussels,TRK_0021,464.2,211.46,On-Time,4.9,610.45,53.97,Rain,0.0,76.7
2026-02-18,Lyon to Milan,TRK_0001,914.6,403.64,On-Time,3.8,1137.9,54.69,Rain,0.0,75.7
2025-08-31,Warsaw to Berlin,TRK_0023,1038.0,463.77,Delayed,3.3,1086.88,15.7,Rain,173.47,57.0
2025-03-25,Milan to Zurich,TRK_0034,441.1,212.11,On-Time,4.3,680.74,81.94,Fog,0.0,28.1
2025-11-29,Milan to Zurich,TRK_0040,430.8,198.98,On-Time,4.1,583.44,57.49,Snow,0.0,41.1
2025-12-05,Vienna to Budapest,TRK_0046,1091.9,498.6,On-Time,2.9,1673.61,105.51,Fog,0.0,25.4
2025-01-23,Warsaw to Berlin,TRK_0001,1007.8,420.09,Delayed,3.1,1333.68,19.46,Rain,177.9,51.2
2026-01-28,Hamburg to Amsterdam,TRK_0004,1111.9,479.13,Delayed,3.6,1574.68,16.63,Clear,128.62,88.0
2025-04-03,Lyon to Milan,TRK_0017,904.9,432.73,On-Time,4.4,1460.87,35.1,Clear,0.0,82.7
2025-08-03,Warsaw to Berlin,TRK_0021,1027.7,516.06,On-Time,3.7,1423.55,19.07,Fog,0.0,94.2
2025-04-11,Krakow to Bratislava,TRK_0008,550.3,279.88,Delayed,3.3,932.43,16.64,Rain,101.53,58.8
2025-02-01,Paris to Lyon,TRK_0045,1127.1,548.14,On-Time,4.2,1878.39,78.88,Snow,0.0,81.8
2025-11-22,Warsaw to Krakow,TRK_0048,595.9,279.99,On-Time,3.5,847.28,84.31,Snow,0.0,55.1
2025-03-03,Prague to Vienna,TRK_0018,383.0,162.18,On-Time,4.6,533.24,26.52,Fog,0.0,44.2
2025-08-18,Budapest to Bucharest,TRK_0033,630.3,294.22,On-Time,4.5,720.14,33.95,Snow,0.0,86.8
2025-12-06,Hamburg to Amsterdam,TRK_0044,1125.0,508.26,On-Time,2.9,1600.72,106.45,Rain,0.0,77.6
2025-05-18,Warsaw to Berlin,TRK_0022,965.4,445.35,On-Time,3.7,1558.27,119.86,Fog,0.0,30.7
2025-12-24,Warsaw to Berlin,TRK_0042,957.4,517.34,On-Time,2.8,1741.56,32.08,Snow,0.0,61.5
2026-01-21,Amsterdam to Brussels,TRK_0016,441.1,258.1,On-Time,3.9,663.5,28.48,Fog,0.0,95.4
2025-04-26,Warsaw to Krakow,TRK_0006,628.2,287.79,On-Time,4.1,821.46,53.91,Snow,0.0,58.6
2025-02-20,Vienna to Budapest,TRK_0045,1065.7,539.42,On-Time,2.8,1321.77,20.69,Snow,0.0,45.0
2025-07-18,Zurich to Munich,TRK_0035,967.2,435.17,On-Time,2.7,1243.94,90.07,Snow,0.0,87.2
2025-10-09,Prague to Vienna,TRK_0020,379.4,168.06,On-Time,3.3,379.77,64.34,Fog,0.0,43.2
2025-09-07,Warsaw to Berlin,TRK_0043,960.5,433.44,Delayed,3.2,1361.68,74.32,Clear,111.25,67.2
2025-02-10,Warsaw to Berlin,TRK_0041,1007.4,498.65,On-Time,3.7,1368.26,96.33,Clear,0.0,56.7
2025-01-12,Berlin to Prague,TRK_0020,464.3,227.52,On-Time,3.4,619.72,103.28,Clear,0.0,84.8
2025-10-12,Hamburg to Amsterdam,TRK_0012,1112.5,610.48,On-Time,3.3,1684.93,38.03,Rain,0.0,26.6
2025-09-10,Vienna to Budapest,TRK_0021,1163.2,557.47,On-Time,3.9,1938.05,29.14,Fog,0.0,97.2
2025-02-18,Brussels to Paris,TRK_0034,1032.0,503.51,On-Time,3.6,1271.58,48.3,Snow,0.0,83.3
2025-07-15,Brussels to Paris,TRK_0018,1061.2,472.62,On-Time,3.9,1506.74,84.76,Snow,0.0,81.5
2025-09-28,Vienna to Budapest,TRK_0050,1059.6,513.76,On-Time,4.2,1603.11,96.6,Snow,0.0,54.6
2025-05-06,Paris to Lyon,TRK_0017,1084.7,515.45,Delayed,3.8,1698.75,45.48,Rain,236.62,90.2
2026-01-22,Berlin to Hamburg,TRK_0012,503.1,225.2,On-Time,4.8,643.6,37.02,Clear,0.0,61.3
2025-12-18,Lyon to Milan,TRK_0041,879.7,471.66,On-Time,2.7,1443.65,24.03,Fog,0.0,58.0
2025-02-18,Warsaw to Berlin,TRK_0008,976.5,391.36,On-Time,4.7,1083.2,67.3,Snow,0.0,58.2
2025-05-14,Berlin to Hamburg,TRK_0007,498.2,210.11,On-Time,2.5,479.22,93.92,Clear,0.0,41.6
2025-01-31,Brussels to Paris,TRK_0044,1007.5,478.37,On-Time,3.1,1057.41,24.83,Rain,0.0,85.9
2026-01-30,Amsterdam to Brussels,TRK_0042,438.6,212.72,On-Time,4.7,628.44,63.94,Fog,0.0,93.5
2025-05-17,Vienna to Budapest,TRK_0019,1125.1,625.2,On-Time,2.7,1969.92,92.87,Snow,0.0,56.1
2025-10-21,Warsaw to Krakow,TRK_0007,624.2,328.77,On-Time,4.8,1126.77,80.21,Fog,0.0,47.6
2025-01-23,Amsterdam to Brussels,TRK_0041,436.0,223.61,On-Time,4.0,694.66,78.94,Clear,0.0,88.2
2026-02-08,Vienna to Budapest,TRK_0015,1158.1,654.95,On-Time,3.6,1923.28,71.14,Fog,0.0,64.7
2025-02-06,Krakow to Bratislava,TRK_0009,572.4,295.39,On-Time,4.6,973.93,106.59,Fog,0.0,88.5
2025-12-12,Brussels to Paris,TRK_0002,1077.3,554.2,On-Time,3.4,1882.23,98.08,Fog,0.0,52.1
2025-11-02,Berlin to Hamburg,TRK_0029,500.0,252.88,On-Time,3.6,626.67,84.86,Clear,0.0,27.9
2025-08-25,Warsaw to Berlin,TRK_0021,1027.3,456.79,On-Time,3.1,1286.98,102.98,Rain,0.0,66.3
2025-05-23,Lyon to Milan,TRK_0030,888.3,407.06,Delayed,3.7,1160.18,100.67,Fog,88.87,42.9
2026-02-24,Zurich to Munich,TRK_0035,995.9,451.8,On-Time,4.4,1085.24,117.17,Rain,0.0,34.9
2025-05-08,Warsaw to Berlin,TRK_0014,1017.9,492.63,On-Time,2.9,1486.36,70.16,Clear,0.0,96.8
2026-01-01,Brussels to Paris,TRK_0050,1088.1,574.92,On-Time,4.4,1875.42,56.83,Rain,0.0,29.0
2025-09-25,Vienna to Budapest,TRK_0035,1108.8,556.78,On-Time,4.3,1827.52,85.59,Clear,0.0,55.5
2025-04-07,Brussels to Paris,TRK_0044,1057.5,477.6,On-Time,3.2,1099.61,101.8,Snow,0.0,90.2
2025-08-21,Brussels to Paris,TRK_0001,1046.8,559.79,On-Time,2.8,1743.32,94.22,Rain,0.0,46.4
2025-09-28,Warsaw to Krakow,TRK_0041,619.7,280.41,On-Time,4.6,971.94,105.13,Snow,0.0,32.6
2025-03-14,Paris to Lyon,TRK_0041,1139.0,642.74,Delayed,2.5,1921.09,32.22,Fog,89.66,90.0
2025-05-07,Milan to Zurich,TRK_0010,421.5,218.53,On-Time,2.7,726.72,23.05,Fog,0.0,33.7
2025-02-26,Budapest to Bucharest,TRK_0001,649.0,336.72,On-Time,4.3,760.51,100.05,Clear,0.0,35.9
2025-02-10,Berlin to Prague,TRK_0016,486.8,237.25,On-Time,3.0,618.32,26.44,Clear,0.0,59.6
2025-06-01,Berlin to Hamburg,TRK_0006,511.6,217.44,On-Time,4.9,581.32,49.4,Rain,0.0,95.0
2025-04-16,Warsaw to Krakow,TRK_0022,605.2,317.27,On-Time,4.0,841.92,58.12,Rain,0.0,26.7
2025-04-11,Vienna to Budapest,TRK_0025,1079.4,497.49,On-Time,2.5,1383.22,45.93,Rain,0.0,48.8
2026-02-16,Milan to Zurich,TRK_0021,445.6,199.03,On-Time,3.1,505.05,17.07,Fog,0.0,72.5
2025-11-11,Milan to Zurich,TRK_0028,452.5,233.75,On-Time,2.7,771.34,42.8,Snow,0.0,83.2
2025-03-18,Milan to Zurich,TRK_0018,429.1,219.81,On-Time,4.2,573.98,51.34,Clear,0.0,66.7
2025-12-09,Vienna to Budapest,TRK_0017,1160.4,547.2,On-Time,2.6,1834.98,113.51,Rain,0.0,68.9
2025-05-12,Paris to Lyon,TRK_0041,1097.4,526.16,Delayed,3.6,1191.18,46.42,Clear,227.16,56.3
2026-02-03,Lyon to Milan,TRK_0018,884.0,454.68,On-Time,4.3,1331.84,75.47,Rain,0.0,72.2
2025-07-05,Zurich to Munich,TRK_0004,964.1,558.66,On-Time,4.2,1913.27,84.18,Fog,0.0,34.3
2025-10-26,Prague to Vienna,TRK_0015,388.9,186.49,On-Time,2.8,578.62,110.67,Rain,0.0,76.7
2025-10-21,Berlin to Prague,TRK_0048,447.3,249.84,On-Time,4.7,688.53,106.45,Clear,0.0,62.4
2025-12-02,Prague to Vienna,TRK_0040,366.3,163.39,Delayed,3.6,385.45,90.11,Fog,81.34,70.3
2025-02-13,Berlin to Hamburg,TRK_0007,474.3,272.77,On-Time,4.9,849.43,74.33,Rain,0.0,78.4
2025-07-05,Berlin to Prague,TRK_0014,482.8,219.55,On-Time,3.9,614.42,29.42,Snow,0.0,96.7
2025-12-24,Warsaw to Berlin,TRK_0041,1031.3,578.83,On-Time,3.9,1351.33,98.3,Fog,0.0,31.6
2025-08-08,Prague to Vienna,TRK_0036,376.2,176.26,On-Time,2.8,453.18,72.48,Clear,0.0,54.2
2025-07-12,Amsterdam to Brussels,TRK_0009,453.5,204.49,On-Time,4.1,635.01,119.85,Fog,0.0,89.1
2025-03-14,Prague to Vienna,TRK_0046,364.4,152.19,Delayed,3.6,424.44,106.42,Rain,146.77,79.5
2025-03-23,Budapest to Bucharest,TRK_0022,606.0,265.42,On-Time,3.7,864.57,44.41,Snow,0.0,69.6
2025-05-23,Berlin to Hamburg,TRK_0017,481.3,210.47,On-Time,3.2,463.99,63.12,Snow,0.0,73.7
2025-01-18,Paris to Lyon,TRK_0025,1088.2,530.74,On-Time,4.1,1352.6,102.76,Rain,0.0,45.3
2025-07-11,Amsterdam to Brussels,TRK_0008,474.5,243.18,On-Time,4.1,725.84,65.7,Snow,0.0,61.1
2026-01-03,Lyon to Milan,TRK_0035,873.6,405.76,On-Time,3.6,1075.33,89.89,Clear,0.0,76.5
2025-03-30,Warsaw to Berlin,TRK_0012,984.0,492.5,On-Time,3.1,1637.89,72.53,Fog,0.0,37.0
2025-09-23,Amsterdam to Brussels,TRK_0017,475.2,221.69,On-Time,4.7,685.09,86.23,Clear,0.0,48.6
2025-08-06,Prague to Vienna,TRK_0036,383.6,204.61,Delayed,2.9,642.87,82.34,Clear,180.97,62.6
2025-04-04,Warsaw to Berlin,TRK_0011,1012.1,425.1,Delayed,4.1,1378.17,43.74,Rain,113.24,50.2
2025-05-13,Amsterdam to Brussels,TRK_0032,435.0,178.44,On-Time,4.0,528.85,115.73,Clear,0.0,37.2
2025-02-14,Warsaw to Berlin,TRK_0002,1033.6,515.78,On-Time,4.8,1226.03,52.92,Fog,0.0,66.8
2026-02-09,Milan to Zurich,TRK_0037,439.5,208.82,On-Time,4.5,640.6,112.48,Rain,0.0,56.5
2025-01-18,Prague to Vienna,TRK_0015,387.8,182.7,On-Time,3.7,554.38,16.32,Fog,0.0,81.4
2025-02-23,Berlin to Prague,TRK_0032,477.3,204.82,On-Time,3.2,454.2,68.56,Snow,0.0,85.0
2025-03-24,Warsaw to Berlin,TRK_0044,1008.2,438.0,On-Time,2.9,1453.35,58.75,Fog,0.0,95.3
2025-01-12,Amsterdam to Brussels,TRK_0037,459.6,230.4,On-Time,4.8,537.67,61.41,Snow,0.0,97.4
2025-02-01,Krakow to Bratislava,TRK_0016,566.2,315.23,On-Time,2.8,834.44,85.68,Clear,0.0,80.1
2025-03-16,Amsterdam to Brussels,TRK_0021,457.4,224.55,On-Time,4.4,697.96,118.51,Fog,0.0,64.5
2025-12-05,Brussels to Paris,TRK_0028,1041.0,534.94,On-Time,4.7,1739.78,91.88,Snow,0.0,74.1
2025-11-01,Zurich to Munich,TRK_0049,937.2,481.44,On-Time,4.2,1469.13,20.42,Fog,0.0,96.9
2025-11-04,Paris to Lyon,TRK_0006,1124.0,527.9,On-Time,3.0,1720.53,109.79,Rain,0.0,33.4
2025-08-29,Vienna to Budapest,TRK_0012,1083.0,611.11,Delayed,3.3,2108.93,112.75,Fog,151.48,84.7
2025-02-26,Brussels to Paris,TRK_0043,1018.3,463.34,On-Time,2.7,1202.4,105.12,Clear,0.0,33.2
2025-12-23,Lyon to Milan,TRK_0034,908.0,483.71,On-Time,4.7,1456.52,91.15,Fog,0.0,48.7
2025-10-25,Berlin to Prague,TRK_0022,462.9,218.93,On-Time,3.9,560.94,24.26,Fog,0.0,90.8
2025-01-12,Paris to Lyon,TRK_0049,1052.7,471.71,On-Time,4.6,1040.71,58.04,Rain,0.0,38.2
2025-05-19,Prague to Vienna,TRK_0016,370.7,209.27,On-Time,4.3,482.24,68.95,Clear,0.0,71.8
2025-09-07,Brussels to Paris,TRK_0033,1059.1,511.33,On-Time,2.8,1314.37,40.04,Clear,0.0,90.2
2025-04-20,Warsaw to Krakow,TRK_0018,606.1,304.59,On-Time,4.9,782.41,43.64,Clear,0.0,69.4
2025-02-05,Warsaw to Berlin,TRK_0003,995.6,477.53,Delayed,3.8,1184.62,113.11,Rain,94.58,59.4
2026-01-24,Krakow to Bratislava,TRK_0011,595.3,291.02,On-Time,3.1,658.47,51.43,Snow,0.0,66.2
2025-10-22,Warsaw to Berlin,TRK_0037,1019.6,444.66,Delayed,3.4,1041.99,75.4,Fog,186.05,52.0
2025-01-10,Amsterdam to Brussels,TRK_0021,438.7,232.12,On-Time,4.3,597.96,43.51,Snow,0.0,77.0
2025-04-11,Vienna to Budapest,TRK_0039,1063.0,536.7,On-Time,4.3,1412.56,107.86,Rain,0.0,43.7
2025-08-25,Berlin to Prague,TRK_0033,477.6,242.84,On-Time,4.3,536.53,80.91,Fog,0.0,97.5
2025-12-27,Brussels to Paris,TRK_0041,1014.7,455.36,Delayed,4.5,1015.34,80.89,Clear,158.92,55.9
2025-05-08,Prague to Vienna,TRK_0046,368.5,198.31,Delayed,4.4,651.48,83.28,Rain,205.41,58.8
2025-02-20,Milan to Zurich,TRK_0024,421.2,201.88,On-Time,3.3,513.23,64.17,Clear,0.0,29.5
2025-12-04,Lyon to Milan,TRK_0009,951.5,510.89,On-Time,2.7,1348.85,46.32,Snow,0.0,64.8
2026-02-13,Amsterdam to Brussels,TRK_0029,461.5,221.12,On-Time,3.1,731.88,79.6,Clear,0.0,97.0
2025-12-04,Budapest to Bucharest,TRK_0046,601.2,346.36,On-Time,4.8,897.39,104.88,Fog,0.0,37.4
2026-01-16,Prague to Vienna,TRK_0024,387.3,176.65,On-Time,4.0,576.18,114.84,Rain,0.0,83.0
2026-02-11,Warsaw to Berlin,TRK_0044,999.7,500.13,On-Time,4.3,1650.88,82.65,Rain,0.0,26.0
2025-05-04,Milan to Zurich,TRK_0007,459.9,219.33,On-Time,3.5,739.77,97.28,Clear,0.0,32.5
2025-03-09,Warsaw to Krakow,TRK_0018,615.4,316.35,On-Time,3.1,713.5,98.73,Fog,0.0,78.6
2025-01-25,Amsterdam to Brussels,TRK_0007,437.6,182.38,On-Time,3.5,450.15,110.32,Rain,0.0,51.1
2025-08-03,Berlin to Prague,TRK_0001,462.2,229.79,On-Time,3.4,656.38,102.98,Rain,0.0,34.3
2025-08-11,Vienna to Budapest,TRK_0007,1090.8,615.47,On-Time,4.8,2059.91,23.63,Rain,0.0,40.6
2025-11-27,Milan to Zurich,TRK_0050,422.9,194.16,Delayed,4.7,599.82,19.52,Fog,160.08,47.5
2026-02-04,Berlin to Prague,TRK_0030,466.1,251.48,On-Time,3.1,801.78,50.71,Snow,0.0,75.9
2025-04-23,Milan to Zurich,TRK_0021,435.3,253.67,On-Time,3.7,621.83,26.18,Snow,0.0,64.6
2025-05-02,Krakow to Bratislava,TRK_0016,565.7,247.1,On-Time,4.7,732.16,41.61,Fog,0.0,79.9
2025-07-13,Vienna to Budapest,TRK_0025,1125.6,469.01,On-Time,2.9,1296.46,118.13,Clear,0.0,59.0
2025-02-18,Prague to Vienna,TRK_0033,388.9,179.01,On-Time,4.6,472.06,42.6,Clear,0.0,90.5
2026-02-17,Warsaw to Krakow,TRK_0049,576.0,258.76,On-Time,4.2,666.95,104.76,Clear,0.0,59.2
2026-01-01,Amsterdam to Brussels,TRK_0005,472.2,226.92,On-Time,3.4,638.89,60.88,Fog,0.0,92.7
2026-01-22,Krakow to Bratislava,TRK_0046,557.8,251.89,Delayed,3.7,799.68,19.54,Snow,245.78,75.4
2025-09-03,Budapest to Bucharest,TRK_0045,607.2,324.52,On-Time,4.9,1055.74,90.72,Rain,0.0,40.2
2025-01-03,Zurich to Munich,TRK_0004,918.7,401.23,On-Time,4.9,930.46,119.09,Snow,0.0,41.6
2025-04-22,Paris to Lyon,TRK_0043,1073.9,608.59,On-Time,2.7,1813.08,80.12,Rain,0.0,92.0
2025-02-03,Warsaw to Krakow,TRK_0005,578.0,292.37,On-Time,2.5,944.82,79.63,Rain,0.0,78.0
2025-08-04,Krakow to Bratislava,TRK_0031,585.5,268.91,On-Time,4.5,845.99,24.81,Rain,0.0,30.5
2025-02-09,Amsterdam to Brussels,TRK_0003,470.7,213.07,On-Time,2.6,696.09,34.52,Clear,0.0,47.7
2025-06-24,Zurich to Munich,TRK_0025,946.1,513.91,Delayed,3.0,1693.04,52.62,Fog,196.56,38.3
2025-08-24,Paris to Lyon,TRK_0050,1138.9,530.17,On-Time,4.0,1281.15,97.87,Rain,0.0,47.4
2025-09-28,Hamburg to Amsterdam,TRK_0035,1144.5,525.86,On-Time,4.5,1642.85,52.47,Fog,0.0,83.0
2025-06-11,Vienna to Budapest,TRK_0020,1117.0,654.4,On-Time,2.8,1800.13,95.07,Rain,0.0,88.8
2026-01-30,Warsaw to Krakow,TRK_0019,611.0,269.33,On-Time,4.9,896.12,114.66,Fog,0.0,27.5
2025-09-18,Brussels to Paris,TRK_0017,1073.9,575.44,On-Time,2.9,1425.67,89.94,Snow,0.0,71.3
2026-02-13,Budapest to Bucharest,TRK_0019,628.1,346.2,On-Time,3.8,1115.01,56.48,Snow,0.0,47.0
2025-06-18,Paris to Lyon,TRK_0006,1081.7,470.96,Delayed,4.4,1093.08,28.91,Clear,161.54,41.0
2026-02-09,Berlin to Prague,TRK_0038,453.3,223.88,On-Time,3.2,607.95,113.89,Rain,0.0,40.4
2025-11-04,Warsaw to Krakow,TRK_0023,585.8,327.56,On-Time,4.7,1029.1,96.72,Rain,0.0,57.2
2025-01-06,Lyon to Milan,TRK_0027,905.1,470.26,Delayed,4.1,1448.07,73.97,Rain,225.0,69.7
2025-04-20,Krakow to Bratislava,TRK_0017,581.4,273.37,On-Time,4.9,676.79,27.15,Clear,0.0,80.5
2026-02-05,Amsterdam to Brussels,TRK_0041,474.5,218.7,On-Time,3.9,504.98,103.26,Rain,0.0,89.5
2026-01-06,Warsaw to Berlin,TRK_0021,998.2,481.58,On-Time,3.3,1066.3,18.86,Clear,0.0,50.2
2025-12-17,Budapest to Bucharest,TRK_0006,625.6,302.91,On-Time,5.0,826.66,22.5,Fog,0.0,92.6
2025-12-12,Zurich to Munich,TRK_0030,974.6,483.78,On-Time,4.9,1256.15,106.53,Fog,0.0,88.4
2025-06-29,Paris to Lyon,TRK_0006,1146.3,541.43,On-Time,4.1,1240.2,42.26,Rain,0.0,42.8
2025-05-14,Warsaw to Krakow,TRK_0021,587.0,281.39,On-Time,2.8,951.04,117.28,Snow,0.0,65.9
2025-04-15,Prague to Vienna,TRK_0006,392.7,226.7,On-Time,3.9,652.11,89.81,Clear,0.0,97.8
2025-12-26,Brussels to Paris,TRK_0010,1086.0,445.59,On-Time,4.8,1488.3,99.99,Fog,0.0,54.8
2026-02-05,Berlin to Hamburg,TRK_0038,469.6,259.52,On-Time,3.8,806.01,31.68,Rain,0.0,52.6
2025-07-29,Budapest to Bucharest,TRK_0029,603.3,333.11,On-Time,5.0,941.07,38.25,Snow,0.0,67.4
2025-07-29,Warsaw to Krakow,TRK_0012,609.9,309.62,On-Time,2.9,768.66,49.9,Rain,0.0,28.8
2025-03-24,Vienna to Budapest,TRK_0022,1081.6,578.53,On-Time,3.6,1440.22,21.46,Fog,0.0,71.3
2025-08-11,Budapest to Bucharest,TRK_0020,600.9,288.29,Delayed,2.8,866.44,42.34,Snow,241.92,80.1
2025-09-10,Warsaw to Berlin,TRK_0012,1043.1,474.86,On-Time,2.8,1545.01,113.39,Snow,0.0,89.2
2025-06-30,Warsaw to Berlin,TRK_0021,969.3,516.72,On-Time,2.5,1786.35,100.72,Fog,0.0,28.9
2025-03-23,Hamburg to Amsterdam,TRK_0010,1104.3,581.42,On-Time,3.9,1878.75,101.77,Fog,0.0,89.0
2025-09-16,Hamburg to Amsterdam,TRK_0038,1050.4,471.2,On-Time,4.4,1580.18,33.9,Snow,0.0,45.8
2025-06-09,Vienna to Budapest,TRK_0047,1057.1,452.06,On-Time,2.8,1144.15,114.38,Clear,0.0,56.5
2026-02-08,Brussels to Paris,TRK_0015,1036.3,468.71,On-Time,4.3,1577.17,19.73,Snow,0.0,28.9
2025-11-29,Budapest to Bucharest,TRK_0040,650.2,306.82,On-Time,5.0,915.16,61.5,Clear,0.0,28.4
2025-05-15,Warsaw to Krakow,TRK_0033,605.1,341.31,Delayed,3.4,868.57,107.61,Snow,174.54,57.6
2025-05-25,Warsaw to Berlin,TRK_0041,984.8,509.38,Delayed,2.5,1459.83,94.5,Fog,162.95,67.1
2025-06-28,Warsaw to Krakow,TRK_0005,611.9,297.18,Delayed,4.0,1015.02,35.95,Clear,186.85,54.1
2025-09-26,Brussels to Paris,TRK_0019,991.3,539.3,On-Time,3.1,1733.8,87.62,Snow,0.0,59.4
2025-11-25,Berlin to Prague,TRK_0039,454.9,249.27,On-Time,3.0,857.72,67.63,Rain,0.0,59.1
2025-07-14,Milan to Zurich,TRK_0032,454.0,208.02,On-Time,3.6,705.8,92.17,Fog,0.0,65.6
2026-02-28,Vienna to Budapest,TRK_0027,1129.4,482.79,On-Time,4.1,1505.18,24.91,Fog,0.0,83.8
2025-07-08,Lyon to Milan,TRK_0038,896.3,457.08,On-Time,2.8,1315.84,46.58,Rain,0.0,48.0
2025-11-23,Budapest to Bucharest,TRK_0016,645.6,284.49,Delayed,4.6,635.89,84.09,Rain,197.92,82.3
2025-10-20,Lyon to Milan,TRK_0043,868.7,353.36,On-Time,2.6,814.91,62.6,Snow,0.0,59.1
2025-12-25,Berlin to Prague,TRK_0036,487.0,250.93,Delayed,4.0,816.66,108.04,Rain,212.38,29.1
2026-01-14,Prague to Vienna,TRK_0005,365.9,192.15,On-Time,4.4,609.96,68.44,Clear,0.0,79.7
2025-01-23,Prague to Vienna,TRK_0038,373.6,183.25,On-Time,3.0,568.46,32.18,Snow,0.0,38.0
2025-06-08,Berlin to Hamburg,TRK_0044,470.4,218.08,Delayed,3.3,704.58,45.68,Fog,154.18,70.7
2025-01-01,Lyon to Milan,TRK_0031,926.1,428.18,On-Time,4.4,1332.08,90.62,Fog,0.0,96.3
2025-09-18,Paris to Lyon,TRK_0027,1079.3,543.75,On-Time,3.4,1607.77,114.33,Clear,0.0,65.1
2025-10-19,Warsaw to Berlin,TRK_0042,1022.9,573.2,On-Time,4.3,1704.54,19.82,Rain,0.0,65.7
2025-05-23,Zurich to Munich,TRK_0001,994.4,452.33,On-Time,4.1,1319.82,110.3,Snow,0.0,70.1
2025-06-01,Brussels to Paris,TRK_0007,1081.1,606.71,On-Time,2.6,1560.61,49.26,Snow,0.0,42.1
2025-09-09,Amsterdam to Brussels,TRK_0041,438.9,211.31,On-Time,2.6,613.18,98.94,Rain,0.0,43.2
2025-09-22,Warsaw to Berlin,TRK_0010,1050.0,473.67,Delayed,3.7,1047.35,81.98,Rain,186.4,55.8
2025-11-20,Vienna to Budapest,TRK_0021,1054.1,445.05,Delayed,2.8,1295.93,56.87,Clear,114.82,94.4
2026-02-24,Milan to Zurich,TRK_0035,426.6,215.59,On-Time,3.1,613.0,38.68,Snow,0.0,35.1
2025-02-06,Zurich to Munich,TRK_0050,943.7,392.52,On-Time,4.1,905.12,94.53,Snow,0.0,64.6
2025-12-09,Brussels to Paris,TRK_0011,1007.0,481.4,Delayed,4.8,1247.51,94.2,Fog,100.31,67.6
2025-08-16,Warsaw to Berlin,TRK_0006,1004.8,447.09,On-Time,4.8,1510.77,40.19,Rain,0.0,57.6
2026-01-21,Warsaw to Krakow,TRK_0045,612.9,291.91,On-Time,3.4,777.75,46.7,Fog,0.0,34.6
2025-09-02,Paris to Lyon,TRK_0002,1058.3,491.14,On-Time,4.2,1475.2,66.7,Snow,0.0,81.4
2025-03-26,Brussels to Paris,TRK_0012,1025.7,516.36,Delayed,3.7,1481.77,99.61,Clear,169.19,82.2
2025-08-13,Milan to Zurich,TRK_0018,426.8,229.91,On-Time,5.0,625.4,15.47,Rain,0.0,25.1
2025-08-21,Vienna to Budapest,TRK_0032,1159.5,583.5,On-Time,4.9,1553.54,69.48,Fog,0.0,94.7
2026-01-08,Zurich to Munich,TRK_0047,976.4,448.98,On-Time,5.0,1280.49,67.38,Clear,0.0,38.5
2025-10-01,Zurich to Munich,TRK_0047,1000.9,543.17,On-Time,2.6,1503.42,91.8,Fog,0.0,52.7
2025-02-23,Prague to Vienna,TRK_0040,373.6,192.98,Delayed,4.2,435.57,78.59,Fog,106.31,64.5
2025-10-22,Warsaw to Krakow,TRK_0040,579.5,248.94,On-Time,3.6,829.24,90.25,Fog,0.0,36.0
2025-02-10,Milan to Zurich,TRK_0031,449.0,213.58,Delayed,3.3,561.53,87.82,Fog,158.14,46.5
2025-05-07,Berlin to Prague,TRK_0024,442.8,221.14,On-Time,3.2,660.39,78.58,Clear,0.0,82.3
2025-09-09,Paris to Lyon,TRK_0008,1096.8,552.8,On-Time,4.3,1253.75,16.91,Rain,0.0,96.3
2026-01-20,Milan to Zurich,TRK_0037,423.0,224.11,On-Time,2.5,555.51,46.78,Fog,0.0,83.8
2025-03-03,Warsaw to Krakow,TRK_0050,612.4,288.6,On-Time,4.0,707.75,96.62,Rain,0.0,62.2
2025-01-06,Lyon to Milan,TRK_0013,896.1,434.79,On-Time,4.3,1018.34,112.83,Snow,0.0,83.1
2025-01-15,Budapest to Bucharest,TRK_0050,634.2,332.21,On-Time,3.9,1063.9,71.82,Snow,0.0,66.3
2025-10-17,Vienna to Budapest,TRK_0030,1068.9,492.29,On-Time,3.7,1107.99,77.0,Rain,0.0,89.4
2025-12-25,Amsterdam to Brussels,TRK_0043,469.6,240.21,Delayed,2.6,584.21,44.03,Fog,221.18,66.0
2025-04-11,Lyon to Milan,TRK_0003,882.8,380.75,Delayed,3.9,965.07,56.26,Clear,159.51,52.7
2025-11-10,Paris to Lyon,TRK_0035,1097.7,553.05,On-Time,4.0,1302.99,51.86,Clear,0.0,32.7
2025-05-15,Prague to Vienna,TRK_0043,372.8,194.21,On-Time,3.1,613.22,119.15,Clear,0.0,63.4
2025-03-11,Hamburg to Amsterdam,TRK_0022,1082.1,516.6,Delayed,4.3,1759.4,112.08,Rain,162.42,91.2
2025-07-10,Berlin to Prague,TRK_0011,472.7,232.41,On-Time,4.3,793.22,85.01,Rain,0.0,30.0
2025-03-03,Budapest to Bucharest,TRK_0045,613.4,264.76,On-Time,3.1,637.09,63.51,Snow,0.0,83.0
2025-08-13,Berlin to Hamburg,TRK_0009,489.1,221.12,On-Time,3.5,587.8,88.76,Snow,0.0,94.5
2026-01-10,Brussels to Paris,TRK_0022,1084.3,529.62,Delayed,3.5,1535.74,42.25,Fog,212.82,68.5
2025-09-08,Krakow to Bratislava,TRK_0007,589.3,298.28,Delayed,2.8,692.42,67.24,Rain,146.23,26.4
2025-05-04,Milan to Zurich,TRK_0049,443.3,258.75,On-Time,2.7,573.57,18.36,Fog,0.0,64.5
2025-03-01,Milan to Zurich,TRK_0034,460.1,222.68,On-Time,2.7,646.22,86.28,Clear,0.0,40.2
2025-04-04,Warsaw to Krakow,TRK_0012,573.4,287.68,On-Time,4.2,693.07,117.14,Snow,0.0,72.3
2025-07-09,Brussels to Paris,TRK_0017,1062.2,521.9,On-Time,3.7,1256.94,69.46,Fog,0.0,76.8
2025-03-31,Budapest to Bucharest,TRK_0019,649.7,354.57,On-Time,4.5,990.06,17.49,Fog,0.0,65.7
2025-08-19,Lyon to Milan,TRK_0037,915.1,453.13,On-Time,3.4,1125.72,60.05,Rain,0.0,38.9
2025-07-12,Milan to Zurich,TRK_0006,441.7,215.73,On-Time,4.6,531.9,18.12,Fog,0.0,62.8
2026-01-30,Amsterdam to Brussels,TRK_0032,432.6,191.04,Delayed,4.9,654.38,109.32,Rain,133.73,91.8
2026-01-01,Berlin to Prague,TRK_0036,457.8,202.36,On-Time,3.5,490.04,49.09,Clear,0.0,69.4
2025-04-09,Krakow to Bratislava,TRK_0021,556.6,300.43,On-Time,3.1,923.58,98.74,Rain,0.0,89.5
2025-09-14,Warsaw to Berlin,TRK_0017,1026.5,427.2,On-Time,2.8,963.79,40.78,Clear,0.0,66.1
2025-02-05,Prague to Vienna,TRK_0035,375.0,176.5,On-Time,4.0,539.4,60.26,Fog,0.0,62.5
2025-01-14,Berlin to Prague,TRK_0013,463.5,220.72,On-Time,3.0,770.21,51.78,Rain,0.0,60.5
2025-12-16,Lyon to Milan,TRK_0035,886.0,413.44,Delayed,4.0,1114.23,74.15,Clear,174.62,84.4
2025-02-04,Prague to Vienna,TRK_0040,356.4,174.52,On-Time,3.6,440.6,68.85,Clear,0.0,91.2
2025-05-15,Warsaw to Krakow,TRK_0003,626.2,323.58,On-Time,4.5,956.68,37.48,Snow,0.0,29.0
2025-02-20,Milan to Zurich,TRK_0004,437.3,232.99,On-Time,4.9,699.52,32.28,Snow,0.0,59.5
2026-01-09,Paris to Lyon,TRK_0043,1088.2,456.79,On-Time,4.7,1486.98,84.52,Rain,0.0,95.0
2025-03-28,Budapest to Bucharest,TRK_0024,655.0,336.92,On-Time,3.3,746.43,86.5,Fog,0.0,67.1
2025-10-07,Warsaw to Krakow,TRK_0009,585.1,306.5,Delayed,4.0,850.31,65.92,Rain,175.8,95.1
2025-06-13,Krakow to Bratislava,TRK_0006,560.8,240.18,On-Time,3.7,816.29,16.37,Clear,0.0,58.5
2025-08-27,Prague to Vienna,TRK_0047,362.6,180.56,On-Time,3.8,448.29,22.24,Snow,0.0,47.2
2025-01-13,Paris to Lyon,TRK_0044,1072.8,515.69,On-Time,3.3,1580.53,49.11,Snow,0.0,65.9
2025-02-06,Budapest to Bucharest,TRK_0041,635.5,333.93,On-Time,4.3,749.38,29.05,Rain,0.0,96.2
2025-02-02,Brussels to Paris,TRK_0006,1040.7,526.76,On-Time,3.5,1443.42,40.48,Clear,0.0,50.6
2025-05-10,Warsaw to Berlin,TRK_0026,1001.4,535.26,On-Time,3.3,1663.27,66.13,Rain,0.0,30.9
2025-03-24,Zurich to Munich,TRK_0028,989.3,476.51,On-Time,3.2,1294.28,112.05,Clear,0.0,80.2
2025-05-09,Brussels to Paris,TRK_0029,1051.6,527.57,On-Time,2.6,1527.87,78.91,Fog,0.0,51.3
2025-06-21,Milan to Zurich,TRK_0033,431.1,232.62,On-Time,5.0,793.95,103.11,Fog,0.0,76.9
2025-09-21,Warsaw to Berlin,TRK_0041,1016.4,441.0,On-Time,4.4,1261.08,61.77,Snow,0.0,76.5
2025-04-10,Berlin to Prague,TRK_0012,462.8,223.96,On-Time,3.3,575.74,65.09,Fog,0.0,26.7
2025-01-21,Lyon to Milan,TRK_0034,920.5,420.15,On-Time,4.2,1094.78,98.09,Fog,0.0,45.7
2026-01-04,Zurich to Munich,TRK_0015,922.2,435.24,Delayed,4.9,1368.32,48.78,Snow,105.56,58.1
2025-02-13,Warsaw to Krakow,TRK_0042,619.0,312.9,On-Time,4.4,918.0,23.53,Clear,0.0,85.0
2025-03-06,Lyon to Milan,TRK_0029,916.0,404.69,On-Time,3.1,943.95,90.5,Snow,0.0,93.1
2025-07-29,Krakow to Bratislava,TRK_0003,605.5,278.5,On-Time,4.7,699.14,50.15,Rain,0.0,62.6
2025-04-14,Lyon to Milan,TRK_0047,883.0,425.46,On-Time,2.9,1406.67,68.68,Rain,0.0,61.6
2025-11-19,Paris to Lyon,TRK_0012,1053.5,552.75,On-Time,3.0,1575.33,62.09,Clear,0.0,27.6
2025-01-11,Prague to Vienna,TRK_0002,387.9,187.52,Delayed,4.7,594.77,56.91,Clear,159.3,26.0
2026-01-03,Milan to Zurich,TRK_0033,434.9,208.41,On-Time,4.0,477.33,117.15,Rain,0.0,94.6
2025-12-22,Lyon to Milan,TRK_0032,900.2,418.55,On-Time,3.2,1336.76,52.22,Clear,0.0,36.3
2026-02-21,Berlin to Prague,TRK_0037,457.6,196.59,On-Time,4.0,660.4,117.5,Clear,0.0,95.0
2025-08-26,Paris to Lyon,TRK_0026,1096.3,458.09,Delayed,4.4,1120.91,70.7,Clear,219.43,28.5
2026-01-20,Zurich to Munich,TRK_0031,971.4,430.49,On-Time,3.2,1168.83,71.62,Snow,0.0,97.3
2025-07-12,Amsterdam to Brussels,TRK_0017,436.6,203.37,On-Time,4.6,500.87,112.51,Rain,0.0,41.3
2025-06-13,Vienna to Budapest,TRK_0044,1083.8,495.53,On-Time,3.2,1501.43,103.17,Rain,0.0,58.0
2025-02-23,Berlin to Prague,TRK_0020,458.4,237.25,On-Time,3.8,700.13,34.64,Rain,0.0,69.5
2025-08-21,Milan to Zurich,TRK_0044,455.6,227.35,On-Time,2.6,740.23,45.44,Fog,0.0,40.7
2025-07-04,Zurich to Munich,TRK_0024,940.2,431.51,Delayed,4.1,1325.61,74.51,Clear,124.63,74.4
2026-01-02,Warsaw to Krakow,TRK_0038,577.8,283.15,On-Time,3.1,625.71,96.24,Fog,0.0,51.6
2025-10-19,Berlin to Hamburg,TRK_0047,470.3,250.35,On-Time,3.1,771.42,76.68,Clear,0.0,44.0
2025-03-17,Zurich to Munich,TRK_0050,913.0,420.89,On-Time,3.9,1186.59,81.32,Clear,0.0,43.0
2026-01-17,Krakow to Bratislava,TRK_0041,550.4,237.81,Delayed,4.8,771.89,15.65,Snow,149.23,60.4
2025-08-30,Prague to Vienna,TRK_0023,359.3,191.91,On-Time,3.3,465.94,86.16,Snow,0.0,76.7
2025-12-27,Krakow to Bratislava,TRK_0034,596.1,276.67,On-Time,4.1,898.86,44.74,Clear,0.0,58.6
2025-01-10,Milan to Zurich,TRK_0023,433.9,207.34,On-Time,4.2,674.03,58.21,Clear,0.0,59.0
2025-01-05,Budapest to Bucharest,TRK_0025,642.3,301.33,On-Time,4.4,1040.23,119.07,Rain,0.0,94.1
2025-11-20,Brussels to Paris,TRK_0037,1082.3,527.34,On-Time,4.1,1197.43,63.79,Clear,0.0,27.9
2025-09-24,Paris to Lyon,TRK_0013,1053.4,553.7,On-Time,3.1,1340.58,51.0,Rain,0.0,58.6
2026-01-09,Vienna to Budapest,TRK_0020,1115.5,534.06,On-Time,2.9,1263.45,21.13,Rain,0.0,47.2
2025-04-18,Vienna to Budapest,TRK_0030,1153.5,544.58,On-Time,4.6,1248.56,109.06,Fog,0.0,43.7
2025-09-05,Zurich to Munich,TRK_0024,980.6,431.27,On-Time,4.9,1363.48,109.41,Clear,0.0,64.5
2025-12-22,Warsaw to Berlin,TRK_0011,975.1,507.3,On-Time,2.8,1730.17,44.01,Snow,0.0,40.8
2025-01-19,Lyon to Milan,TRK_0024,866.5,453.01,On-Time,4.5,1479.5,19.31,Fog,0.0,75.9
2025-01-29,Hamburg to Amsterdam,TRK_0047,1150.7,597.62,On-Time,3.8,1604.97,69.75,Snow,0.0,36.4
2025-06-29,Milan to Zurich,TRK_0012,437.4,202.37,On-Time,4.2,666.59,108.04,Snow,0.0,95.7
2025-10-25,Berlin to Hamburg,TRK_0012,491.7,218.91,Delayed,3.4,683.08,101.6,Snow,183.66,35.0
2025-04-06,Milan to Zurich,TRK_0049,424.6,186.39,On-Time,3.4,456.31,98.16,Snow,0.0,69.5
2025-08-19,Paris to Lyon,TRK_0005,1084.5,583.53,On-Time,4.2,1630.09,67.37,Rain,0.0,33.8
2025-05-10,Budapest to Bucharest,TRK_0004,636.7,324.82,On-Time,2.9,811.32,22.14,Fog,0.0,49.7
2025-06-29,Vienna to Budapest,TRK_0014,1134.7,496.83,On-Time,3.7,1371.89,21.55,Fog,0.0,48.4
2025-10-02,Hamburg to Amsterdam,TRK_0023,1064.6,556.45,On-Time,4.8,1679.52,55.78,Clear,0.0,50.2
2025-11-23,Amsterdam to Brussels,TRK_0036,453.5,234.27,On-Time,4.4,797.66,119.94,Clear,0.0,92.1
2025-12-09,Brussels to Paris,TRK_0050,1062.2,549.27,Delayed,3.9,1818.36,35.94,Fog,149.67,70.6
2025-08-24,Warsaw to Berlin,TRK_0021,985.6,472.43,On-Time,4.4,1262.79,25.17,Fog,0.0,93.0
2026-02-17,Brussels to Paris,TRK_0039,1046.7,508.25,On-Time,4.7,1703.27,24.07,Clear,0.0,29.7
2025-02-06,Hamburg to Amsterdam,TRK_0047,1097.2,487.03,Delayed,2.7,1189.3,58.54,Rain,189.1,51.0
2025-07-27,Brussels to Paris,TRK_0011,1080.9,480.52,On-Time,4.7,1100.35,25.13,Fog,0.0,55.5
2025-01-06,Budapest to Bucharest,TRK_0022,615.0,339.68,On-Time,4.5,1071.61,96.42,Snow,0.0,76.9
2025-02-12,Paris to Lyon,TRK_0038,1052.7,448.75,On-Time,2.8,1536.04,88.2,Rain,0.0,34.2
2025-08-20,Amsterdam to Brussels,TRK_0024,469.1,196.77,On-Time,4.5,484.78,46.43,Clear,0.0,48.7
2025-12-31,Lyon to Milan,TRK_0017,881.2,436.76,Delayed,4.9,1379.41,82.83,Snow,222.87,53.8
2026-01-30,Lyon to Milan,TRK_0005,869.1,464.86,On-Time,4.7,1416.68,74.47,Fog,0.0,64.0
2025-04-18,Warsaw to Berlin,TRK_0023,1022.3,458.14,On-Time,2.8,1071.4,117.11,Rain,0.0,51.2
2025-08-15,Zurich to Munich,TRK_0001,961.4,447.19,Delayed,3.4,1475.95,17.24,Snow,127.31,25.5
2025-07-30,Lyon to Milan,TRK_0017,943.0,425.08,On-Time,4.2,1283.28,43.35,Fog,0.0,65.0
2025-02-26,Berlin to Prague,TRK_0013,454.5,231.68,On-Time,4.0,676.19,15.87,Fog,0.0,85.6
2026-02-04,Milan to Zurich,TRK_0002,453.4,250.27,On-Time,3.4,873.32,44.09,Snow,0.0,29.0
2025-03-09,Berlin to Hamburg,TRK_0011,502.8,281.42,Delayed,3.9,639.02,94.54,Fog,101.5,37.9
2025-10-30,Lyon to Milan,TRK_0013,928.6,462.3,On-Time,4.7,1090.94,99.47,Clear,0.0,54.6
2025-09-08,Brussels to Paris,TRK_0020,1004.9,466.84,On-Time,3.9,1036.08,36.9,Snow,0.0,46.6
2026-01-07,Berlin to Prague,TRK_0032,441.7,213.26,On-Time,4.7,745.67,119.74,Rain,0.0,84.2
2025-08-24,Warsaw to Krakow,TRK_0016,582.6,287.57,Delayed,3.3,827.64,69.62,Rain,108.2,90.5
2026-02-04,Warsaw to Krakow,TRK_0015,571.6,288.51,On-Time,3.2,783.08,75.81,Rain,0.0,41.8
2025-05-11,Milan to Zurich,TRK_0032,421.9,242.47,On-Time,4.7,810.75,89.79,Snow,0.0,35.2
2025-04-04,Milan to Zurich,TRK_0006,447.0,209.63,On-Time,2.6,661.2,16.28,Rain,0.0,40.7
2025-05-24,Zurich to Munich,TRK_0009,1001.7,470.81,On-Time,4.1,1374.26,54.16,Rain,0.0,51.2
2025-01-17,Prague to Vienna,TRK_0004,359.9,178.97,On-Time,3.5,490.41,44.38,Rain,0.0,54.7
2025-06-23,Krakow to Bratislava,TRK_0033,591.3,322.77,On-Time,3.7,1001.6,48.71,Clear,0.0,86.3
2025-12-30,Zurich to Munich,TRK_0042,935.8,508.8,On-Time,2.9,1377.24,67.22,Fog,0.0,87.3
2025-10-25,Milan to Zurich,TRK_0020,456.0,206.82,On-Time,3.8,560.91,56.74,Fog,0.0,54.2
2025-05-05,Prague to Vienna,TRK_0020,386.0,205.49,Delayed,3.1,482.11,68.62,Snow,182.95,58.9
2025-01-03,Warsaw to Krakow,TRK_0049,610.6,286.2,Delayed,4.2,880.95,107.8,Fog,143.11,44.7
2025-09-10,Warsaw to Krakow,TRK_0026,575.7,286.33,On-Time,4.1,871.33,43.72,Clear,0.0,58.4
2026-02-16,Warsaw to Krakow,TRK_0015,576.1,269.06,On-Time,2.9,789.65,38.21,Snow,0.0,55.8
2025-06-19,Warsaw to Krakow,TRK_0007,611.5,286.51,On-Time,4.6,851.54,118.72,Fog,0.0,54.3
2025-06-25,Krakow to Bratislava,TRK_0037,575.0,329.91,On-Time,3.6,797.76,74.28,Rain,0.0,41.8
2025-06-02,Berlin to Prague,TRK_0017,455.3,225.03,On-Time,4.3,721.97,68.47,Rain,0.0,52.1
2025-03-26,Berlin to Prague,TRK_0040,478.3,228.05,On-Time,3.0,602.16,83.47,Rain,0.0,69.8
2025-09-23,Berlin to Prague,TRK_0015,476.1,206.32,On-Time,3.6,638.93,108.01,Snow,0.0,81.8
2025-08-18,Krakow to Bratislava,TRK_0034,597.3,300.11,Delayed,2.7,694.05,25.2,Snow,122.67,33.4
2025-10-08,Krakow to Bratislava,TRK_0010,592.6,314.48,Delayed,4.3,882.75,20.97,Clear,138.28,77.6
2025-10-12,Berlin to Hamburg,TRK_0044,480.6,244.0,On-Time,3.9,721.72,104.83,Snow,0.0,77.4
2025-12-24,Hamburg to Amsterdam,TRK_0039,1118.7,523.8,Delayed,3.7,1267.22,23.39,Rain,104.12,57.4
2025-01-15,Warsaw to Krakow,TRK_0019,574.9,243.19,On-Time,4.6,802.68,67.65,Rain,0.0,72.4
2025-01-16,Berlin to Prague,TRK_0036,443.1,201.79,On-Time,4.8,589.94,118.0,Clear,0.0,27.2
2025-11-27,Zurich to Munich,TRK_0038,923.4,469.56,Delayed,4.7,1125.02,80.8,Snow,193.48,66.6
2026-01-07,Berlin to Hamburg,TRK_0041,511.7,261.89,Delayed,3.3,750.47,15.83,Fog,154.37,86.4
2025-05-18,Lyon to Milan,TRK_0044,874.3,461.65,On-Time,2.5,1143.42,44.26,Clear,0.0,85.6
2025-07-18,Prague to Vienna,TRK_0018,384.2,178.61,On-Time,4.6,457.93,70.94,Fog,0.0,54.1
2025-11-15,Berlin to Prague,TRK_0043,465.8,232.38,On-Time,3.8,792.84,22.97,Rain,0.0,30.9
2025-05-02,Amsterdam to Brussels,TRK_0019,448.5,227.87,On-Time,3.7,710.47,30.35,Rain,0.0,41.5
2025-03-13,Budapest to Bucharest,TRK_0026,644.4,327.28,Delayed,4.6,1139.69,98.51,Fog,89.82,48.4
2025-02-22,Prague to Vienna,TRK_0028,387.7,189.49,On-Time,3.3,538.29,19.69,Clear,0.0,66.5
2025-05-11,Berlin to Prague,TRK_0027,453.2,215.29,On-Time,4.5,617.08,108.71,Snow,0.0,54.6
2025-01-23,Krakow to Bratislava,TRK_0008,595.7,294.08,On-Time,3.6,947.12,70.31,Snow,0.0,41.8
2025-03-12,Amsterdam to Brussels,TRK_0020,451.8,200.85,On-Time,3.1,543.89,22.96,Rain,0.0,34.2
2026-01-10,Vienna to Budapest,TRK_0002,1140.6,631.72,On-Time,2.8,1694.58,61.03,Snow,0.0,96.9
2026-01-14,Milan to Zurich,TRK_0013,434.3,206.95,Delayed,3.0,476.69,22.64,Fog,134.73,89.3
2025-01-11,Budapest to Bucharest,TRK_0030,659.8,355.01,Delayed,4.6,936.94,49.29,Snow,153.8,41.1
2025-07-17,Lyon to Milan,TRK_0048,881.6,417.27,On-Time,2.8,1415.12,30.01,Rain,0.0,89.6
2025-04-18,Zurich to Munich,TRK_0004,933.4,444.02,On-Time,4.0,1537.81,74.93,Rain,0.0,91.0
2025-06-04,Hamburg to Amsterdam,TRK_0042,1098.0,615.3,On-Time,2.6,1958.85,33.32,Rain,0.0,49.5
2025-08-18,Amsterdam to Brussels,TRK_0045,468.2,252.23,On-Time,4.3,668.7,15.72,Rain,0.0,68.8
2025-10-29,Amsterdam to Brussels,TRK_0044,437.2,178.93,On-Time,3.6,566.75,48.72,Fog,0.0,89.4
2026-01-01,Brussels to Paris,TRK_0001,1047.5,531.5,On-Time,4.3,1585.2,23.22,Clear,0.0,96.7
2025-11-06,Hamburg to Amsterdam,TRK_0010,1063.6,552.72,On-Time,3.3,1388.1,103.22,Fog,0.0,66.0
2025-02-14,Hamburg to Amsterdam,TRK_0016,1050.3,474.44,On-Time,3.9,1556.06,111.37,Fog,0.0,79.5
2025-04-12,Krakow to Bratislava,TRK_0045,553.2,259.28,On-Time,3.5,774.62,107.95,Fog,0.0,31.4
2025-12-09,Warsaw to Krakow,TRK_0047,602.2,302.63,Delayed,4.2,905.59,45.29,Rain,215.79,90.2
2025-10-24,Prague to Vienna,TRK_0012,391.2,176.5,On-Time,3.9,597.45,51.01,Rain,0.0,72.0
2025-03-17,Berlin to Prague,TRK_0003,482.9,218.98,On-Time,3.8,503.12,15.75,Rain,0.0,41.8
2026-01-08,Brussels to Paris,TRK_0010,1083.1,615.83,On-Time,5.0,1706.93,39.89,Clear,0.0,31.6
2026-01-25,Budapest to Bucharest,TRK_0020,607.3,299.17,On-Time,4.9,755.55,50.63,Fog,0.0,46.3
2025-05-17,Lyon to Milan,TRK_0039,889.8,464.23,On-Time,3.7,1322.7,31.31,Rain,0.0,62.0
2025-11-24,Berlin to Prague,TRK_0013,443.4,193.3,Delayed,4.7,427.92,82.33,Fog,210.78,76.4
2025-03-31,Budapest to Bucharest,TRK_0016,656.3,300.58,Delayed,4.6,717.68,19.84,Fog,114.57,29.1
2025-07-12,Prague to Vienna,TRK_0049,372.1,176.33,Delayed,3.9,569.77,64.14,Fog,221.77,92.2
2025-11-09,Berlin to Prague,TRK_0027,472.8,259.25,On-Time,3.0,892.92,28.16,Clear,0.0,47.0
2026-01-29,Berlin to Hamburg,TRK_0038,485.5,254.24,Delayed,2.7,878.57,47.4,Clear,202.81,63.5
2025-03-18,Zurich to Munich,TRK_0023,962.8,398.31,On-Time,2.8,1090.43,31.91,Snow,0.0,90.4
2025-06-13,Zurich to Munich,TRK_0010,982.1,436.02,Delayed,4.0,1195.36,17.59,Snow,126.63,66.2
2025-07-11,Hamburg to Amsterdam,TRK_0003,1082.0,570.52,On-Time,2.7,1810.03,16.51,Snow,0.0,34.2
2025-01-26,Budapest to Bucharest,TRK_0049,629.7,355.6,On-Time,3.9,1162.27,49.8,Rain,0.0,53.2
2025-03-24,Milan to Zurich,TRK_0011,449.9,228.44,On-Time,4.2,598.07,83.47,Rain,0.0,74.9
2025-02-07,Vienna to Budapest,TRK_0004,1106.8,488.48,On-Time,3.0,1419.29,35.82,Clear,0.0,56.9
2025-08-28,Brussels to Paris,TRK_0020,998.5,549.9,On-Time,2.6,1572.98,105.13,Rain,0.0,37.2
2025-07-21,Budapest to Bucharest,TRK_0003,605.5,255.0,On-Time,3.0,797.45,76.41,Clear,0.0,77.2
2025-11-28,Hamburg to Amsterdam,TRK_0046,1112.0,620.73,On-Time,3.6,1596.68,59.18,Snow,0.0,77.8
2025-04-11,Warsaw to Berlin,TRK_0015,981.1,460.64,Delayed,4.2,1563.22,50.59,Clear,165.15,51.3
2025-09-20,Vienna to Budapest,TRK_0023,1091.6,567.16,On-Time,3.4,1865.8,84.68,Snow,0.0,69.7
2025-10-19,Milan to Zurich,TRK_0042,450.7,230.87,On-Time,3.0,560.79,118.88,Rain,0.0,75.9
2025-07-15,Milan to Zurich,TRK_0048,454.6,225.3,On-Time,4.1,746.24,108.6,Clear,0.0,71.6
2025-01-10,Vienna to Budapest,TRK_0024,1113.9,518.93,On-Time,4.2,1732.42,31.06,Snow,0.0,29.8
2025-04-05,Paris to Lyon,TRK_0050,1083.6,513.07,On-Time,4.7,1525.06,41.78,Clear,0.0,70.9
2025-01-23,Paris to Lyon,TRK_0008,1082.0,564.79,On-Time,3.1,1255.92,62.22,Fog,0.0,82.5
2026-02-15,Brussels to Paris,TRK_0044,1033.8,476.19,On-Time,4.5,1184.06,26.53,Fog,0.0,83.8
2025-06-08,Paris to Lyon,TRK_0039,1115.2,468.72,On-Time,4.1,1178.07,79.75,Fog,0.0,88.1
2025-06-14,Berlin to Prague,TRK_0013,463.7,231.08,On-Time,3.9,538.43,34.42,Rain,0.0,43.6
2025-01-12,Brussels to Paris,TRK_0042,994.8,452.67,On-Time,4.3,1499.94,23.78,Rain,0.0,50.1
2025-11-24,Prague to Vienna,TRK_0003,361.7,183.91,Delayed,4.2,545.97,54.06,Fog,247.06,62.7
2025-05-14,Zurich to Munich,TRK_0009,928.1,415.83,On-Time,4.3,1001.37,60.55,Rain,0.0,33.1
2025-06-04,Prague to Vienna,TRK_0038,388.9,190.89,On-Time,3.1,641.19,44.24,Snow,0.0,60.9
2025-11-29,Zurich to Munich,TRK_0038,924.1,457.93,On-Time,4.5,1514.16,79.85,Rain,0.0,25.4
2025-07-08,Milan to Zurich,TRK_0006,459.9,224.23,Delayed,3.1,596.79,90.19,Rain,81.89,41.0
